/* Generated from the supplied Reborn/Y2 visual reference at 240x180. */
#ifndef REBORN_SPLASH_BACKGROUND_H
#define REBORN_SPLASH_BACKGROUND_H
#define RB_SPLASH_BG_WIDTH 240u
#define RB_SPLASH_BG_HEIGHT 180u
static const unsigned char rb_splash_bg_rle[] = {
    0x02, 0x42, 0x00, 0x02, 0x62, 0x00, 0x02, 0x42, 0x00, 0x04, 0x62, 0x00, 0x01, 0x62, 0x08, 0x03, 0x62, 0x00, 0x02, 0x62, 0x08, 0x01, 0x62, 0x00,
    0x19, 0x62, 0x08, 0x01, 0x82, 0x08, 0x12, 0x62, 0x08, 0x02, 0x82, 0x08, 0x02, 0x62, 0x08, 0x01, 0x82, 0x08, 0x01, 0x62, 0x08, 0x04, 0x82, 0x08,
    0x02, 0x62, 0x08, 0x0b, 0x82, 0x08, 0x01, 0x83, 0x08, 0x07, 0x82, 0x08, 0x03, 0x83, 0x08, 0x0a, 0x82, 0x08, 0x01, 0x83, 0x08, 0x03, 0x82, 0x08,
    0x01, 0x83, 0x08, 0x01, 0x82, 0x08, 0x06, 0x83, 0x08, 0x01, 0x82, 0x08, 0x13, 0x83, 0x08, 0x01, 0xa3, 0x08, 0x02, 0x83, 0x08, 0x3f, 0xa3, 0x08,
    0x01, 0xa3, 0x10, 0x03, 0xc4, 0x10, 0x02, 0xc3, 0x10, 0x12, 0xc4, 0x10, 0x01, 0xe4, 0x10, 0x0c, 0xc4, 0x10, 0x02, 0x41, 0x00, 0x01, 0x42, 0x00,
    0x07, 0x62, 0x00, 0x02, 0x62, 0x08, 0x02, 0x62, 0x00, 0x02, 0x62, 0x08, 0x01, 0x62, 0x00, 0x2c, 0x62, 0x08, 0x02, 0x82, 0x08, 0x05, 0x62, 0x08,
    0x01, 0x82, 0x08, 0x04, 0x62, 0x08, 0x0f, 0x82, 0x08, 0x01, 0x83, 0x08, 0x04, 0x82, 0x08, 0x02, 0x83, 0x08, 0x0a, 0x82, 0x08, 0x01, 0x83, 0x08,
    0x05, 0x82, 0x08, 0x1e, 0x83, 0x08, 0x3a, 0xa3, 0x08, 0x01, 0xc3, 0x10, 0x01, 0xa3, 0x10, 0x03, 0xa3, 0x08, 0x01, 0xc3, 0x10, 0x02, 0xc4, 0x10,
    0x01, 0xc3, 0x10, 0x0b, 0xc4, 0x10, 0x01, 0xe4, 0x10, 0x0e, 0xc4, 0x10, 0x01, 0xe4, 0x10, 0x05, 0xc4, 0x10, 0x03, 0x41, 0x00, 0x02, 0x42, 0x00,
    0x04, 0x62, 0x00, 0x03, 0x62, 0x08, 0x01, 0x62, 0x00, 0x04, 0x62, 0x08, 0x01, 0x62, 0x00, 0x31, 0x62, 0x08, 0x01, 0x82, 0x08, 0x03, 0x62, 0x08,
    0x1a, 0x82, 0x08, 0x01, 0x83, 0x08, 0x0e, 0x82, 0x08, 0x03, 0x83, 0x08, 0x01, 0x82, 0x08, 0x12, 0x83, 0x08, 0x05, 0xa3, 0x08, 0x02, 0x83, 0x08,
    0x3a, 0xa3, 0x08, 0x01, 0xc3, 0x10, 0x02, 0xc4, 0x10, 0x03, 0xa3, 0x10, 0x01, 0xc3, 0x10, 0x22, 0xc4, 0x10, 0x03, 0x41, 0x00, 0x02, 0x42, 0x00,
    0x05, 0x62, 0x00, 0x08, 0x62, 0x08, 0x01, 0x62, 0x00, 0x29, 0x62, 0x08, 0x01, 0x82, 0x08, 0x04, 0x62, 0x08, 0x04, 0x82, 0x08, 0x01, 0x62, 0x08,
    0x03, 0x82, 0x08, 0x01, 0x62, 0x08, 0x0b, 0x82, 0x08, 0x01, 0x83, 0x08, 0x02, 0x82, 0x08, 0x01, 0x83, 0x08, 0x08, 0x82, 0x08, 0x01, 0x83, 0x08,
    0x0c, 0x82, 0x08, 0x07, 0x83, 0x08, 0x01, 0x82, 0x08, 0x10, 0x83, 0x08, 0x04, 0xa3, 0x08, 0x01, 0x83, 0x08, 0x3c, 0xa3, 0x08, 0x01, 0xc3, 0x08,
    0x02, 0xc4, 0x10, 0x01, 0xc3, 0x10, 0x01, 0xc3, 0x08, 0x01, 0xa3, 0x08, 0x01, 0xc3, 0x10, 0x0d, 0xc4, 0x10, 0x01, 0xe4, 0x10, 0x04, 0xc4, 0x10,
    0x03, 0xe4, 0x10, 0x0d, 0xc4, 0x10, 0x03, 0x41, 0x00, 0x01, 0x42, 0x00, 0x04, 0x62, 0x00, 0x01, 0x62, 0x08, 0x01, 0x62, 0x00, 0x32, 0x62, 0x08,
    0x01, 0x82, 0x08, 0x04, 0x62, 0x08, 0x04, 0x82, 0x08, 0x01, 0x62, 0x08, 0x03, 0x82, 0x08, 0x02, 0x62, 0x08, 0x0c, 0x82, 0x08, 0x03, 0x83, 0x08,
    0x06, 0x82, 0x08, 0x01, 0x83, 0x08, 0x06, 0x82, 0x08, 0x01, 0x83, 0x08, 0x07, 0x82, 0x08, 0x16, 0x83, 0x08, 0x03, 0xa3, 0x08, 0x03, 0x83, 0x08,
    0x3d, 0xa3, 0x08, 0x01, 0xa4, 0x10, 0x01, 0xc3, 0x08, 0x03, 0xa3, 0x08, 0x14, 0xc4, 0x10, 0x01, 0xe4, 0x10, 0x0e, 0xc4, 0x10, 0x04, 0x42, 0x00,
    0x04, 0x62, 0x00, 0x09, 0x62, 0x08, 0x01, 0x62, 0x00, 0x28, 0x62, 0x08, 0x02, 0x82, 0x08, 0x02, 0x62, 0x08, 0x01, 0x82, 0x08, 0x02, 0x62, 0x08,
    0x06, 0x82, 0x08, 0x03, 0x62, 0x08, 0x0d, 0x82, 0x08, 0x02, 0x83, 0x08, 0x09, 0x82, 0x08, 0x02, 0x83, 0x08, 0x01, 0x82, 0x08, 0x02, 0x83, 0x08,
    0x01, 0x82, 0x08, 0x02, 0x83, 0x08, 0x08, 0x82, 0x08, 0x13, 0x83, 0x08, 0x03, 0xa3, 0x08, 0x01, 0x83, 0x08, 0x3d, 0xa3, 0x08, 0x01, 0xc3, 0x10,
    0x01, 0xc4, 0x10, 0x01, 0xc4, 0x08, 0x01, 0xa3, 0x08, 0x01, 0xa3, 0x10, 0x01, 0xa3, 0x08, 0x01, 0xc3, 0x10, 0x23, 0xc4, 0x10, 0x08, 0x62, 0x00,
    0x04, 0x62, 0x08, 0x01, 0x62, 0x00, 0x29, 0x62, 0x08, 0x01, 0x82, 0x08, 0x02, 0x62, 0x08, 0x01, 0x82, 0x08, 0x01, 0x62, 0x08, 0x01, 0x82, 0x08,
    0x04, 0x62, 0x08, 0x08, 0x82, 0x08, 0x03, 0x62, 0x08, 0x0c, 0x82, 0x08, 0x02, 0x83, 0x08, 0x07, 0x82, 0x08, 0x04, 0x83, 0x08, 0x01, 0x82, 0x08,
    0x02, 0x83, 0x08, 0x02, 0x82, 0x08, 0x01, 0x83, 0x08, 0x01, 0x82, 0x08, 0x01, 0x83, 0x08, 0x05, 0x82, 0x08, 0x18, 0x83, 0x08, 0x3c, 0xa3, 0x08,
    0x01, 0xc3, 0x08, 0x01, 0xc4, 0x08, 0x01, 0xc3, 0x08, 0x01, 0xa4, 0x08, 0x01, 0xc4, 0x10, 0x02, 0xc3, 0x10, 0x1c, 0xc4, 0x10, 0x01, 0xe4, 0x10,
    0x05, 0xc4, 0x10, 0x02, 0xe4, 0x10, 0x06, 0x62, 0x00, 0x07, 0x62, 0x08, 0x02, 0x62, 0x00, 0x28, 0x62, 0x08, 0x01, 0x82, 0x08, 0x01, 0x62, 0x08,
    0x03, 0x82, 0x08, 0x04, 0x62, 0x08, 0x08, 0x82, 0x08, 0x03, 0x62, 0x08, 0x0b, 0x82, 0x08, 0x02, 0x83, 0x08, 0x01, 0x82, 0x08, 0x01, 0x83, 0x08,
    0x07, 0x82, 0x08, 0x04, 0x83, 0x08, 0x01, 0x82, 0x08, 0x01, 0x83, 0x08, 0x03, 0x82, 0x08, 0x05, 0x83, 0x08, 0x02, 0x82, 0x08, 0x17, 0x83, 0x08,
    0x39, 0xa3, 0x08, 0x01, 0xc3, 0x10, 0x04, 0xa3, 0x08, 0x02, 0xc4, 0x10, 0x01, 0xa3, 0x08, 0x01, 0xc3, 0x10, 0x16, 0xc4, 0x10, 0x01, 0xe4, 0x10,
    0x08, 0xc4, 0x10, 0x02, 0xe4, 0x10, 0x03, 0xc4, 0x10, 0x02, 0xe4, 0x10, 0x08, 0x62, 0x00, 0x06, 0x62, 0x08, 0x01, 0x62, 0x00, 0x04, 0x62, 0x08,
    0x01, 0x62, 0x00, 0x24, 0x62, 0x08, 0x03, 0x82, 0x08, 0x05, 0x62, 0x08, 0x06, 0x82, 0x08, 0x01, 0x62, 0x08, 0x01, 0x82, 0x08, 0x02, 0x62, 0x08,
    0x0e, 0x82, 0x08, 0x01, 0x83, 0x08, 0x01, 0x82, 0x08, 0x01, 0x83, 0x08, 0x05, 0x82, 0x08, 0x0c, 0x83, 0x08, 0x01, 0x82, 0x08, 0x03, 0x83, 0x08,
    0x01, 0x82, 0x08, 0x18, 0x83, 0x08, 0x3d, 0xa3, 0x08, 0x01, 0xc3, 0x10, 0x02, 0xc4, 0x10, 0x01, 0xa4, 0x10, 0x16, 0xc4, 0x10, 0x02, 0xe4, 0x10,
    0x08, 0xc4, 0x10, 0x06, 0xe4, 0x10, 0x02, 0x62, 0x00, 0x01, 0x62, 0x08, 0x02, 0x62, 0x00, 0x01, 0x62, 0x08, 0x02, 0x62, 0x00, 0x06, 0x62, 0x08,
    0x03, 0x62, 0x00, 0x05, 0x62, 0x08, 0x01, 0x62, 0x00, 0x1d, 0x62, 0x08, 0x02, 0x82, 0x08, 0x0a, 0x62, 0x08, 0x07, 0x82, 0x08, 0x03, 0x62, 0x08,
    0x0d, 0x82, 0x08, 0x02, 0x83, 0x08, 0x06, 0x82, 0x08, 0x04, 0x83, 0x08, 0x02, 0x82, 0x08, 0x0a, 0x83, 0x08, 0x01, 0x82, 0x08, 0x19, 0x83, 0x08,
    0x39, 0xa3, 0x08, 0x03, 0xa3, 0x10, 0x01, 0xc3, 0x10, 0x1a, 0xc4, 0x10, 0x02, 0xe4, 0x10, 0x04, 0xc4, 0x10, 0x0a, 0xe4, 0x10, 0x04, 0x62, 0x00,
    0x02, 0x62, 0x08, 0x02, 0x62, 0x00, 0x04, 0x62, 0x08, 0x04, 0x62, 0x00, 0x01, 0x62, 0x08, 0x01, 0x62, 0x00, 0x03, 0x62, 0x08, 0x01, 0x62, 0x00,
    0x1e, 0x62, 0x08, 0x02, 0x82, 0x08, 0x02, 0x62, 0x08, 0x01, 0x82, 0x08, 0x07, 0x62, 0x08, 0x07, 0x82, 0x08, 0x01, 0x62, 0x08, 0x0f, 0x82, 0x08,
    0x01, 0x83, 0x08, 0x08, 0x82, 0x08, 0x03, 0x83, 0x08, 0x03, 0x82, 0x08, 0x05, 0x83, 0x08, 0x01, 0x82, 0x08, 0x1c, 0x83, 0x08, 0x3a, 0xa3, 0x08,
    0x02, 0xc3, 0x10, 0x1b, 0xc4, 0x10, 0x01, 0xe4, 0x10, 0x03, 0xc4, 0x10, 0x08, 0xe4, 0x10, 0x02, 0xc4, 0x10, 0x03, 0xe4, 0x10, 0x05, 0x62, 0x00,
    0x01, 0x62, 0x08, 0x03, 0x62, 0x00, 0x03, 0x62, 0x08, 0x03, 0x62, 0x00, 0x02, 0x62, 0x08, 0x01, 0x62, 0x00, 0x04, 0x62, 0x08, 0x01, 0x62, 0x00,
    0x03, 0x62, 0x08, 0x01, 0x62, 0x00, 0x02, 0x62, 0x08, 0x01, 0x62, 0x00, 0x16, 0x62, 0x08, 0x01, 0x82, 0x08, 0x03, 0x62, 0x08, 0x02, 0x82, 0x08,
    0x01, 0x62, 0x08, 0x03, 0x82, 0x08, 0x02, 0x62, 0x08, 0x06, 0x82, 0x08, 0x01, 0x62, 0x08, 0x17, 0x82, 0x08, 0x02, 0x83, 0x08, 0x07, 0x82, 0x08,
    0x1f, 0x83, 0x08, 0x36, 0xa3, 0x08, 0x04, 0xc3, 0x10, 0x21, 0xc4, 0x10, 0x0f, 0xe4, 0x10, 0x09, 0x62, 0x00, 0x0b, 0x62, 0x08, 0x03, 0x62, 0x00,
    0x24, 0x62, 0x08, 0x01, 0x82, 0x08, 0x04, 0x62, 0x08, 0x04, 0x82, 0x08, 0x01, 0x62, 0x08, 0x0f, 0x82, 0x08, 0x02, 0x83, 0x08, 0x05, 0x82, 0x08,
    0x07, 0x83, 0x08, 0x01, 0x82, 0x08, 0x01, 0x83, 0x08, 0x03, 0x82, 0x08, 0x1d, 0x83, 0x08, 0x37, 0xa3, 0x08, 0x01, 0xc3, 0x10, 0x01, 0xc4, 0x10,
    0x01, 0xc4, 0x08, 0x01, 0xc3, 0x10, 0x21, 0xc4, 0x10, 0x10, 0xe4, 0x10, 0x05, 0x62, 0x00, 0x01, 0x62, 0x08, 0x05, 0x62, 0x00, 0x09, 0x62, 0x08,
    0x01, 0x62, 0x00, 0x02, 0x62, 0x08, 0x01, 0x62, 0x00, 0x1d, 0x62, 0x08, 0x02, 0x82, 0x08, 0x05, 0x62, 0x08, 0x03, 0x82, 0x08, 0x01, 0x62, 0x08,
    0x03, 0x82, 0x08, 0x02, 0x62, 0x08, 0x11, 0x82, 0x08, 0x01, 0x83, 0x08, 0x03, 0x82, 0x08, 0x0b, 0x83, 0x08, 0x01, 0x82, 0x08, 0x1e, 0x83, 0x08,
    0x37, 0xa3, 0x08, 0x01, 0xc4, 0x10, 0x02, 0xc4, 0x08, 0x22, 0xc4, 0x10, 0x03, 0xe4, 0x10, 0x01, 0xc4, 0x10, 0x0c, 0xe4, 0x10, 0x06, 0x62, 0x00,
    0x01, 0x62, 0x08, 0x01, 0x62, 0x00, 0x01, 0x62, 0x08, 0x02, 0x62, 0x00, 0x1f, 0x62, 0x08, 0x01, 0x82, 0x08, 0x03, 0x62, 0x08, 0x01, 0x82, 0x08,
    0x03, 0x62, 0x08, 0x01, 0x82, 0x08, 0x05, 0x62, 0x08, 0x03, 0x82, 0x08, 0x01, 0x62, 0x08, 0x03, 0x82, 0x08, 0x01, 0x62, 0x08, 0x04, 0x82, 0x08,
    0x02, 0x62, 0x08, 0x10, 0x82, 0x08, 0x0a, 0x83, 0x08, 0x01, 0x82, 0x08, 0x04, 0x83, 0x08, 0x01, 0x82, 0x08, 0x21, 0x83, 0x08, 0x33, 0xa3, 0x08,
    0x01, 0xc3, 0x08, 0x02, 0xc4, 0x10, 0x01, 0xc4, 0x08, 0x20, 0xc4, 0x10, 0x01, 0xe4, 0x10, 0x05, 0xc4, 0x10, 0x07, 0xe4, 0x10, 0x02, 0xe4, 0x18,
    0x03, 0xe4, 0x10, 0x03, 0x42, 0x00, 0x02, 0x62, 0x00, 0x02, 0x62, 0x08, 0x03, 0x62, 0x00, 0x25, 0x62, 0x08, 0x01, 0x82, 0x08, 0x02, 0x62, 0x08,
    0x01, 0x82, 0x08, 0x04, 0x62, 0x08, 0x01, 0x82, 0x08, 0x03, 0x62, 0x08, 0x02, 0x82, 0x08, 0x02, 0x62, 0x08, 0x16, 0x82, 0x08, 0x0b, 0x83, 0x08,
    0x01, 0x82, 0x08, 0x0a, 0x83, 0x08, 0x01, 0x82, 0x08, 0x1a, 0x83, 0x08, 0x32, 0xa3, 0x08, 0x01, 0xc3, 0x08, 0x01, 0xc3, 0x10, 0x21, 0xc4, 0x10,
    0x04, 0xe4, 0x10, 0x03, 0xc4, 0x10, 0x09, 0xe4, 0x10, 0x02, 0xe4, 0x18, 0x02, 0xe4, 0x10, 0x01, 0xe4, 0x18, 0x03, 0x42, 0x00, 0x02, 0x62, 0x00,
    0x02, 0x62, 0x08, 0x01, 0x62, 0x00, 0x01, 0x42, 0x00, 0x01, 0x62, 0x00, 0x25, 0x62, 0x08, 0x02, 0x82, 0x08, 0x01, 0x62, 0x08, 0x01, 0x82, 0x08,
    0x0d, 0x62, 0x08, 0x11, 0x82, 0x08, 0x1a, 0x83, 0x08, 0x01, 0x82, 0x08, 0x16, 0x83, 0x08, 0x35, 0xa3, 0x08, 0x01, 0xc3, 0x10, 0x1c, 0xc4, 0x10,
    0x01, 0xe4, 0x10, 0x05, 0xc4, 0x10, 0x06, 0xe4, 0x10, 0x01, 0xc4, 0x10, 0x0a, 0xe4, 0x10, 0x02, 0xe4, 0x18, 0x03, 0xe4, 0x10, 0x03, 0x42, 0x00,
    0x01, 0x62, 0x00, 0x04, 0x62, 0x08, 0x02, 0x62, 0x00, 0x1d, 0x62, 0x08, 0x01, 0x82, 0x08, 0x02, 0x62, 0x08, 0x02, 0x82, 0x08, 0x02, 0x62, 0x08,
    0x05, 0x82, 0x08, 0x0d, 0x62, 0x08, 0x11, 0x82, 0x08, 0x1a, 0x83, 0x08, 0x01, 0x82, 0x08, 0x16, 0x83, 0x08, 0x32, 0xa3, 0x08, 0x01, 0xc3, 0x08,
    0x01, 0xa3, 0x10, 0x01, 0xc3, 0x10, 0x1b, 0xc4, 0x10, 0x04, 0xe4, 0x10, 0x02, 0xc4, 0x10, 0x11, 0xe4, 0x10, 0x06, 0xe4, 0x18, 0x01, 0xe4, 0x10,
    0x03, 0x42, 0x00, 0x02, 0x62, 0x00, 0x01, 0x62, 0x08, 0x01, 0x62, 0x00, 0x22, 0x62, 0x08, 0x03, 0x82, 0x08, 0x01, 0x62, 0x08, 0x07, 0x82, 0x08,
    0x03, 0x62, 0x08, 0x01, 0x82, 0x08, 0x01, 0x62, 0x08, 0x03, 0x82, 0x08, 0x05, 0x62, 0x08, 0x0e, 0x82, 0x08, 0x03, 0x83, 0x08, 0x01, 0x82, 0x08,
    0x30, 0x83, 0x08, 0x30, 0xa3, 0x08, 0x03, 0xc3, 0x10, 0x1d, 0xc4, 0x10, 0x03, 0xe4, 0x10, 0x01, 0xc4, 0x10, 0x0f, 0xe4, 0x10, 0x02, 0xe4, 0x18,
    0x01, 0xe4, 0x10, 0x01, 0xe4, 0x18, 0x02, 0xe4, 0x10, 0x04, 0xe4, 0x18, 0x01, 0x42, 0x00, 0x06, 0x62, 0x00, 0x21, 0x62, 0x08, 0x03, 0x82, 0x08,
    0x03, 0x62, 0x08, 0x0e, 0x82, 0x08, 0x04, 0x62, 0x08, 0x04, 0x82, 0x08, 0x01, 0x62, 0x08, 0x0a, 0x82, 0x08, 0x2c, 0x83, 0x08, 0x01, 0xa3, 0x08,
    0x05, 0x83, 0x08, 0x31, 0xa3, 0x08, 0x01, 0xa3, 0x10, 0x02, 0xc3, 0x10, 0x1d, 0xc4, 0x10, 0x0c, 0xe4, 0x10, 0x02, 0xe4, 0x18, 0x03, 0xe4, 0x10,
    0x01, 0xe4, 0x18, 0x04, 0xe4, 0x10, 0x01, 0xe4, 0x18, 0x01, 0xe4, 0x10, 0x02, 0xe4, 0x18, 0x02, 0x04, 0x19, 0x02, 0xe4, 0x18, 0x06, 0x62, 0x00,
    0x22, 0x62, 0x08, 0x03, 0x82, 0x08, 0x02, 0x62, 0x08, 0x03, 0x82, 0x08, 0x02, 0x62, 0x08, 0x09, 0x82, 0x08, 0x05, 0x62, 0x08, 0x01, 0x82, 0x08,
    0x01, 0x62, 0x08, 0x10, 0x82, 0x08, 0x2f, 0x83, 0x08, 0x31, 0xa3, 0x08, 0x02, 0xc3, 0x10, 0x1d, 0xc4, 0x10, 0x12, 0xe4, 0x10, 0x01, 0xe4, 0x18,
    0x02, 0xe4, 0x10, 0x06, 0xe4, 0x18, 0x01, 0x04, 0x19, 0x03, 0xe4, 0x18, 0x06, 0x62, 0x00, 0x22, 0x62, 0x08, 0x03, 0x82, 0x08, 0x02, 0x62, 0x08,
    0x03, 0x82, 0x08, 0x01, 0x62, 0x08, 0x0e, 0x82, 0x08, 0x03, 0x62, 0x08, 0x10, 0x82, 0x08, 0x2b, 0x83, 0x08, 0x35, 0xa3, 0x08, 0x03, 0xc3, 0x10,
    0x16, 0xc4, 0x10, 0x01, 0xe4, 0x10, 0x03, 0xc4, 0x10, 0x01, 0xe4, 0x10, 0x02, 0xc4, 0x10, 0x0e, 0xe4, 0x10, 0x02, 0xe4, 0x18, 0x02, 0xe4, 0x10,
    0x0c, 0xe4, 0x18, 0x01, 0x42, 0x00, 0x04, 0x62, 0x00, 0x23, 0x62, 0x08, 0x01, 0x82, 0x08, 0x01, 0x62, 0x08, 0x02, 0x82, 0x08, 0x02, 0x62, 0x08,
    0x12, 0x82, 0x08, 0x02, 0x62, 0x08, 0x0f, 0x82, 0x08, 0x02, 0x83, 0x08, 0x01, 0x82, 0x08, 0x1f, 0x83, 0x08, 0x01, 0xa3, 0x08, 0x04, 0x83, 0x08,
    0x37, 0xa3, 0x08, 0x01, 0xc3, 0x10, 0x01, 0xa3, 0x08, 0x01, 0xc3, 0x08, 0x01, 0xc3, 0x10, 0x01, 0xa3, 0x10, 0x01, 0xa3, 0x08, 0x01, 0xc4, 0x10,
    0x01, 0xc3, 0x10, 0x14, 0xc4, 0x10, 0x05, 0xe4, 0x10, 0x02, 0xc4, 0x10, 0x0e, 0xe4, 0x10, 0x08, 0xe4, 0x18, 0x01, 0x04, 0x19, 0x07, 0xe4, 0x18,
    0x06, 0x62, 0x00, 0x22, 0x62, 0x08, 0x04, 0x82, 0x08, 0x01, 0x62, 0x08, 0x13, 0x82, 0x08, 0x01, 0x62, 0x08, 0x0f, 0x82, 0x08, 0x03, 0x83, 0x08,
    0x01, 0x82, 0x08, 0x26, 0x83, 0x08, 0x35, 0xa3, 0x08, 0x01, 0xa3, 0x10, 0x04, 0xc3, 0x08, 0x03, 0xc3, 0x10, 0x14, 0xc4, 0x10, 0x13, 0xe4, 0x10,
    0x08, 0xe4, 0x18, 0x02, 0x04, 0x19, 0x06, 0xe4, 0x18, 0x02, 0x04, 0x19, 0x01, 0x42, 0x00, 0x02, 0x62, 0x00, 0x01, 0x62, 0x08, 0x02, 0x62, 0x00,
    0x22, 0x62, 0x08, 0x03, 0x82, 0x08, 0x01, 0x62, 0x08, 0x17, 0x82, 0x08, 0x01, 0x83, 0x08, 0x06, 0x82, 0x08, 0x07, 0x83, 0x08, 0x01, 0x82, 0x08,
    0x21, 0x83, 0x08, 0x01, 0xa3, 0x08, 0x04, 0x83, 0x08, 0x39, 0xa3, 0x08, 0x01, 0xa3, 0x10, 0x01, 0xc3, 0x10, 0x04, 0xc4, 0x10, 0x01, 0xc3, 0x10,
    0x12, 0xc4, 0x10, 0x0f, 0xe4, 0x10, 0x01, 0xe4, 0x18, 0x02, 0xe4, 0x10, 0x03, 0xe4, 0x18, 0x01, 0xe4, 0x10, 0x06, 0xe4, 0x18, 0x03, 0x04, 0x19,
    0x05, 0xe4, 0x18, 0x02, 0x04, 0x19, 0x03, 0x62, 0x00, 0x22, 0x62, 0x08, 0x02, 0x82, 0x08, 0x01, 0x62, 0x08, 0x1a, 0x82, 0x08, 0x01, 0x83, 0x08,
    0x07, 0x82, 0x08, 0x05, 0x83, 0x08, 0x01, 0x82, 0x08, 0x20, 0x83, 0x08, 0x03, 0xa3, 0x08, 0x01, 0x83, 0x08, 0x3a, 0xa3, 0x08, 0x01, 0xa3, 0x10,
    0x01, 0xa3, 0x08, 0x01, 0xc3, 0x10, 0x01, 0xa3, 0x08, 0x02, 0xc3, 0x10, 0x03, 0xc4, 0x10, 0x01, 0xc3, 0x10, 0x11, 0xc4, 0x10, 0x0f, 0xe4, 0x10,
    0x02, 0xe4, 0x18, 0x01, 0x04, 0x19, 0x0a, 0xe4, 0x18, 0x05, 0x04, 0x19, 0x02, 0xe4, 0x18, 0x04, 0x04, 0x19, 0x02, 0x62, 0x00, 0x21, 0x62, 0x08,
    0x02, 0x82, 0x08, 0x04, 0x62, 0x08, 0x21, 0x82, 0x08, 0x28, 0x83, 0x08, 0x39, 0xa3, 0x08, 0x01, 0xa3, 0x10, 0x02, 0xa3, 0x08, 0x01, 0xc3, 0x10,
    0x02, 0xa3, 0x08, 0x01, 0xc3, 0x10, 0x02, 0xc4, 0x10, 0x04, 0xc3, 0x10, 0x10, 0xc4, 0x10, 0x0f, 0xe4, 0x10, 0x02, 0xe4, 0x18, 0x02, 0x04, 0x19,
    0x06, 0xe4, 0x18, 0x02, 0x04, 0x19, 0x02, 0xe4, 0x18, 0x06, 0x04, 0x19, 0x01, 0x05, 0x19, 0x04, 0x04, 0x19, 0x01, 0x62, 0x08, 0x01, 0x62, 0x00,
    0x20, 0x62, 0x08, 0x01, 0x82, 0x08, 0x01, 0x62, 0x08, 0x04, 0x82, 0x08, 0x02, 0x62, 0x08, 0x0f, 0x82, 0x08, 0x04, 0x83, 0x08, 0x09, 0x82, 0x08,
    0x01, 0x83, 0x08, 0x01, 0x82, 0x08, 0x25, 0x83, 0x08, 0x02, 0xa3, 0x08, 0x03, 0x83, 0x08, 0x03, 0xa3, 0x08, 0x02, 0x83, 0x08, 0x1c, 0xa3, 0x08,
    0x01, 0xc3, 0x10, 0x14, 0xa3, 0x08, 0x01, 0xa3, 0x10, 0x02, 0xa3, 0x08, 0x01, 0xa3, 0x10, 0x05, 0xa3, 0x08, 0x01, 0xc3, 0x08, 0x01, 0xc3, 0x10,
    0x01, 0xc4, 0x10, 0x01, 0xa3, 0x08, 0x03, 0xc3, 0x10, 0x10, 0xc4, 0x10, 0x03, 0xe4, 0x10, 0x01, 0xc4, 0x10, 0x0a, 0xe4, 0x10, 0x03, 0xe4, 0x18,
    0x01, 0x04, 0x19, 0x07, 0xe4, 0x18, 0x05, 0x04, 0x19, 0x02, 0x05, 0x19, 0x02, 0x04, 0x19, 0x01, 0x05, 0x19, 0x03, 0x04, 0x19, 0x01, 0x05, 0x19,
    0x01, 0x04, 0x19, 0x15, 0x62, 0x08, 0x01, 0x82, 0x08, 0x0f, 0x62, 0x08, 0x02, 0x82, 0x08, 0x02, 0x62, 0x08, 0x02, 0x82, 0x08, 0x01, 0x62, 0x08,
    0x0c, 0x82, 0x08, 0x05, 0x83, 0x08, 0x04, 0x82, 0x08, 0x2c, 0x83, 0x08, 0x03, 0xa3, 0x08, 0x06, 0x83, 0x08, 0x1c, 0xa3, 0x08, 0x02, 0xc3, 0x08,
    0x14, 0xa3, 0x08, 0x01, 0xa3, 0x10, 0x02, 0xa3, 0x08, 0x02, 0xa3, 0x10, 0x05, 0xa3, 0x08, 0x06, 0xc3, 0x10, 0x0e, 0xc4, 0x10, 0x0a, 0xe4, 0x10,
    0x01, 0xe4, 0x18, 0x04, 0xe4, 0x10, 0x04, 0xe4, 0x18, 0x01, 0x04, 0x19, 0x09, 0xe4, 0x18, 0x02, 0x04, 0x19, 0x03, 0x05, 0x19, 0x01, 0x04, 0x19,
    0x07, 0x05, 0x19, 0x14, 0x62, 0x08, 0x02, 0x82, 0x08, 0x12, 0x62, 0x08, 0x0c, 0x82, 0x08, 0x08, 0x83, 0x08, 0x01, 0x82, 0x08, 0x02, 0x83, 0x08,
    0x01, 0x82, 0x08, 0x09, 0x83, 0x08, 0x01, 0x82, 0x08, 0x20, 0x83, 0x08, 0x07, 0xa3, 0x08, 0x09, 0x83, 0x08, 0x16, 0xa3, 0x08, 0x02, 0xc3, 0x10,
    0x02, 0xc3, 0x08, 0x05, 0xa3, 0x08, 0x02, 0xa3, 0x10, 0x0f, 0xa3, 0x08, 0x03, 0xa3, 0x10, 0x01, 0xa3, 0x08, 0x01, 0xc4, 0x10, 0x01, 0xc3, 0x10,
    0x02, 0xa3, 0x08, 0x02, 0xc3, 0x10, 0x10, 0xc4, 0x10, 0x0b, 0xe4, 0x10, 0x02, 0xe4, 0x18, 0x02, 0xe4, 0x10, 0x07, 0xe4, 0x18, 0x04, 0x04, 0x19,
    0x04, 0xe4, 0x18, 0x02, 0x04, 0x19, 0x0c, 0x05, 0x19, 0x20, 0x62, 0x08, 0x01, 0x82, 0x08, 0x07, 0x62, 0x08, 0x0b, 0x82, 0x08, 0x31, 0x83, 0x08,
    0x01, 0xa3, 0x08, 0x01, 0x83, 0x08, 0x06, 0xa3, 0x08, 0x01, 0x83, 0x08, 0x03, 0xa3, 0x08, 0x09, 0x83, 0x08, 0x12, 0xa3, 0x08, 0x02, 0xc3, 0x10,
    0x02, 0xa3, 0x08, 0x01, 0xc3, 0x08, 0x03, 0xc4, 0x10, 0x02, 0xc3, 0x10, 0x01, 0xa3, 0x08, 0x01, 0xc3, 0x08, 0x02, 0xa3, 0x08, 0x02, 0xc3, 0x10,
    0x01, 0xa3, 0x08, 0x01, 0xa3, 0x10, 0x02, 0xa3, 0x08, 0x01, 0xc3, 0x08, 0x01, 0xc3, 0x10, 0x01, 0xa3, 0x10, 0x03, 0xa3, 0x08, 0x03, 0xa3, 0x10,
    0x01, 0xa3, 0x08, 0x01, 0xa3, 0x10, 0x01, 0xc3, 0x10, 0x01, 0xc3, 0x08, 0x04, 0xc4, 0x10, 0x02, 0xa3, 0x08, 0x01, 0xc3, 0x10, 0x11, 0xc4, 0x10,
    0x0b, 0xe4, 0x10, 0x01, 0xe4, 0x18, 0x03, 0xe4, 0x10, 0x01, 0xe4, 0x18, 0x01, 0xe4, 0x10, 0x05, 0xe4, 0x18, 0x05, 0x04, 0x19, 0x02, 0xe4, 0x18,
    0x01, 0x04, 0x19, 0x01, 0x05, 0x19, 0x01, 0x04, 0x19, 0x0c, 0x05, 0x19, 0x1c, 0x62, 0x08, 0x01, 0x82, 0x08, 0x0a, 0x62, 0x08, 0x0c, 0x82, 0x08,
    0x30, 0x83, 0x08, 0x01, 0xa3, 0x08, 0x02, 0x83, 0x08, 0x01, 0xa3, 0x08, 0x03, 0x83, 0x08, 0x08, 0xa3, 0x08, 0x07, 0x83, 0x08, 0x16, 0xa3, 0x08,
    0x01, 0xc3, 0x10, 0x03, 0xc4, 0x10, 0x02, 0xc3, 0x10, 0x02, 0xc3, 0x08, 0x03, 0xc3, 0x10, 0x01, 0xc3, 0x08, 0x01, 0xc3, 0x10, 0x01, 0xc4, 0x10,
    0x01, 0xc3, 0x10, 0x02, 0xa3, 0x10, 0x02, 0xa3, 0x08, 0x01, 0xc3, 0x10, 0x01, 0xa3, 0x08, 0x04, 0xc3, 0x10, 0x03, 0xc4, 0x10, 0x01, 0xc3, 0x10,
    0x03, 0xc4, 0x10, 0x01, 0xc3, 0x10, 0x02, 0xa3, 0x08, 0x01, 0xc3, 0x10, 0x0d, 0xc4, 0x10, 0x01, 0xe4, 0x10, 0x03, 0xc4, 0x10, 0x0b, 0xe4, 0x10,
    0x01, 0xe4, 0x18, 0x04, 0xe4, 0x10, 0x06, 0xe4, 0x18, 0x09, 0x04, 0x19, 0x0d, 0x05, 0x19, 0x16, 0x62, 0x08, 0x01, 0x82, 0x08, 0x04, 0x62, 0x08,
    0x03, 0x82, 0x08, 0x03, 0x62, 0x08, 0x13, 0x82, 0x08, 0x32, 0x83, 0x08, 0x01, 0xa3, 0x08, 0x05, 0x83, 0x08, 0x06, 0xa3, 0x08, 0x01, 0x83, 0x08,
    0x1b, 0xa3, 0x08, 0x01, 0xc3, 0x10, 0x05, 0xc4, 0x10, 0x01, 0xc3, 0x10, 0x01, 0xc3, 0x08, 0x04, 0xc4, 0x10, 0x05, 0xc3, 0x10, 0x02, 0xa3, 0x08,
    0x01, 0xc3, 0x08, 0x02, 0xa3, 0x08, 0x02, 0xc3, 0x10, 0x09, 0xc4, 0x10, 0x01, 0xc3, 0x10, 0x0f, 0xc4, 0x10, 0x12, 0xe4, 0x10, 0x05, 0xe4, 0x18,
    0x02, 0x04, 0x19, 0x01, 0xe4, 0x18, 0x02, 0x04, 0x19, 0x01, 0xe4, 0x18, 0x01, 0x04, 0x19, 0x01, 0xe4, 0x18, 0x02, 0x04, 0x19, 0x01, 0x05, 0x19,
    0x01, 0x04, 0x19, 0x08, 0x05, 0x19, 0x05, 0x25, 0x19, 0x01, 0x05, 0x19, 0x13, 0x62, 0x08, 0x04, 0x82, 0x08, 0x04, 0x62, 0x08, 0x01, 0x82, 0x08,
    0x01, 0x62, 0x08, 0x01, 0x82, 0x08, 0x01, 0x62, 0x08, 0x14, 0x82, 0x08, 0x33, 0x83, 0x08, 0x22, 0xa3, 0x08, 0x01, 0xa3, 0x10, 0x05, 0xa3, 0x08,
    0x01, 0xc3, 0x10, 0x05, 0xc4, 0x10, 0x03, 0xc3, 0x10, 0x05, 0xc4, 0x10, 0x01, 0xc3, 0x10, 0x02, 0xc4, 0x10, 0x01, 0xc3, 0x10, 0x03, 0xa3, 0x08,
    0x01, 0xa3, 0x10, 0x01, 0xc3, 0x10, 0x1a, 0xc4, 0x10, 0x0f, 0xe4, 0x10, 0x02, 0xe4, 0x18, 0x01, 0xe4, 0x10, 0x06, 0xe4, 0x18, 0x01, 0x04, 0x19,
    0x03, 0xe4, 0x18, 0x05, 0x04, 0x19, 0x01, 0x05, 0x19, 0x01, 0x04, 0x19, 0x08, 0x05, 0x19, 0x02, 0x25, 0x19, 0x02, 0x25, 0x21, 0x01, 0x25, 0x19,
    0x01, 0x05, 0x19, 0x12, 0x62, 0x08, 0x06, 0x82, 0x08, 0x05, 0x62, 0x08, 0x14, 0x82, 0x08, 0x34, 0x83, 0x08, 0x28, 0xa3, 0x08, 0x02, 0xc3, 0x10,
    0x05, 0xc4, 0x10, 0x02, 0xc3, 0x10, 0x06, 0xc4, 0x10, 0x01, 0xc3, 0x10, 0x03, 0xc4, 0x10, 0x01, 0xc3, 0x10, 0x01, 0xa3, 0x08, 0x01, 0xc3, 0x10,
    0x1a, 0xc4, 0x10, 0x11, 0xe4, 0x10, 0x02, 0xe4, 0x18, 0x01, 0xe4, 0x10, 0x05, 0xe4, 0x18, 0x04, 0x04, 0x19, 0x01, 0xe4, 0x18, 0x03, 0x04, 0x19,
    0x0a, 0x05, 0x19, 0x03, 0x25, 0x19, 0x05, 0x25, 0x21, 0x0b, 0x62, 0x08, 0x02, 0x82, 0x08, 0x01, 0x62, 0x08, 0x02, 0x82, 0x08, 0x04, 0x62, 0x08,
    0x04, 0x82, 0x08, 0x02, 0x62, 0x08, 0x0d, 0x82, 0x08, 0x03, 0x83, 0x08, 0x04, 0x82, 0x08, 0x01, 0x83, 0x08, 0x03, 0x82, 0x08, 0x17, 0x83, 0x08,
    0x01, 0x82, 0x08, 0x17, 0x83, 0x08, 0x01, 0xa3, 0x08, 0x01, 0x83, 0x08, 0x22, 0xa3, 0x08, 0x01, 0xa3, 0x10, 0x05, 0xa3, 0x08, 0x01, 0xc3, 0x08,
    0x01, 0xc4, 0x10, 0x02, 0xc3, 0x10, 0x2c, 0xc4, 0x10, 0x10, 0xe4, 0x10, 0x0b, 0xe4, 0x18, 0x02, 0x04, 0x19, 0x02, 0xe4, 0x18, 0x02, 0x04, 0x19,
    0x0a, 0x05, 0x19, 0x03, 0x25, 0x19, 0x07, 0x25, 0x21, 0x0b, 0x62, 0x08, 0x05, 0x82, 0x08, 0x03, 0x62, 0x08, 0x03, 0x82, 0x08, 0x03, 0x62, 0x08,
    0x0f, 0x82, 0x08, 0x03, 0x83, 0x08, 0x03, 0x82, 0x08, 0x30, 0x83, 0x08, 0x25, 0xa3, 0x08, 0x01, 0xc3, 0x08, 0x01, 0xa3, 0x08, 0x02, 0xa3, 0x10,
    0x03, 0xa3, 0x08, 0x02, 0xc3, 0x10, 0x01, 0xa3, 0x08, 0x01, 0xa3, 0x10, 0x01, 0xc3, 0x10, 0x2b, 0xc4, 0x10, 0x11, 0xe4, 0x10, 0x0b, 0xe4, 0x18,
    0x01, 0x04, 0x19, 0x03, 0xe4, 0x18, 0x01, 0x04, 0x19, 0x07, 0x05, 0x19, 0x02, 0x25, 0x19, 0x01, 0x05, 0x19, 0x01, 0x25, 0x19, 0x02, 0x25, 0x21,
    0x01, 0x25, 0x19, 0x07, 0x25, 0x21, 0x0b, 0x62, 0x08, 0x03, 0x82, 0x08, 0x01, 0x62, 0x08, 0x01, 0x82, 0x08, 0x03, 0x62, 0x08, 0x03, 0x82, 0x08,
    0x01, 0x62, 0x08, 0x0c, 0x82, 0x08, 0x02, 0x83, 0x08, 0x01, 0x82, 0x08, 0x01, 0x83, 0x08, 0x01, 0x82, 0x08, 0x02, 0x83, 0x08, 0x01, 0x82, 0x08,
    0x01, 0x83, 0x08, 0x02, 0x82, 0x08, 0x1b, 0x83, 0x08, 0x06, 0xa3, 0x08, 0x0e, 0x83, 0x08, 0x01, 0xa3, 0x08, 0x02, 0x83, 0x08, 0x02, 0xa3, 0x08,
    0x01, 0x83, 0x08, 0x20, 0xa3, 0x08, 0x01, 0xc3, 0x10, 0x01, 0xc3, 0x08, 0x03, 0xa3, 0x08, 0x04, 0xc3, 0x10, 0x01, 0xe4, 0x10, 0x01, 0xc4, 0x10,
    0x01, 0xa3, 0x10, 0x03, 0xc4, 0x10, 0x01, 0xc3, 0x10, 0x21, 0xc4, 0x10, 0x01, 0xe4, 0x10, 0x01, 0xc4, 0x10, 0x01, 0xe4, 0x10, 0x01, 0xc4, 0x10,
    0x12, 0xe4, 0x10, 0x03, 0xe4, 0x18, 0x01, 0x04, 0x19, 0x07, 0xe4, 0x18, 0x05, 0x04, 0x19, 0x08, 0x05, 0x19, 0x02, 0x25, 0x19, 0x0b, 0x25, 0x21,
    0x01, 0x45, 0x21, 0x03, 0x62, 0x08, 0x01, 0x82, 0x08, 0x07, 0x62, 0x08, 0x17, 0x82, 0x08, 0x27, 0x83, 0x08, 0x01, 0x21, 0x00, 0x03, 0x00, 0x00,
    0x01, 0x01, 0x00, 0x01, 0x62, 0x00, 0x01, 0xa3, 0x08, 0x09, 0x83, 0x08, 0x04, 0xa3, 0x08, 0x01, 0x83, 0x08, 0x01, 0xc4, 0x10, 0x01, 0xe4, 0x10,
    0x01, 0x83, 0x08, 0x19, 0xa3, 0x08, 0x02, 0xa3, 0x10, 0x02, 0xa3, 0x08, 0x01, 0xc3, 0x10, 0x02, 0xa3, 0x08, 0x01, 0xc3, 0x08, 0x01, 0xa3, 0x08,
    0x02, 0xc3, 0x10, 0x03, 0xa3, 0x08, 0x01, 0xc3, 0x10, 0x02, 0xc4, 0x10, 0x01, 0x83, 0x08, 0x01, 0xe6, 0x39, 0x01, 0x45, 0x21, 0x01, 0xa3, 0x08,
    0x09, 0xc4, 0x10, 0x01, 0xc4, 0x08, 0x05, 0xc4, 0x10, 0x01, 0xc4, 0x08, 0x04, 0xc4, 0x10, 0x02, 0xa4, 0x08, 0x01, 0xe4, 0x10, 0x0a, 0xc4, 0x10,
    0x18, 0xe4, 0x10, 0x04, 0xe4, 0x18, 0x02, 0x04, 0x19, 0x01, 0xe4, 0x18, 0x08, 0x04, 0x19, 0x09, 0x05, 0x19, 0x01, 0x25, 0x19, 0x0c, 0x25, 0x21,
    0x03, 0x45, 0x21, 0x04, 0x62, 0x08, 0x02, 0x82, 0x08, 0x01, 0x62, 0x08, 0x01, 0x82, 0x08, 0x03, 0x62, 0x08, 0x17, 0x82, 0x08, 0x25, 0x83, 0x08,
    0x01, 0xa3, 0x08, 0x01, 0x62, 0x00, 0x01, 0xec, 0x5a, 0x01, 0x71, 0x8c, 0x01, 0x31, 0x84, 0x01, 0x71, 0x84, 0x01, 0x30, 0x84, 0x01, 0xc7, 0x31,
    0x01, 0x42, 0x00, 0x01, 0xa3, 0x08, 0x04, 0x83, 0x08, 0x01, 0xa3, 0x08, 0x02, 0xa3, 0x10, 0x04, 0xa3, 0x08, 0x01, 0xc3, 0x10, 0x01, 0x01, 0x00,
    0x01, 0x51, 0x84, 0x01, 0xb3, 0x94, 0x01, 0x41, 0x00, 0x01, 0xc4, 0x10, 0x01, 0xc3, 0x10, 0x07, 0xa3, 0x08, 0x01, 0xa3, 0x10, 0x02, 0xc4, 0x10,
    0x01, 0xc3, 0x10, 0x05, 0xa3, 0x08, 0x01, 0xc3, 0x10, 0x01, 0xc4, 0x10, 0x01, 0xc3, 0x10, 0x01, 0xc4, 0x10, 0x01, 0xc3, 0x10, 0x02, 0xa3, 0x08,
    0x06, 0xc4, 0x10, 0x01, 0xa3, 0x08, 0x07, 0xc3, 0x10, 0x03, 0xc4, 0x10, 0x01, 0x83, 0x08, 0x01, 0xe6, 0x39, 0x01, 0x45, 0x21, 0x01, 0xa3, 0x08,
    0x09, 0xc4, 0x10, 0x01, 0x04, 0x19, 0x01, 0xa4, 0x08, 0x01, 0xc4, 0x10, 0x01, 0xc3, 0x10, 0x01, 0xc4, 0x10, 0x01, 0xa3, 0x08, 0x02, 0xe4, 0x10,
    0x02, 0xc4, 0x10, 0x01, 0x83, 0x00, 0x02, 0x45, 0x21, 0x01, 0x83, 0x00, 0x0c, 0xc4, 0x10, 0x16, 0xe4, 0x10, 0x01, 0xe4, 0x18, 0x04, 0x04, 0x19,
    0x01, 0xe4, 0x18, 0x08, 0x04, 0x19, 0x07, 0x05, 0x19, 0x02, 0x25, 0x19, 0x0c, 0x25, 0x21, 0x05, 0x45, 0x21, 0x04, 0x62, 0x08, 0x02, 0x82, 0x08,
    0x01, 0x62, 0x08, 0x01, 0x82, 0x08, 0x04, 0x62, 0x08, 0x15, 0x82, 0x08, 0x10, 0x83, 0x08, 0x02, 0xa3, 0x08, 0x01, 0x83, 0x08, 0x02, 0xa3, 0x08,
    0x11, 0x83, 0x08, 0x01, 0xa3, 0x08, 0x01, 0x21, 0x00, 0x01, 0xf7, 0xbd, 0x01, 0x59, 0xc6, 0x01, 0x10, 0x7c, 0x01, 0x71, 0x8c, 0x01, 0x75, 0xad,
    0x01, 0x3c, 0xe7, 0x01, 0x6a, 0x4a, 0x01, 0x42, 0x00, 0x01, 0xa3, 0x08, 0x02, 0x83, 0x08, 0x01, 0xa3, 0x08, 0x01, 0x62, 0x08, 0x01, 0x21, 0x00,
    0x01, 0x01, 0x00, 0x01, 0x42, 0x00, 0x03, 0xa3, 0x08, 0x01, 0xc3, 0x10, 0x01, 0x00, 0x00, 0x01, 0xd3, 0x94, 0x01, 0x55, 0xa5, 0x01, 0x00, 0x00,
    0x02, 0x21, 0x00, 0x01, 0x62, 0x00, 0x01, 0xa3, 0x10, 0x04, 0xa3, 0x08, 0x01, 0xc3, 0x10, 0x01, 0x82, 0x08, 0x01, 0x21, 0x00, 0x01, 0x01, 0x00,
    0x01, 0x62, 0x00, 0x01, 0xc3, 0x10, 0x03, 0xa3, 0x08, 0x01, 0xc3, 0x10, 0x01, 0x62, 0x00, 0x01, 0x82, 0x08, 0x01, 0x83, 0x08, 0x01, 0x01, 0x00,
    0x01, 0x83, 0x08, 0x01, 0xc4, 0x10, 0x01, 0xc3, 0x10, 0x01, 0x83, 0x08, 0x01, 0x62, 0x00, 0x01, 0xa3, 0x08, 0x02, 0x21, 0x00, 0x01, 0x83, 0x08,
    0x01, 0xc4, 0x10, 0x01, 0xa3, 0x08, 0x01, 0xc3, 0x10, 0x01, 0xc4, 0x10, 0x04, 0xc3, 0x10, 0x03, 0xc4, 0x10, 0x01, 0x83, 0x08, 0x01, 0xe7, 0x39,
    0x01, 0x45, 0x29, 0x01, 0xa3, 0x08, 0x08, 0xc4, 0x10, 0x01, 0x63, 0x00, 0x01, 0x6a, 0x7b, 0x01, 0x8a, 0x83, 0x01, 0x63, 0x00, 0x01, 0xe4, 0x18,
    0x01, 0x63, 0x00, 0x01, 0x47, 0x4a, 0x01, 0x4c, 0x9c, 0x01, 0xa3, 0x08, 0x01, 0xc4, 0x10, 0x01, 0xe4, 0x10, 0x01, 0xca, 0x8b, 0x01, 0x4c, 0xa4,
    0x01, 0x6c, 0xa4, 0x01, 0xab, 0x8b, 0x01, 0xc4, 0x10, 0x02, 0xe4, 0x10, 0x03, 0xc4, 0x10, 0x01, 0xe4, 0x10, 0x01, 0xc4, 0x10, 0x16, 0xe4, 0x10,
    0x01, 0xe4, 0x18, 0x02, 0xe4, 0x10, 0x01, 0xe4, 0x18, 0x0d, 0x04, 0x19, 0x06, 0x05, 0x19, 0x03, 0x25, 0x19, 0x0c, 0x25, 0x21, 0x06, 0x45, 0x21,
    0x03, 0x62, 0x08, 0x03, 0x82, 0x08, 0x01, 0x62, 0x08, 0x15, 0x82, 0x08, 0x01, 0x83, 0x08, 0x01, 0x82, 0x08, 0x0f, 0x83, 0x08, 0x08, 0xa3, 0x08,
    0x12, 0x83, 0x08, 0x01, 0xa3, 0x08, 0x01, 0x21, 0x00, 0x01, 0xd6, 0xb5, 0x01, 0xcf, 0x73, 0x01, 0x00, 0x00, 0x01, 0x62, 0x00, 0x01, 0x00, 0x00,
    0x01, 0x71, 0x8c, 0x01, 0x58, 0xc6, 0x01, 0x62, 0x00, 0x01, 0xa3, 0x08, 0x01, 0x83, 0x08, 0x01, 0xa3, 0x08, 0x01, 0x62, 0x00, 0x01, 0x25, 0x19,
    0x01, 0xcf, 0x73, 0x01, 0x92, 0x8c, 0x01, 0x49, 0x42, 0x01, 0x42, 0x00, 0x02, 0xa3, 0x08, 0x01, 0xc3, 0x10, 0x01, 0x21, 0x00, 0x02, 0xf3, 0x9c,
    0x01, 0x04, 0x19, 0x01, 0x31, 0x84, 0x01, 0xcf, 0x73, 0x01, 0x45, 0x21, 0x01, 0x62, 0x00, 0x01, 0xc3, 0x10, 0x02, 0xa3, 0x08, 0x01, 0xc3, 0x10,
    0x01, 0x62, 0x00, 0x01, 0x66, 0x21, 0x01, 0xf0, 0x7b, 0x01, 0x71, 0x8c, 0x01, 0x49, 0x42, 0x01, 0x62, 0x00, 0x01, 0xa3, 0x10, 0x02, 0xa3, 0x08,
    0x01, 0x82, 0x00, 0x02, 0x08, 0x3a, 0x01, 0xc7, 0x31, 0x01, 0x71, 0x8c, 0x01, 0x86, 0x29, 0x01, 0x83, 0x08, 0x01, 0xa3, 0x08, 0x01, 0xa7, 0x29,
    0x01, 0x8a, 0x4a, 0x01, 0x04, 0x19, 0x01, 0xef, 0x7b, 0x01, 0x30, 0x84, 0x01, 0xc7, 0x31, 0x01, 0x82, 0x00, 0x01, 0xc4, 0x10, 0x01, 0xc3, 0x10,
    0x03, 0xc4, 0x10, 0x02, 0xc3, 0x10, 0x03, 0xc4, 0x10, 0x01, 0x83, 0x08, 0x01, 0xe7, 0x39, 0x01, 0x65, 0x29, 0x01, 0xa3, 0x08, 0x08, 0xc4, 0x10,
    0x01, 0xc4, 0x08, 0x01, 0x25, 0x19, 0x01, 0x4e, 0xcd, 0x01, 0xe6, 0x39, 0x01, 0x83, 0x00, 0x01, 0xc3, 0x10, 0x01, 0xed, 0xc4, 0x01, 0x27, 0x42,
    0x01, 0xa4, 0x08, 0x01, 0x83, 0x00, 0x01, 0x47, 0x52, 0x01, 0xea, 0x93, 0x01, 0xa4, 0x08, 0x01, 0xe4, 0x10, 0x01, 0x0d, 0xbd, 0x01, 0x88, 0x52,
    0x01, 0x83, 0x00, 0x17, 0xe4, 0x10, 0x06, 0xe4, 0x18, 0x01, 0xe4, 0x10, 0x02, 0xe4, 0x18, 0x03, 0x04, 0x19, 0x01, 0x05, 0x19, 0x03, 0x04, 0x19,
    0x0b, 0x05, 0x19, 0x03, 0x25, 0x19, 0x0c, 0x25, 0x21, 0x07, 0x45, 0x21, 0x03, 0x62, 0x08, 0x03, 0x82, 0x08, 0x01, 0x62, 0x08, 0x14, 0x82, 0x08,
    0x11, 0x83, 0x08, 0x06, 0xa3, 0x08, 0x13, 0x83, 0x08, 0x01, 0xa3, 0x08, 0x01, 0x83, 0x08, 0x01, 0xa3, 0x08, 0x01, 0x21, 0x00, 0x01, 0xb6, 0xb5,
    0x01, 0xae, 0x73, 0x01, 0x00, 0x00, 0x01, 0x62, 0x08, 0x01, 0x00, 0x00, 0x01, 0x51, 0x84, 0x01, 0x58, 0xc6, 0x01, 0x41, 0x00, 0x01, 0xa3, 0x08,
    0x01, 0xa3, 0x10, 0x01, 0x42, 0x00, 0x01, 0xe8, 0x31, 0x01, 0xfb, 0xde, 0x01, 0xb6, 0xb5, 0x01, 0xb2, 0x8c, 0x01, 0xdb, 0xd6, 0x01, 0x51, 0x84,
    0x01, 0x42, 0x00, 0x01, 0xc3, 0x10, 0x01, 0xc4, 0x10, 0x01, 0x42, 0x00, 0x01, 0x92, 0x8c, 0x01, 0xba, 0xd6, 0x01, 0xf7, 0xbd, 0x01, 0xd3, 0x94,
    0x01, 0x96, 0xb5, 0x01, 0x5c, 0xe7, 0x01, 0x8a, 0x4a, 0x01, 0x62, 0x00, 0x02, 0xc3, 0x10, 0x01, 0x42, 0x00, 0x01, 0xcb, 0x52, 0x01, 0x3c, 0xe7,
    0x01, 0x54, 0xa5, 0x01, 0xb2, 0x94, 0x01, 0xfb, 0xde, 0x01, 0x92, 0x8c, 0x01, 0x83, 0x08, 0x02, 0xc4, 0x10, 0x01, 0x21, 0x00, 0x01, 0x71, 0x8c,
    0x01, 0x3c, 0xe7, 0x01, 0x96, 0xad, 0x01, 0xb6, 0xb5, 0x01, 0xe8, 0x39, 0x01, 0xa3, 0x08, 0x01, 0x42, 0x00, 0x01, 0x0c, 0x5b, 0x01, 0x7d, 0xef,
    0x01, 0x96, 0xad, 0x01, 0xd3, 0x94, 0x01, 0x55, 0xad, 0x01, 0x3c, 0xe7, 0x01, 0x29, 0x42, 0x01, 0x83, 0x08, 0x09, 0xc4, 0x10, 0x01, 0x83, 0x08,
    0x01, 0xe6, 0x39, 0x01, 0x45, 0x21, 0x01, 0xa3, 0x08, 0x08, 0xc4, 0x10, 0x01, 0xe4, 0x10, 0x01, 0x63, 0x00, 0x01, 0x67, 0x52, 0x01, 0xcc, 0xbc,
    0x01, 0x43, 0x00, 0x01, 0xeb, 0x93, 0x01, 0x49, 0x7b, 0x01, 0x43, 0x00, 0x01, 0xe4, 0x10, 0x01, 0xc4, 0x10, 0x01, 0xe4, 0x10, 0x01, 0xa3, 0x08,
    0x01, 0xe4, 0x10, 0x01, 0x43, 0x00, 0x01, 0xaa, 0x8b, 0x01, 0xc8, 0x62, 0x01, 0x63, 0x00, 0x11, 0xe4, 0x10, 0x05, 0xe4, 0x18, 0x02, 0x04, 0x19,
    0x01, 0xe4, 0x18, 0x03, 0x04, 0x19, 0x01, 0xe4, 0x18, 0x01, 0xe4, 0x10, 0x01, 0xe4, 0x18, 0x03, 0x04, 0x19, 0x0d, 0x05, 0x19, 0x05, 0x25, 0x19,
    0x0b, 0x25, 0x21, 0x05, 0x45, 0x21, 0x03, 0x45, 0x29, 0x01, 0x45, 0x21, 0x03, 0x62, 0x08, 0x01, 0x82, 0x08, 0x01, 0x62, 0x08, 0x18, 0x82, 0x08,
    0x0e, 0x83, 0x08, 0x07, 0xa3, 0x08, 0x12, 0x83, 0x08, 0x04, 0xa3, 0x08, 0x01, 0x41, 0x00, 0x01, 0x96, 0xad, 0x01, 0x55, 0xad, 0x01, 0x0c, 0x5b,
    0x01, 0x2c, 0x5b, 0x01, 0x10, 0x7c, 0x01, 0x9d, 0xef, 0x01, 0xec, 0x5a, 0x01, 0x41, 0x00, 0x01, 0xa3, 0x10, 0x02, 0xa3, 0x08, 0x01, 0x99, 0xce,
    0x01, 0xcf, 0x73, 0x02, 0x00, 0x00, 0x01, 0xe4, 0x18, 0x01, 0x1b, 0xdf, 0x01, 0x6a, 0x42, 0x01, 0x62, 0x00, 0x01, 0xc4, 0x10, 0x01, 0x21, 0x00,
    0x01, 0x92, 0x8c, 0x01, 0x1c, 0xe7, 0x01, 0x25, 0x21, 0x02, 0x00, 0x00, 0x01, 0x51, 0x84, 0x01, 0xba, 0xd6, 0x01, 0xa3, 0x08, 0x01, 0xa3, 0x10,
    0x01, 0xa3, 0x08, 0x01, 0x05, 0x19, 0x01, 0x3c, 0xe7, 0x01, 0xaf, 0x6b, 0x01, 0x00, 0x00, 0x01, 0x01, 0x00, 0x01, 0xc7, 0x31, 0x01, 0x7d, 0xef,
    0x01, 0xab, 0x4a, 0x01, 0x41, 0x00, 0x01, 0xe4, 0x10, 0x01, 0x42, 0x00, 0x01, 0x71, 0x84, 0x01, 0x5d, 0xef, 0x01, 0x45, 0x21, 0x01, 0x00, 0x00,
    0x01, 0xa3, 0x08, 0x01, 0xe4, 0x10, 0x01, 0x62, 0x00, 0x01, 0xec, 0x52, 0x01, 0x9d, 0xef, 0x01, 0x29, 0x3a, 0x01, 0x01, 0x00, 0x01, 0x00, 0x00,
    0x01, 0xb6, 0xb5, 0x01, 0x55, 0xa5, 0x01, 0x21, 0x00, 0x05, 0xc4, 0x10, 0x01, 0xc3, 0x10, 0x03, 0xc4, 0x10, 0x01, 0xa3, 0x08, 0x01, 0xe6, 0x39,
    0x01, 0x45, 0x29, 0x01, 0xa3, 0x08, 0x09, 0xc4, 0x10, 0x01, 0xe4, 0x10, 0x01, 0x63, 0x00, 0x01, 0xa9, 0x8b, 0x01, 0x8b, 0xac, 0x01, 0x2b, 0x9c,
    0x01, 0xc4, 0x08, 0x02, 0xc4, 0x10, 0x01, 0xe4, 0x10, 0x01, 0xc4, 0x10, 0x01, 0xe4, 0x18, 0x01, 0xa3, 0x08, 0x01, 0x85, 0x29, 0x01, 0xcd, 0xb4,
    0x01, 0x25, 0x19, 0x01, 0xc4, 0x10, 0x11, 0xe4, 0x10, 0x03, 0xe4, 0x18, 0x02, 0x04, 0x19, 0x01, 0x05, 0x19, 0x01, 0x04, 0x19, 0x01, 0xe4, 0x18,
    0x07, 0x04, 0x19, 0x08, 0x05, 0x19, 0x01, 0x04, 0x19, 0x01, 0x05, 0x19, 0x02, 0x25, 0x19, 0x02, 0x05, 0x19, 0x02, 0x25, 0x19, 0x02, 0x25, 0x21,
    0x01, 0x25, 0x19, 0x04, 0x25, 0x21, 0x02, 0x45, 0x21, 0x03, 0x25, 0x21, 0x07, 0x45, 0x21, 0x05, 0x45, 0x29, 0x02, 0x62, 0x08, 0x01, 0x82, 0x08,
    0x01, 0x62, 0x08, 0x03, 0x82, 0x08, 0x01, 0x62, 0x08, 0x15, 0x82, 0x08, 0x06, 0x83, 0x08, 0x02, 0xa3, 0x08, 0x05, 0x83, 0x08, 0x09, 0xa3, 0x08,
    0x02, 0x83, 0x08, 0x01, 0xa3, 0x08, 0x0c, 0x83, 0x08, 0x06, 0xa3, 0x08, 0x01, 0x62, 0x00, 0x01, 0xb6, 0xb5, 0x01, 0xba, 0xd6, 0x01, 0xf3, 0x9c,
    0x01, 0x59, 0xc6, 0x01, 0x9e, 0xf7, 0x01, 0x6a, 0x42, 0x01, 0x62, 0x00, 0x01, 0xc3, 0x10, 0x01, 0xa3, 0x10, 0x01, 0x62, 0x00, 0x01, 0xc7, 0x31,
    0x01, 0x7d, 0xef, 0x01, 0x96, 0xad, 0x01, 0x54, 0xa5, 0x01, 0x55, 0xad, 0x01, 0x14, 0x9d, 0x01, 0x9d, 0xef, 0x01, 0x30, 0x84, 0x01, 0x01, 0x00,
    0x01, 0xc4, 0x10, 0x01, 0x21, 0x00, 0x01, 0xf3, 0x9c, 0x01, 0x34, 0x9d, 0x01, 0x01, 0x00, 0x01, 0x04, 0x19, 0x01, 0x83, 0x08, 0x01, 0x46, 0x21,
    0x01, 0x1b, 0xdf, 0x01, 0xc7, 0x31, 0x01, 0x62, 0x08, 0x01, 0x62, 0x00, 0x01, 0xec, 0x52, 0x01, 0x1b, 0xdf, 0x01, 0xc4, 0x10, 0x01, 0xc3, 0x10,
    0x01, 0x04, 0x19, 0x01, 0x21, 0x00, 0x01, 0x34, 0x9d, 0x01, 0xf3, 0x9c, 0x01, 0x21, 0x00, 0x01, 0xe4, 0x18, 0x01, 0x42, 0x00, 0x01, 0x92, 0x8c,
    0x01, 0xb6, 0xb5, 0x01, 0x42, 0x00, 0x01, 0xe4, 0x10, 0x01, 0xc3, 0x10, 0x01, 0xc4, 0x10, 0x01, 0x62, 0x00, 0x01, 0x6d, 0x63, 0x01, 0x79, 0xce,
    0x01, 0x62, 0x00, 0x01, 0x04, 0x19, 0x01, 0x62, 0x00, 0x01, 0x72, 0x8c, 0x01, 0x96, 0xad, 0x01, 0x21, 0x00, 0x01, 0xe4, 0x10, 0x01, 0xc4, 0x10,
    0x04, 0xc3, 0x10, 0x03, 0xc4, 0x10, 0x01, 0xa3, 0x08, 0x01, 0xe6, 0x39, 0x01, 0x45, 0x29, 0x01, 0xa3, 0x08, 0x09, 0xc4, 0x10, 0x01, 0xe4, 0x10,
    0x01, 0xc4, 0x10, 0x01, 0x25, 0x19, 0x01, 0xae, 0xdd, 0x01, 0xc6, 0x39, 0x01, 0x83, 0x08, 0x01, 0xe4, 0x10, 0x02, 0xc4, 0x10, 0x01, 0xe4, 0x10,
    0x01, 0xc4, 0x08, 0x01, 0x04, 0x19, 0x01, 0xcd, 0xb4, 0x01, 0x47, 0x4a, 0x01, 0x83, 0x08, 0x0f, 0xe4, 0x10, 0x03, 0xe4, 0x18, 0x04, 0x04, 0x19,
    0x02, 0x05, 0x19, 0x09, 0x04, 0x19, 0x0a, 0x05, 0x19, 0x01, 0x25, 0x19, 0x01, 0x25, 0x21, 0x01, 0x25, 0x19, 0x09, 0x25, 0x21, 0x09, 0x45, 0x21,
    0x09, 0x45, 0x29, 0x02, 0x62, 0x08, 0x04, 0x82, 0x08, 0x04, 0x62, 0x08, 0x0c, 0x82, 0x08, 0x02, 0x83, 0x08, 0x04, 0x82, 0x08, 0x06, 0x83, 0x08,
    0x05, 0xa3, 0x08, 0x02, 0x83, 0x08, 0x0a, 0xa3, 0x08, 0x03, 0x83, 0x08, 0x02, 0xa3, 0x08, 0x02, 0x83, 0x08, 0x02, 0xa3, 0x08, 0x03, 0x83, 0x08,
    0x01, 0xa3, 0x08, 0x01, 0x83, 0x08, 0x06, 0xa3, 0x08, 0x01, 0xa3, 0x10, 0x01, 0x21, 0x00, 0x01, 0xd7, 0xb5, 0x01, 0xae, 0x73, 0x01, 0x00, 0x00,
    0x01, 0xe4, 0x10, 0x01, 0xda, 0xd6, 0x01, 0x4d, 0x63, 0x01, 0x01, 0x00, 0x01, 0xc4, 0x10, 0x01, 0xa3, 0x10, 0x01, 0x62, 0x08, 0x01, 0x86, 0x29,
    0x01, 0x5c, 0xe7, 0x01, 0x4d, 0x63, 0x01, 0x49, 0x42, 0x01, 0xab, 0x52, 0x01, 0x6a, 0x4a, 0x01, 0xe8, 0x31, 0x01, 0x66, 0x21, 0x01, 0x83, 0x08,
    0x01, 0xc3, 0x10, 0x01, 0x00, 0x00, 0x01, 0xb2, 0x94, 0x01, 0x55, 0xa5, 0x01, 0x00, 0x00, 0x01, 0xc4, 0x10, 0x01, 0x42, 0x00, 0x01, 0x86, 0x29,
    0x01, 0x5c, 0xe7, 0x01, 0xc7, 0x31, 0x01, 0x83, 0x08, 0x01, 0x42, 0x00, 0x01, 0x69, 0x42, 0x01, 0x5c, 0xe7, 0x01, 0x25, 0x19, 0x01, 0x82, 0x08,
    0x01, 0xc4, 0x10, 0x01, 0x00, 0x00, 0x01, 0x96, 0xb5, 0x01, 0xb2, 0x8c, 0x01, 0x42, 0x00, 0x01, 0x04, 0x19, 0x01, 0x21, 0x00, 0x01, 0x51, 0x84,
    0x01, 0x96, 0xad, 0x01, 0x62, 0x00, 0x01, 0xe4, 0x10, 0x01, 0xc4, 0x10, 0x01, 0xe4, 0x10, 0x01, 0x41, 0x00, 0x01, 0x0c, 0x5b, 0x01, 0x79, 0xce,
    0x01, 0xc3, 0x10, 0x01, 0xe4, 0x10, 0x01, 0x42, 0x00, 0x01, 0x51, 0x84, 0x01, 0x55, 0xa5, 0x01, 0x41, 0x00, 0x01, 0xe4, 0x10, 0x02, 0xc4, 0x10,
    0x01, 0xc3, 0x10, 0x05, 0xc4, 0x10, 0x01, 0x83, 0x08, 0x01, 0xe6, 0x39, 0x01, 0x45, 0x29, 0x01, 0xa3, 0x08, 0x0a, 0xc4, 0x10, 0x02, 0xe4, 0x10,
    0x01, 0xac, 0xb4, 0x01, 0xa6, 0x31, 0x01, 0xa4, 0x08, 0x03, 0xe4, 0x10, 0x01, 0xa3, 0x08, 0x01, 0xc4, 0x10, 0x01, 0xac, 0xac, 0x01, 0x88, 0x5a,
    0x01, 0x63, 0x00, 0x01, 0x04, 0x19, 0x0f, 0xe4, 0x10, 0x02, 0xe4, 0x18, 0x04, 0x04, 0x19, 0x06, 0x05, 0x19, 0x02, 0x04, 0x19, 0x01, 0x05, 0x19,
    0x05, 0x04, 0x19, 0x08, 0x05, 0x19, 0x01, 0x25, 0x19, 0x0b, 0x25, 0x21, 0x08, 0x45, 0x21, 0x0a, 0x45, 0x29, 0x02, 0x62, 0x08, 0x04, 0x82, 0x08,
    0x04, 0x62, 0x08, 0x0c, 0x82, 0x08, 0x03, 0x83, 0x08, 0x03, 0x82, 0x08, 0x05, 0x83, 0x08, 0x26, 0xa3, 0x08, 0x01, 0xa3, 0x10, 0x01, 0x21, 0x00,
    0x01, 0xb6, 0xb5, 0x01, 0x10, 0x7c, 0x01, 0x42, 0x00, 0x01, 0x62, 0x00, 0x01, 0x8a, 0x4a, 0x01, 0x9e, 0xf7, 0x01, 0x08, 0x3a, 0x01, 0x62, 0x00,
    0x01, 0xa3, 0x10, 0x01, 0xa3, 0x08, 0x01, 0x62, 0x08, 0x01, 0xd7, 0xb5, 0x01, 0x34, 0xa5, 0x01, 0x82, 0x08, 0x01, 0x21, 0x00, 0x01, 0x86, 0x29,
    0x01, 0x31, 0x84, 0x01, 0xe4, 0x10, 0x01, 0xa3, 0x08, 0x01, 0xc4, 0x10, 0x01, 0x21, 0x00, 0x01, 0x71, 0x8c, 0x01, 0x9e, 0xf7, 0x01, 0xaa, 0x52,
    0x01, 0x62, 0x00, 0x01, 0xe4, 0x18, 0x01, 0xf7, 0xbd, 0x01, 0x17, 0xbe, 0x01, 0x83, 0x08, 0x01, 0xc3, 0x10, 0x01, 0xa3, 0x08, 0x01, 0xa3, 0x10,
    0x01, 0xba, 0xd6, 0x01, 0x55, 0xa5, 0x01, 0xc4, 0x10, 0x01, 0x83, 0x08, 0x01, 0x6d, 0x6b, 0x01, 0x9d, 0xef, 0x01, 0xe8, 0x31, 0x01, 0x82, 0x08,
    0x01, 0xe4, 0x10, 0x01, 0x21, 0x00, 0x01, 0xb2, 0x8c, 0x01, 0xb6, 0xb5, 0x01, 0x42, 0x00, 0x02, 0xc4, 0x10, 0x01, 0xe4, 0x10, 0x01, 0x42, 0x00,
    0x01, 0x2c, 0x5b, 0x01, 0x9a, 0xce, 0x01, 0xa3, 0x08, 0x01, 0xe4, 0x10, 0x01, 0x21, 0x00, 0x01, 0x51, 0x84, 0x01, 0x96, 0xad, 0x01, 0x42, 0x00,
    0x01, 0xe4, 0x10, 0x08, 0xc4, 0x10, 0x01, 0x83, 0x08, 0x01, 0xe6, 0x39, 0x01, 0x45, 0x29, 0x01, 0xa3, 0x08, 0x06, 0xc4, 0x10, 0x04, 0xe4, 0x10,
    0x02, 0xc4, 0x10, 0x01, 0x0d, 0xbd, 0x01, 0xc6, 0x39, 0x01, 0xa4, 0x08, 0x03, 0xe4, 0x10, 0x01, 0x04, 0x19, 0x01, 0x0a, 0x9c, 0x01, 0x87, 0x5a,
    0x01, 0x63, 0x00, 0x01, 0x04, 0x19, 0x0e, 0xe4, 0x10, 0x02, 0xe4, 0x18, 0x03, 0x04, 0x19, 0x01, 0x05, 0x19, 0x01, 0x04, 0x19, 0x09, 0x05, 0x19,
    0x01, 0x04, 0x19, 0x01, 0x05, 0x19, 0x05, 0x04, 0x19, 0x06, 0x05, 0x19, 0x01, 0x25, 0x19, 0x0b, 0x25, 0x21, 0x09, 0x45, 0x21, 0x0a, 0x45, 0x29,
    0x01, 0x62, 0x08, 0x04, 0x82, 0x08, 0x01, 0x62, 0x08, 0x0f, 0x82, 0x08, 0x02, 0x83, 0x08, 0x02, 0x82, 0x08, 0x07, 0x83, 0x08, 0x1f, 0xa3, 0x08,
    0x01, 0x83, 0x08, 0x07, 0xa3, 0x08, 0x01, 0xa3, 0x10, 0x01, 0x42, 0x00, 0x01, 0x75, 0xad, 0x01, 0xaf, 0x73, 0x01, 0x21, 0x00, 0x01, 0xc4, 0x10,
    0x01, 0x21, 0x00, 0x01, 0xb2, 0x94, 0x01, 0xf7, 0xbd, 0x02, 0xa3, 0x08, 0x01, 0xc3, 0x10, 0x01, 0x83, 0x08, 0x01, 0x25, 0x19, 0x01, 0x95, 0xad,
    0x01, 0xba, 0xd6, 0x01, 0x58, 0xc6, 0x01, 0xda, 0xd6, 0x01, 0x92, 0x8c, 0x01, 0xc4, 0x10, 0x01, 0xa3, 0x08, 0x01, 0xc4, 0x10, 0x01, 0x42, 0x00,
    0x01, 0x92, 0x8c, 0x01, 0x96, 0xb5, 0x01, 0x34, 0xa5, 0x01, 0x38, 0xc6, 0x01, 0xba, 0xd6, 0x01, 0xf7, 0xbd, 0x01, 0x86, 0x21, 0x01, 0x83, 0x08,
    0x02, 0xc4, 0x10, 0x01, 0x83, 0x08, 0x01, 0x86, 0x29, 0x01, 0x18, 0xbe, 0x01, 0xba, 0xd6, 0x01, 0x79, 0xce, 0x01, 0xda, 0xd6, 0x01, 0xcb, 0x52,
    0x01, 0x83, 0x08, 0x01, 0xc4, 0x10, 0x01, 0xe4, 0x10, 0x01, 0x42, 0x00, 0x01, 0x51, 0x84, 0x01, 0x34, 0xa5, 0x01, 0x42, 0x00, 0x02, 0xc4, 0x10,
    0x01, 0xe4, 0x10, 0x01, 0x62, 0x00, 0x01, 0x0c, 0x5b, 0x01, 0xf7, 0xbd, 0x01, 0x83, 0x08, 0x01, 0xc4, 0x10, 0x01, 0x41, 0x00, 0x01, 0x30, 0x84,
    0x01, 0x14, 0x9d, 0x01, 0x42, 0x00, 0x01, 0xe4, 0x10, 0x08, 0xc4, 0x10, 0x01, 0xa3, 0x08, 0x01, 0xe6, 0x39, 0x01, 0x45, 0x29, 0x01, 0xa3, 0x08,
    0x06, 0xc4, 0x10, 0x06, 0xe4, 0x10, 0x01, 0x8b, 0xac, 0x01, 0x85, 0x31, 0x01, 0xc4, 0x08, 0x01, 0xe4, 0x18, 0x01, 0x04, 0x19, 0x01, 0x83, 0x08,
    0x01, 0x29, 0x73, 0x01, 0x8e, 0xd5, 0x01, 0xc9, 0x8b, 0x01, 0x0a, 0x9c, 0x01, 0x6b, 0xac, 0x01, 0xa8, 0x62, 0x01, 0xa4, 0x08, 0x01, 0xe4, 0x18,
    0x05, 0xe4, 0x10, 0x07, 0xe4, 0x18, 0x04, 0x04, 0x19, 0x0e, 0x05, 0x19, 0x04, 0x04, 0x19, 0x02, 0x05, 0x19, 0x01, 0x25, 0x19, 0x01, 0x25, 0x21,
    0x02, 0x25, 0x19, 0x0b, 0x25, 0x21, 0x09, 0x45, 0x21, 0x04, 0x45, 0x29, 0x01, 0x46, 0x29, 0x05, 0x45, 0x29, 0x01, 0x66, 0x29, 0x16, 0x82, 0x08,
    0x01, 0x83, 0x08, 0x03, 0x82, 0x08, 0x05, 0x83, 0x08, 0x2a, 0xa3, 0x08, 0x01, 0x04, 0x19, 0x01, 0xc4, 0x10, 0x01, 0x83, 0x08, 0x03, 0xa3, 0x08,
    0x01, 0x45, 0x21, 0x01, 0xc4, 0x10, 0x01, 0xa3, 0x08, 0x02, 0xa3, 0x10, 0x01, 0x83, 0x08, 0x01, 0x42, 0x00, 0x01, 0xc7, 0x31, 0x01, 0x6a, 0x4a,
    0x01, 0x45, 0x21, 0x01, 0x21, 0x00, 0x04, 0xa3, 0x08, 0x01, 0x25, 0x19, 0x01, 0xe4, 0x10, 0x01, 0x83, 0x08, 0x01, 0x29, 0x42, 0x01, 0xe8, 0x31,
    0x01, 0x62, 0x00, 0x01, 0x83, 0x08, 0x01, 0xc4, 0x10, 0x02, 0xa3, 0x10, 0x01, 0xc3, 0x10, 0x01, 0x82, 0x08, 0x01, 0x83, 0x08, 0x01, 0x08, 0x3a,
    0x01, 0x69, 0x42, 0x01, 0xe4, 0x18, 0x01, 0x62, 0x00, 0x03, 0xc4, 0x10, 0x01, 0xc3, 0x10, 0x01, 0x04, 0x19, 0x01, 0x05, 0x19, 0x01, 0xc3, 0x10,
    0x03, 0xc4, 0x10, 0x01, 0xc3, 0x10, 0x01, 0xe4, 0x10, 0x01, 0x25, 0x19, 0x01, 0xc3, 0x10, 0x02, 0xc4, 0x10, 0x02, 0x05, 0x19, 0x01, 0xc3, 0x10,
    0x09, 0xc4, 0x10, 0x01, 0xa3, 0x08, 0x01, 0xe6, 0x39, 0x01, 0x65, 0x29, 0x01, 0xc4, 0x08, 0x01, 0xe4, 0x10, 0x02, 0xc4, 0x10, 0x01, 0xe4, 0x10,
    0x02, 0xc4, 0x10, 0x06, 0xe4, 0x10, 0x01, 0x25, 0x21, 0x01, 0x04, 0x19, 0x04, 0xe4, 0x10, 0x01, 0x25, 0x21, 0x01, 0x65, 0x21, 0x01, 0x85, 0x29,
    0x01, 0x65, 0x29, 0x01, 0x85, 0x29, 0x01, 0x25, 0x21, 0x03, 0xe4, 0x10, 0x02, 0xe4, 0x18, 0x01, 0xe4, 0x10, 0x02, 0xe4, 0x18, 0x02, 0x04, 0x19,
    0x01, 0xe4, 0x18, 0x08, 0x04, 0x19, 0x13, 0x05, 0x19, 0x01, 0x25, 0x19, 0x0b, 0x25, 0x21, 0x0d, 0x45, 0x21, 0x04, 0x45, 0x29, 0x01, 0x46, 0x29,
    0x02, 0x45, 0x29, 0x01, 0x66, 0x29, 0x01, 0x45, 0x29, 0x01, 0x66, 0x29, 0x05, 0x82, 0x08, 0x01, 0x83, 0x08, 0x10, 0x82, 0x08, 0x08, 0x83, 0x08,
    0x2b, 0xa3, 0x08, 0x01, 0x83, 0x08, 0x03, 0xa3, 0x08, 0x02, 0xa3, 0x10, 0x01, 0x83, 0x08, 0x01, 0xa3, 0x08, 0x01, 0xa3, 0x10, 0x02, 0xa3, 0x08,
    0x01, 0xa3, 0x10, 0x01, 0xc3, 0x10, 0x01, 0x82, 0x08, 0x01, 0x62, 0x00, 0x01, 0x83, 0x08, 0x01, 0xc4, 0x10, 0x01, 0xa3, 0x10, 0x02, 0xa3, 0x08,
    0x01, 0xa3, 0x10, 0x02, 0xa3, 0x08, 0x01, 0xc3, 0x10, 0x02, 0x62, 0x00, 0x01, 0xa3, 0x10, 0x01, 0xc3, 0x10, 0x01, 0xa3, 0x10, 0x01, 0xc3, 0x10,
    0x01, 0xa3, 0x10, 0x01, 0xc3, 0x10, 0x02, 0xc4, 0x10, 0x01, 0x62, 0x08, 0x01, 0x62, 0x00, 0x01, 0xa3, 0x10, 0x01, 0xe4, 0x10, 0x01, 0xc3, 0x10,
    0x03, 0xc4, 0x10, 0x01, 0xa3, 0x10, 0x01, 0xa3, 0x08, 0x05, 0xc4, 0x10, 0x01, 0xc3, 0x10, 0x01, 0xa3, 0x10, 0x03, 0xc4, 0x10, 0x01, 0xc3, 0x10,
    0x01, 0xa3, 0x08, 0x09, 0xc4, 0x10, 0x01, 0xe4, 0x10, 0x01, 0xa3, 0x08, 0x01, 0xc6, 0x39, 0x01, 0x45, 0x21, 0x03, 0xc4, 0x10, 0x01, 0xe4, 0x10,
    0x01, 0xc4, 0x10, 0x0a, 0xe4, 0x10, 0x02, 0xe4, 0x18, 0x03, 0xe4, 0x10, 0x04, 0xc4, 0x10, 0x01, 0xe4, 0x10, 0x03, 0xe4, 0x18, 0x01, 0x04, 0x19,
    0x03, 0xe4, 0x18, 0x07, 0x04, 0x19, 0x0f, 0x05, 0x19, 0x04, 0x25, 0x19, 0x04, 0x05, 0x19, 0x01, 0x25, 0x19, 0x06, 0x25, 0x21, 0x01, 0x45, 0x21,
    0x03, 0x25, 0x21, 0x0b, 0x45, 0x21, 0x01, 0x45, 0x29, 0x01, 0x45, 0x21, 0x08, 0x45, 0x29, 0x03, 0x66, 0x29, 0x01, 0x65, 0x29, 0x16, 0x82, 0x08,
    0x09, 0x83, 0x08, 0x28, 0xa3, 0x08, 0x01, 0xa3, 0x10, 0x01, 0xa3, 0x08, 0x09, 0xa3, 0x10, 0x01, 0xa3, 0x08, 0x03, 0xa3, 0x10, 0x03, 0xc3, 0x10,
    0x05, 0xa3, 0x10, 0x05, 0xc3, 0x10, 0x03, 0xa3, 0x10, 0x05, 0xc3, 0x10, 0x06, 0xc4, 0x10, 0x02, 0xc3, 0x10, 0x19, 0xc4, 0x10, 0x02, 0xe4, 0x10,
    0x03, 0xc4, 0x10, 0x0d, 0xe4, 0x10, 0x05, 0xe4, 0x18, 0x0c, 0x04, 0x19, 0x02, 0x05, 0x19, 0x03, 0x04, 0x19, 0x0b, 0x05, 0x19, 0x06, 0x25, 0x19,
    0x01, 0x25, 0x21, 0x02, 0x25, 0x19, 0x08, 0x25, 0x21, 0x06, 0x45, 0x21, 0x01, 0x25, 0x21, 0x03, 0x45, 0x21, 0x04, 0x46, 0x21, 0x05, 0x45, 0x21,
    0x09, 0x45, 0x29, 0x04, 0x66, 0x29, 0x16, 0x82, 0x08, 0x07, 0x83, 0x08, 0x08, 0xa3, 0x08, 0x01, 0xa3, 0x10, 0x1d, 0xa3, 0x08, 0x10, 0xa3, 0x10,
    0x01, 0xa3, 0x08, 0x04, 0xa3, 0x10, 0x06, 0xc3, 0x10, 0x02, 0xa3, 0x10, 0x10, 0xc3, 0x10, 0x03, 0xc4, 0x10, 0x01, 0xc3, 0x10, 0x17, 0xc4, 0x10,
    0x01, 0xe4, 0x10, 0x02, 0xc4, 0x10, 0x10, 0xe4, 0x10, 0x05, 0xe4, 0x18, 0x0a, 0x04, 0x19, 0x0b, 0x05, 0x19, 0x07, 0x25, 0x19, 0x08, 0x25, 0x21,
    0x01, 0x45, 0x21, 0x01, 0x25, 0x21, 0x01, 0x05, 0x19, 0x06, 0x25, 0x21, 0x02, 0x45, 0x21, 0x01, 0x46, 0x21, 0x07, 0x45, 0x21, 0x01, 0x46, 0x21,
    0x01, 0x46, 0x29, 0x01, 0x46, 0x21, 0x02, 0x46, 0x29, 0x01, 0x45, 0x29, 0x02, 0x45, 0x21, 0x06, 0x45, 0x29, 0x08, 0x66, 0x29, 0x16, 0x82, 0x08,
    0x06, 0x83, 0x08, 0x08, 0xa3, 0x08, 0x02, 0xa3, 0x10, 0x1a, 0xa3, 0x08, 0x04, 0xa3, 0x10, 0x02, 0xc3, 0x10, 0x03, 0xa3, 0x10, 0x02, 0xc3, 0x10,
    0x05, 0xa3, 0x10, 0x01, 0xc3, 0x10, 0x02, 0xa3, 0x10, 0x01, 0xa3, 0x08, 0x03, 0xa3, 0x10, 0x06, 0xc3, 0x10, 0x03, 0xa3, 0x10, 0x0a, 0xc3, 0x10,
    0x01, 0xc4, 0x10, 0x01, 0xc3, 0x10, 0x01, 0xc4, 0x10, 0x03, 0xc3, 0x10, 0x1a, 0xc4, 0x10, 0x0e, 0xe4, 0x10, 0x02, 0xe4, 0x18, 0x02, 0xe4, 0x10,
    0x07, 0xe4, 0x18, 0x07, 0x04, 0x19, 0x0d, 0x05, 0x19, 0x03, 0x25, 0x19, 0x02, 0x25, 0x21, 0x02, 0x25, 0x19, 0x07, 0x25, 0x21, 0x01, 0x45, 0x21,
    0x01, 0x86, 0x29, 0x01, 0x28, 0x4a, 0x01, 0x8a, 0x5a, 0x01, 0x28, 0x4a, 0x01, 0x25, 0x21, 0x01, 0x45, 0x21, 0x03, 0x25, 0x21, 0x03, 0x45, 0x21,
    0x01, 0x46, 0x21, 0x07, 0x45, 0x21, 0x01, 0x46, 0x21, 0x02, 0x46, 0x29, 0x02, 0x66, 0x29, 0x01, 0x46, 0x29, 0x01, 0x45, 0x21, 0x06, 0x45, 0x29,
    0x09, 0x66, 0x29, 0x07, 0x82, 0x08, 0x01, 0x83, 0x08, 0x06, 0x82, 0x08, 0x03, 0x83, 0x08, 0x02, 0x82, 0x08, 0x0a, 0x83, 0x08, 0x06, 0xa3, 0x08,
    0x04, 0xa3, 0x10, 0x11, 0xa3, 0x08, 0x02, 0xa3, 0x10, 0x03, 0xa3, 0x08, 0x04, 0xa3, 0x10, 0x0b, 0xc3, 0x10, 0x01, 0xa3, 0x10, 0x01, 0xc3, 0x10,
    0x08, 0xa3, 0x10, 0x12, 0xc3, 0x10, 0x04, 0xc4, 0x10, 0x01, 0xc3, 0x10, 0x17, 0xc4, 0x10, 0x10, 0xe4, 0x10, 0x03, 0xe4, 0x18, 0x01, 0x04, 0x19,
    0x01, 0xe4, 0x18, 0x01, 0x04, 0x19, 0x03, 0xe4, 0x18, 0x02, 0x04, 0x19, 0x02, 0xe4, 0x18, 0x05, 0x04, 0x19, 0x08, 0x05, 0x19, 0x0a, 0x25, 0x19,
    0x0c, 0x25, 0x21, 0x01, 0x45, 0x21, 0x01, 0x46, 0x21, 0x01, 0x66, 0x29, 0x01, 0xc7, 0x39, 0x01, 0x8a, 0x62, 0x01, 0x2f, 0x9c, 0x01, 0xad, 0x83,
    0x0d, 0x45, 0x21, 0x01, 0x45, 0x29, 0x02, 0x46, 0x29, 0x05, 0x66, 0x29, 0x01, 0x46, 0x29, 0x01, 0x66, 0x29, 0x01, 0x46, 0x29, 0x02, 0x45, 0x29,
    0x08, 0x66, 0x29, 0x01, 0x66, 0x31, 0x02, 0x66, 0x29, 0x02, 0x82, 0x08, 0x06, 0x83, 0x08, 0x04, 0x82, 0x08, 0x04, 0x83, 0x08, 0x02, 0x82, 0x08,
    0x07, 0x83, 0x08, 0x02, 0xa3, 0x08, 0x02, 0x83, 0x08, 0x07, 0xa3, 0x08, 0x04, 0xa3, 0x10, 0x02, 0xa3, 0x08, 0x06, 0xa3, 0x10, 0x01, 0xa3, 0x08,
    0x03, 0xa3, 0x10, 0x02, 0xa3, 0x08, 0x01, 0xa3, 0x10, 0x01, 0xa3, 0x08, 0x02, 0xa3, 0x10, 0x01, 0xa3, 0x08, 0x02, 0xa3, 0x10, 0x12, 0xc3, 0x10,
    0x02, 0xa3, 0x10, 0x01, 0xc3, 0x10, 0x02, 0xa3, 0x10, 0x05, 0xc3, 0x10, 0x02, 0xc4, 0x10, 0x05, 0xc3, 0x10, 0x01, 0xc4, 0x10, 0x03, 0xc3, 0x10,
    0x01, 0xa3, 0x10, 0x02, 0xc3, 0x10, 0x0a, 0xc4, 0x10, 0x05, 0xe4, 0x10, 0x02, 0xc4, 0x10, 0x03, 0xe4, 0x10, 0x01, 0xc4, 0x10, 0x01, 0xe4, 0x10,
    0x01, 0xc4, 0x10, 0x01, 0xe4, 0x10, 0x04, 0xc4, 0x10, 0x01, 0xe4, 0x10, 0x02, 0xc4, 0x10, 0x01, 0xe4, 0x10, 0x01, 0xc4, 0x10, 0x08, 0xe4, 0x10,
    0x02, 0xe4, 0x18, 0x01, 0xe4, 0x10, 0x04, 0xe4, 0x18, 0x0b, 0x04, 0x19, 0x07, 0x05, 0x19, 0x02, 0x25, 0x19, 0x02, 0x05, 0x19, 0x02, 0x25, 0x19,
    0x01, 0x25, 0x21, 0x05, 0x25, 0x19, 0x0e, 0x25, 0x21, 0x02, 0x45, 0x21, 0x01, 0x46, 0x21, 0x01, 0x66, 0x29, 0x01, 0x86, 0x31, 0x01, 0x28, 0x4a,
    0x01, 0xad, 0x8b, 0x01, 0x52, 0xcd, 0x01, 0x6c, 0x7b, 0x01, 0x25, 0x21, 0x01, 0x66, 0x29, 0x01, 0x45, 0x21, 0x01, 0x45, 0x29, 0x03, 0x45, 0x21,
    0x02, 0x46, 0x29, 0x01, 0x45, 0x29, 0x04, 0x46, 0x29, 0x0f, 0x66, 0x29, 0x02, 0x66, 0x31, 0x01, 0x86, 0x31, 0x04, 0x66, 0x31, 0x02, 0x82, 0x08,
    0x07, 0x83, 0x08, 0x03, 0x82, 0x08, 0x0d, 0x83, 0x08, 0x0b, 0xa3, 0x08, 0x0d, 0xa3, 0x10, 0x02, 0xa3, 0x08, 0x06, 0xa3, 0x10, 0x0d, 0xc3, 0x10,
    0x06, 0xc4, 0x10, 0x01, 0xc3, 0x10, 0x02, 0xc4, 0x10, 0x03, 0xc3, 0x10, 0x01, 0xa3, 0x10, 0x07, 0xc3, 0x10, 0x03, 0xc4, 0x10, 0x01, 0xc3, 0x10,
    0x01, 0xc4, 0x10, 0x01, 0xc3, 0x10, 0x01, 0xc4, 0x10, 0x03, 0xc3, 0x10, 0x01, 0x04, 0x19, 0x01, 0xe4, 0x18, 0x01, 0xc4, 0x10, 0x01, 0xc3, 0x10,
    0x01, 0xe4, 0x10, 0x01, 0x04, 0x19, 0x01, 0xe4, 0x10, 0x02, 0xc4, 0x10, 0x01, 0x04, 0x19, 0x01, 0x05, 0x19, 0x01, 0xe4, 0x10, 0x01, 0xc4, 0x10,
    0x01, 0xe4, 0x10, 0x01, 0xc4, 0x10, 0x07, 0xe4, 0x10, 0x02, 0x04, 0x19, 0x01, 0xc4, 0x10, 0x02, 0xe4, 0x10, 0x01, 0x04, 0x19, 0x01, 0x25, 0x19,
    0x01, 0xe4, 0x10, 0x02, 0xc4, 0x10, 0x02, 0x05, 0x19, 0x03, 0xe4, 0x10, 0x01, 0x05, 0x19, 0x03, 0xe4, 0x10, 0x01, 0x05, 0x19, 0x01, 0x25, 0x21,
    0x01, 0x04, 0x19, 0x01, 0xe4, 0x18, 0x01, 0x04, 0x19, 0x01, 0x25, 0x19, 0x01, 0x04, 0x19, 0x01, 0xe4, 0x18, 0x0c, 0x04, 0x19, 0x07, 0x05, 0x19,
    0x06, 0x25, 0x19, 0x02, 0x25, 0x21, 0x04, 0x25, 0x19, 0x0b, 0x25, 0x21, 0x08, 0x45, 0x21, 0x01, 0x86, 0x29, 0x01, 0xe8, 0x41, 0x01, 0xeb, 0x6a,
    0x01, 0x4f, 0xa4, 0x01, 0x90, 0xb4, 0x01, 0xe7, 0x41, 0x01, 0x45, 0x21, 0x01, 0x66, 0x29, 0x04, 0x45, 0x29, 0x01, 0x46, 0x29, 0x12, 0x66, 0x29,
    0x01, 0x66, 0x31, 0x02, 0x66, 0x29, 0x01, 0x66, 0x31, 0x06, 0x86, 0x31, 0x0a, 0x83, 0x08, 0x01, 0x82, 0x08, 0x01, 0x83, 0x08, 0x01, 0x82, 0x08,
    0x0c, 0x83, 0x08, 0x0c, 0xa3, 0x08, 0x0d, 0xa3, 0x10, 0x01, 0xa3, 0x08, 0x06, 0xa3, 0x10, 0x08, 0xc3, 0x10, 0x01, 0xc4, 0x10, 0x05, 0xc3, 0x10,
    0x09, 0xc4, 0x10, 0x04, 0xc3, 0x10, 0x02, 0xc4, 0x10, 0x01, 0xc3, 0x10, 0x01, 0xc4, 0x10, 0x01, 0xc3, 0x10, 0x01, 0xc4, 0x10, 0x01, 0xa3, 0x10,
    0x01, 0x05, 0x19, 0x01, 0x66, 0x21, 0x01, 0xa3, 0x08, 0x01, 0xe4, 0x10, 0x01, 0xc3, 0x10, 0x01, 0xa7, 0x29, 0x01, 0xe4, 0x10, 0x01, 0xa3, 0x10,
    0x01, 0x04, 0x19, 0x01, 0x29, 0x3a, 0x01, 0x25, 0x19, 0x02, 0xc3, 0x10, 0x01, 0x66, 0x21, 0x01, 0x4a, 0x42, 0x01, 0x05, 0x19, 0x02, 0xc4, 0x10,
    0x01, 0x08, 0x3a, 0x01, 0x86, 0x29, 0x02, 0xc4, 0x10, 0x01, 0x46, 0x21, 0x01, 0x49, 0x42, 0x01, 0x66, 0x29, 0x01, 0x25, 0x19, 0x05, 0xe4, 0x10,
    0x01, 0xc7, 0x31, 0x01, 0xe8, 0x31, 0x01, 0x66, 0x21, 0x01, 0xe4, 0x10, 0x01, 0xe4, 0x18, 0x01, 0x09, 0x3a, 0x01, 0xa7, 0x29, 0x02, 0xc4, 0x10,
    0x01, 0x25, 0x19, 0x01, 0x4a, 0x42, 0x01, 0x66, 0x29, 0x01, 0xe4, 0x10, 0x01, 0xc3, 0x10, 0x01, 0x66, 0x21, 0x01, 0x49, 0x42, 0x01, 0xa7, 0x29,
    0x01, 0xc4, 0x10, 0x01, 0xc3, 0x10, 0x02, 0x08, 0x3a, 0x01, 0x05, 0x19, 0x01, 0x04, 0x19, 0x01, 0x25, 0x19, 0x01, 0x29, 0x42, 0x01, 0x08, 0x3a,
    0x0c, 0x04, 0x19, 0x0a, 0x05, 0x19, 0x02, 0x25, 0x19, 0x0d, 0x25, 0x21, 0x0e, 0x45, 0x21, 0x01, 0x86, 0x31, 0x01, 0xe7, 0x39, 0x01, 0x49, 0x52,
    0x01, 0x8c, 0x83, 0x01, 0xf1, 0xbc, 0x01, 0x2b, 0x73, 0x01, 0x25, 0x21, 0x02, 0x66, 0x29, 0x02, 0x45, 0x29, 0x01, 0x46, 0x29, 0x10, 0x66, 0x29,
    0x04, 0x86, 0x31, 0x02, 0x66, 0x31, 0x07, 0x86, 0x31, 0x1a, 0x83, 0x08, 0x0b, 0xa3, 0x08, 0x03, 0xa3, 0x10, 0x05, 0xc3, 0x10, 0x01, 0xa3, 0x10,
    0x03, 0xc3, 0x10, 0x08, 0xa3, 0x10, 0x08, 0xc3, 0x10, 0x10, 0xc4, 0x10, 0x05, 0xc3, 0x10, 0x04, 0xc4, 0x10, 0x01, 0xa3, 0x10, 0x01, 0x25, 0x19,
    0x01, 0xc8, 0x31, 0x01, 0xc3, 0x10, 0x01, 0xc4, 0x10, 0x01, 0xc3, 0x10, 0x01, 0x08, 0x3a, 0x01, 0x04, 0x19, 0x01, 0xa3, 0x10, 0x01, 0xe4, 0x10,
    0x01, 0xc8, 0x31, 0x01, 0xa7, 0x31, 0x01, 0xc4, 0x10, 0x01, 0xe4, 0x10, 0x01, 0x04, 0x19, 0x01, 0xc7, 0x31, 0x01, 0xa3, 0x10, 0x01, 0xe4, 0x10,
    0x01, 0xe4, 0x18, 0x01, 0x6a, 0x42, 0x01, 0x66, 0x21, 0x01, 0xe4, 0x10, 0x01, 0xc4, 0x10, 0x01, 0x46, 0x21, 0x01, 0x4a, 0x42, 0x01, 0x8b, 0x4a,
    0x01, 0x25, 0x21, 0x01, 0xc4, 0x10, 0x01, 0xe4, 0x10, 0x02, 0xe4, 0x18, 0x01, 0xe4, 0x10, 0x01, 0xe8, 0x31, 0x01, 0xc7, 0x31, 0x01, 0xe8, 0x31,
    0x01, 0xc4, 0x10, 0x01, 0xe4, 0x10, 0x01, 0x49, 0x42, 0x01, 0x87, 0x29, 0x02, 0xe4, 0x10, 0x01, 0x46, 0x21, 0x01, 0x6a, 0x42, 0x01, 0x25, 0x21,
    0x01, 0x04, 0x19, 0x01, 0xc4, 0x10, 0x01, 0xa7, 0x29, 0x01, 0x29, 0x3a, 0x01, 0x46, 0x21, 0x01, 0x04, 0x19, 0x01, 0xe4, 0x10, 0x01, 0x49, 0x42,
    0x01, 0xe8, 0x31, 0x01, 0x04, 0x19, 0x01, 0xe4, 0x18, 0x01, 0x45, 0x21, 0x01, 0xab, 0x52, 0x01, 0x29, 0x3a, 0x01, 0xe4, 0x18, 0x04, 0x04, 0x19,
    0x02, 0x05, 0x19, 0x04, 0x04, 0x19, 0x08, 0x05, 0x19, 0x03, 0x25, 0x19, 0x0e, 0x25, 0x21, 0x0c, 0x45, 0x21, 0x03, 0x45, 0x29, 0x01, 0x86, 0x31,
    0x01, 0xe8, 0x41, 0x01, 0x69, 0x5a, 0x01, 0x8d, 0x83, 0x01, 0x11, 0xbd, 0x01, 0xcd, 0x8b, 0x01, 0x45, 0x21, 0x01, 0x66, 0x29, 0x01, 0x65, 0x29,
    0x02, 0x66, 0x29, 0x01, 0x46, 0x29, 0x0e, 0x66, 0x29, 0x01, 0x86, 0x29, 0x0e, 0x86, 0x31, 0x03, 0x83, 0x08, 0x01, 0xa3, 0x08, 0x09, 0x83, 0x08,
    0x01, 0xa3, 0x08, 0x02, 0x83, 0x08, 0x02, 0xa3, 0x08, 0x07, 0x83, 0x08, 0x09, 0xa3, 0x08, 0x04, 0xa3, 0x10, 0x07, 0xc3, 0x10, 0x01, 0xa3, 0x10,
    0x04, 0xc3, 0x10, 0x01, 0xa3, 0x10, 0x02, 0xc3, 0x10, 0x03, 0xa3, 0x10, 0x03, 0xc3, 0x10, 0x01, 0xc4, 0x10, 0x01, 0xc3, 0x10, 0x01, 0xc4, 0x10,
    0x02, 0xc3, 0x10, 0x13, 0xc4, 0x10, 0x03, 0xc3, 0x10, 0x05, 0xc4, 0x10, 0x01, 0xe4, 0x18, 0x01, 0xc8, 0x31, 0x01, 0x45, 0x21, 0x02, 0xc4, 0x10,
    0x01, 0x46, 0x21, 0x01, 0xe4, 0x10, 0x01, 0xc4, 0x10, 0x01, 0xe4, 0x18, 0x01, 0xc8, 0x31, 0x01, 0x86, 0x29, 0x01, 0xc4, 0x10, 0x02, 0xe4, 0x10,
    0x01, 0x46, 0x21, 0x01, 0xc4, 0x10, 0x02, 0xe4, 0x10, 0x01, 0xc7, 0x31, 0x01, 0xa7, 0x31, 0x01, 0x05, 0x19, 0x01, 0xe4, 0x10, 0x02, 0x25, 0x19,
    0x01, 0xa7, 0x29, 0x01, 0x05, 0x19, 0x01, 0xe4, 0x10, 0x03, 0xe4, 0x18, 0x01, 0xe4, 0x10, 0x01, 0xa7, 0x29, 0x01, 0xc8, 0x31, 0x01, 0x04, 0x19,
    0x02, 0xe4, 0x10, 0x02, 0xc7, 0x31, 0x01, 0xe4, 0x18, 0x01, 0xe4, 0x10, 0x01, 0xe4, 0x18, 0x01, 0xc8, 0x31, 0x01, 0x66, 0x29, 0x02, 0xe4, 0x18,
    0x01, 0x45, 0x21, 0x01, 0x25, 0x19, 0x01, 0xc4, 0x10, 0x01, 0x04, 0x19, 0x01, 0xe4, 0x18, 0x01, 0xa7, 0x29, 0x01, 0xc8, 0x31, 0x01, 0x25, 0x19,
    0x01, 0x04, 0x19, 0x01, 0x25, 0x21, 0x01, 0x66, 0x29, 0x01, 0x66, 0x21, 0x04, 0x05, 0x19, 0x01, 0x04, 0x19, 0x03, 0x05, 0x19, 0x01, 0x04, 0x19,
    0x02, 0x05, 0x19, 0x06, 0x25, 0x19, 0x0e, 0x25, 0x21, 0x03, 0x45, 0x21, 0x01, 0x25, 0x21, 0x0d, 0x45, 0x21, 0x03, 0x45, 0x29, 0x01, 0xa7, 0x31,
    0x01, 0x89, 0x5a, 0x01, 0x4c, 0x7b, 0x01, 0xcd, 0x93, 0x01, 0xd1, 0xbc, 0x01, 0xad, 0x83, 0x01, 0x25, 0x21, 0x01, 0x86, 0x31, 0x03, 0x66, 0x29,
    0x01, 0x65, 0x29, 0x0e, 0x66, 0x29, 0x01, 0x66, 0x31, 0x0e, 0x86, 0x31, 0x02, 0xa3, 0x08, 0x01, 0x83, 0x08, 0x03, 0xa3, 0x08, 0x07, 0x83, 0x08,
    0x07, 0xa3, 0x08, 0x01, 0x83, 0x08, 0x0d, 0xa3, 0x08, 0x02, 0xa3, 0x10, 0x16, 0xc3, 0x10, 0x02, 0xc4, 0x10, 0x01, 0xc3, 0x10, 0x02, 0xc4, 0x10,
    0x01, 0xc3, 0x10, 0x07, 0xc4, 0x10, 0x02, 0xe4, 0x10, 0x13, 0xc4, 0x10, 0x01, 0xc3, 0x10, 0x01, 0xc4, 0x10, 0x02, 0xe4, 0x10, 0x01, 0xc4, 0x10,
    0x03, 0xe4, 0x10, 0x02, 0xc4, 0x10, 0x03, 0xe4, 0x10, 0x01, 0xc4, 0x10, 0x02, 0xe4, 0x10, 0x01, 0xe4, 0x18, 0x02, 0xe4, 0x10, 0x04, 0xe4, 0x18,
    0x01, 0xc4, 0x10, 0x02, 0xe4, 0x18, 0x03, 0x04, 0x19, 0x01, 0xe4, 0x18, 0x02, 0xc4, 0x10, 0x01, 0xe4, 0x18, 0x02, 0x04, 0x19, 0x05, 0xe4, 0x18,
    0x01, 0xe4, 0x10, 0x01, 0xe4, 0x18, 0x02, 0x04, 0x19, 0x01, 0xe4, 0x18, 0x04, 0x04, 0x19, 0x01, 0xe4, 0x18, 0x02, 0x04, 0x19, 0x01, 0x05, 0x19,
    0x03, 0x04, 0x19, 0x01, 0x25, 0x19, 0x09, 0x05, 0x19, 0x01, 0x25, 0x19, 0x0f, 0x25, 0x21, 0x11, 0x45, 0x21, 0x01, 0x46, 0x21, 0x03, 0x45, 0x21,
    0x01, 0x46, 0x29, 0x01, 0x65, 0x29, 0x02, 0x45, 0x29, 0x01, 0x86, 0x31, 0x01, 0xaa, 0x62, 0x01, 0xcd, 0x93, 0x01, 0x2e, 0xa4, 0x01, 0x52, 0xcd,
    0x01, 0xeb, 0x6a, 0x01, 0x45, 0x29, 0x01, 0x86, 0x31, 0x0a, 0x66, 0x29, 0x01, 0x86, 0x29, 0x04, 0x86, 0x31, 0x01, 0x66, 0x29, 0x01, 0x86, 0x31,
    0x01, 0x66, 0x31, 0x0d, 0x86, 0x31, 0x01, 0xa6, 0x31, 0x01, 0x86, 0x31, 0x06, 0xa3, 0x08, 0x01, 0x83, 0x08, 0x13, 0xa3, 0x08, 0x02, 0xa3, 0x10,
    0x03, 0xa3, 0x08, 0x04, 0xa3, 0x10, 0x11, 0xc3, 0x10, 0x01, 0xc4, 0x10, 0x06, 0xc3, 0x10, 0x08, 0xc4, 0x10, 0x01, 0xe4, 0x10, 0x01, 0xc4, 0x10,
    0x05, 0xe4, 0x10, 0x01, 0xc4, 0x10, 0x01, 0xe4, 0x10, 0x0b, 0xc4, 0x10, 0x0d, 0xe4, 0x10, 0x01, 0xe4, 0x18, 0x06, 0xe4, 0x10, 0x02, 0xe4, 0x18,
    0x02, 0x04, 0x19, 0x01, 0xe4, 0x18, 0x09, 0x04, 0x19, 0x01, 0xe4, 0x18, 0x12, 0x04, 0x19, 0x02, 0x05, 0x19, 0x01, 0x25, 0x19, 0x04, 0x05, 0x19,
    0x05, 0x25, 0x19, 0x02, 0x25, 0x21, 0x03, 0x25, 0x19, 0x0e, 0x25, 0x21, 0x01, 0x45, 0x21, 0x01, 0x25, 0x21, 0x05, 0x45, 0x21, 0x01, 0x46, 0x21,
    0x05, 0x45, 0x21, 0x06, 0x46, 0x21, 0x01, 0x66, 0x21, 0x02, 0x66, 0x29, 0x01, 0x46, 0x21, 0x01, 0x45, 0x29, 0x04, 0x66, 0x29, 0x01, 0xc7, 0x41,
    0x01, 0xaa, 0x6a, 0x01, 0xed, 0x9b, 0x01, 0x52, 0xcd, 0x01, 0x53, 0xc5, 0x01, 0xc7, 0x39, 0x06, 0x66, 0x29, 0x01, 0x86, 0x29, 0x01, 0x66, 0x29,
    0x01, 0x86, 0x29, 0x02, 0x86, 0x31, 0x01, 0x86, 0x29, 0x12, 0x86, 0x31, 0x02, 0xa6, 0x31, 0x01, 0x86, 0x31, 0x02, 0xa6, 0x31, 0x1a, 0xa3, 0x08,
    0x02, 0xa3, 0x10, 0x02, 0xa3, 0x08, 0x06, 0xa3, 0x10, 0x04, 0xc3, 0x10, 0x01, 0xc4, 0x10, 0x0a, 0xc3, 0x10, 0x05, 0xc4, 0x10, 0x01, 0xc3, 0x10,
    0x01, 0xc4, 0x10, 0x02, 0xc3, 0x10, 0x06, 0xc4, 0x10, 0x08, 0xe4, 0x10, 0x0d, 0xc4, 0x10, 0x0b, 0xe4, 0x10, 0x0b, 0xe4, 0x18, 0x14, 0x04, 0x19,
    0x02, 0x05, 0x19, 0x07, 0x04, 0x19, 0x03, 0x05, 0x19, 0x03, 0x25, 0x19, 0x01, 0x05, 0x19, 0x05, 0x25, 0x19, 0x0f, 0x25, 0x21, 0x09, 0x45, 0x21,
    0x0b, 0x46, 0x21, 0x01, 0x66, 0x21, 0x0c, 0x66, 0x29, 0x01, 0xa7, 0x31, 0x01, 0x49, 0x52, 0x01, 0x4c, 0x7b, 0x01, 0x4f, 0xac, 0x01, 0x52, 0xcd,
    0x01, 0xca, 0x62, 0x01, 0x66, 0x29, 0x01, 0x86, 0x31, 0x05, 0x66, 0x29, 0x02, 0x86, 0x29, 0x06, 0x86, 0x31, 0x02, 0xa7, 0x31, 0x0a, 0x86, 0x31,
    0x02, 0xa6, 0x31, 0x01, 0x86, 0x31, 0x01, 0xa6, 0x31, 0x02, 0xa7, 0x39, 0x03, 0xa6, 0x39, 0x1d, 0xa3, 0x08, 0x05, 0xa3, 0x10, 0x06, 0xc3, 0x10,
    0x03, 0xc4, 0x10, 0x08, 0xc3, 0x10, 0x04, 0xc4, 0x10, 0x01, 0xc3, 0x10, 0x0a, 0xc4, 0x10, 0x02, 0xe4, 0x10, 0x01, 0xe4, 0x18, 0x0e, 0xe4, 0x10,
    0x02, 0xc4, 0x10, 0x04, 0xe4, 0x10, 0x03, 0xe4, 0x18, 0x02, 0xe4, 0x10, 0x0e, 0xe4, 0x18, 0x13, 0x04, 0x19, 0x0d, 0x05, 0x19, 0x02, 0x25, 0x19,
    0x0f, 0x25, 0x21, 0x0f, 0x45, 0x21, 0x03, 0x46, 0x21, 0x01, 0x66, 0x29, 0x03, 0x66, 0x21, 0x10, 0x66, 0x29, 0x01, 0x86, 0x29, 0x02, 0x86, 0x31,
    0x01, 0xa7, 0x39, 0x01, 0x69, 0x5a, 0x01, 0xed, 0x9b, 0x01, 0x11, 0xc5, 0x01, 0xeb, 0x6a, 0x01, 0x45, 0x29, 0x01, 0x86, 0x31, 0x03, 0x66, 0x29,
    0x03, 0x86, 0x29, 0x08, 0x86, 0x31, 0x02, 0xa7, 0x31, 0x02, 0x86, 0x31, 0x01, 0xa6, 0x31, 0x01, 0xa6, 0x39, 0x01, 0xa6, 0x31, 0x01, 0x86, 0x31,
    0x02, 0xa6, 0x31, 0x01, 0xa7, 0x31, 0x04, 0xa7, 0x39, 0x01, 0xa6, 0x39, 0x05, 0xa7, 0x39, 0x01, 0xa3, 0x08, 0x01, 0xa3, 0x10, 0x11, 0xa3, 0x08,
    0x02, 0xa3, 0x10, 0x02, 0xa3, 0x08, 0x01, 0xa3, 0x10, 0x02, 0xa3, 0x08, 0x02, 0xa3, 0x10, 0x01, 0xa3, 0x08, 0x02, 0xa3, 0x10, 0x09, 0xc3, 0x10,
    0x03, 0xc4, 0x10, 0x04, 0xc3, 0x10, 0x12, 0xc4, 0x10, 0x02, 0xe4, 0x10, 0x05, 0xe4, 0x18, 0x08, 0xe4, 0x10, 0x01, 0xe4, 0x18, 0x05, 0xe4, 0x10,
    0x0e, 0xe4, 0x18, 0x01, 0x04, 0x19, 0x01, 0xe4, 0x18, 0x10, 0x04, 0x19, 0x05, 0x05, 0x19, 0x01, 0x04, 0x19, 0x06, 0x05, 0x19, 0x0b, 0x25, 0x19,
    0x0a, 0x25, 0x21, 0x0c, 0x45, 0x21, 0x07, 0x46, 0x21, 0x01, 0x45, 0x21, 0x01, 0x46, 0x21, 0x17, 0x66, 0x29, 0x01, 0x86, 0x29, 0x01, 0x86, 0x31,
    0x01, 0xa7, 0x31, 0x01, 0x08, 0x4a, 0x01, 0xa9, 0x6a, 0x01, 0x0b, 0x73, 0x01, 0x28, 0x4a, 0x01, 0x66, 0x29, 0x01, 0x86, 0x31, 0x02, 0x66, 0x29,
    0x02, 0x86, 0x29, 0x07, 0x86, 0x31, 0x02, 0xa7, 0x31, 0x01, 0xa6, 0x31, 0x03, 0xa7, 0x31, 0x10, 0xa7, 0x39, 0x03, 0xc7, 0x39, 0x02, 0xa3, 0x08,
    0x01, 0xa3, 0x10, 0x13, 0xa3, 0x08, 0x08, 0xa3, 0x10, 0x09, 0xc3, 0x10, 0x04, 0xc4, 0x10, 0x03, 0xc3, 0x10, 0x11, 0xc4, 0x10, 0x04, 0xe4, 0x10,
    0x21, 0xe4, 0x18, 0x0a, 0x04, 0x19, 0x01, 0x05, 0x19, 0x04, 0x04, 0x19, 0x05, 0x05, 0x19, 0x02, 0x25, 0x21, 0x01, 0x25, 0x19, 0x01, 0x05, 0x19,
    0x03, 0x25, 0x19, 0x15, 0x25, 0x21, 0x0a, 0x45, 0x21, 0x04, 0x46, 0x21, 0x02, 0x66, 0x29, 0x01, 0x66, 0x21, 0x01, 0x46, 0x21, 0x03, 0x66, 0x29,
    0x03, 0x66, 0x21, 0x16, 0x66, 0x29, 0x02, 0x86, 0x29, 0x01, 0x66, 0x29, 0x01, 0x86, 0x31, 0x02, 0xa7, 0x31, 0x01, 0x46, 0x29, 0x01, 0x66, 0x29,
    0x02, 0x86, 0x31, 0x01, 0x86, 0x29, 0x08, 0x86, 0x31, 0x06, 0xa7, 0x31, 0x09, 0xa7, 0x39, 0x0b, 0xc7, 0x39, 0x01, 0xc7, 0x41, 0x01, 0x83, 0x08,
    0x02, 0xa3, 0x08, 0x06, 0xa3, 0x10, 0x04, 0xa3, 0x08, 0x04, 0xa3, 0x10, 0x02, 0xa3, 0x08, 0x01, 0xa3, 0x10, 0x01, 0xa3, 0x08, 0x04, 0xa3, 0x10,
    0x01, 0xc3, 0x10, 0x04, 0xa3, 0x10, 0x0a, 0xc3, 0x10, 0x02, 0xc4, 0x10, 0x01, 0xc3, 0x10, 0x01, 0xc4, 0x10, 0x02, 0xc3, 0x10, 0x01, 0xc4, 0x10,
    0x01, 0xc3, 0x10, 0x07, 0xc4, 0x10, 0x03, 0xe4, 0x10, 0x02, 0xc4, 0x10, 0x07, 0xe4, 0x10, 0x16, 0xe4, 0x18, 0x05, 0x04, 0x19, 0x03, 0xe4, 0x18,
    0x0c, 0x04, 0x19, 0x07, 0x05, 0x19, 0x01, 0x25, 0x19, 0x16, 0x25, 0x21, 0x03, 0x45, 0x21, 0x01, 0x25, 0x21, 0x09, 0x45, 0x21, 0x02, 0x46, 0x21,
    0x02, 0x45, 0x21, 0x01, 0x46, 0x21, 0x02, 0x46, 0x29, 0x0f, 0x66, 0x29, 0x02, 0x86, 0x29, 0x03, 0x66, 0x29, 0x06, 0x86, 0x29, 0x02, 0x66, 0x29,
    0x05, 0x86, 0x29, 0x01, 0x66, 0x29, 0x05, 0x86, 0x29, 0x01, 0x66, 0x29, 0x01, 0x86, 0x29, 0x0a, 0x86, 0x31, 0x07, 0xa7, 0x31, 0x02, 0xa7, 0x39,
    0x01, 0xc7, 0x39, 0x05, 0xa7, 0x39, 0x05, 0xc7, 0x39, 0x01, 0xc7, 0x41, 0x01, 0xc7, 0x39, 0x02, 0xc7, 0x41, 0x01, 0xc7, 0x39, 0x02, 0xc7, 0x41,
    0x01, 0xe7, 0x41, 0x02, 0xc7, 0x41, 0x02, 0x83, 0x08, 0x05, 0xa3, 0x08, 0x07, 0xa3, 0x10, 0x03, 0xc3, 0x10, 0x0a, 0xa3, 0x10, 0x0a, 0xc3, 0x10,
    0x0f, 0xc4, 0x10, 0x05, 0xe4, 0x10, 0x03, 0xc4, 0x10, 0x01, 0xe4, 0x10, 0x01, 0xe4, 0x18, 0x01, 0xe4, 0x10, 0x02, 0xe4, 0x18, 0x01, 0xe4, 0x10,
    0x13, 0xe4, 0x18, 0x13, 0x04, 0x19, 0x01, 0x05, 0x19, 0x01, 0x04, 0x19, 0x03, 0x05, 0x19, 0x03, 0x25, 0x19, 0x12, 0x25, 0x21, 0x01, 0x45, 0x21,
    0x01, 0x25, 0x21, 0x01, 0x45, 0x21, 0x04, 0x25, 0x21, 0x0c, 0x45, 0x21, 0x02, 0x46, 0x21, 0x01, 0x46, 0x29, 0x14, 0x66, 0x29, 0x0e, 0x86, 0x29,
    0x07, 0x86, 0x31, 0x03, 0x86, 0x29, 0x05, 0x86, 0x31, 0x01, 0xa7, 0x31, 0x02, 0x86, 0x31, 0x02, 0xa7, 0x31, 0x01, 0x87, 0x31, 0x07, 0xa7, 0x31,
    0x01, 0xa7, 0x39, 0x02, 0xc7, 0x39, 0x02, 0xa7, 0x39, 0x08, 0xc7, 0x39, 0x01, 0xc7, 0x41, 0x02, 0xc7, 0x39, 0x01, 0xc7, 0x41, 0x01, 0xe7, 0x41,
    0x03, 0xc7, 0x41, 0x05, 0xe7, 0x41, 0x02, 0x82, 0x08, 0x01, 0x83, 0x08, 0x03, 0x82, 0x08, 0x01, 0x83, 0x08, 0x01, 0xa3, 0x08, 0x01, 0x83, 0x08,
    0x02, 0xa3, 0x08, 0x0c, 0xa3, 0x10, 0x0a, 0xc3, 0x10, 0x09, 0xc4, 0x10, 0x01, 0xe4, 0x10, 0x04, 0xc4, 0x10, 0x02, 0xe4, 0x10, 0x01, 0xc4, 0x10,
    0x0a, 0xe4, 0x10, 0x06, 0xe4, 0x18, 0x01, 0xe4, 0x10, 0x07, 0xe4, 0x18, 0x02, 0x04, 0x19, 0x04, 0xe4, 0x18, 0x15, 0x04, 0x19, 0x01, 0x05, 0x19,
    0x01, 0x04, 0x19, 0x06, 0x05, 0x19, 0x01, 0x25, 0x19, 0x0a, 0x25, 0x21, 0x16, 0x45, 0x21, 0x01, 0x46, 0x21, 0x02, 0x45, 0x21, 0x02, 0x46, 0x21,
    0x0f, 0x66, 0x29, 0x02, 0x86, 0x29, 0x03, 0x66, 0x29, 0x03, 0x86, 0x29, 0x02, 0x66, 0x29, 0x07, 0x86, 0x29, 0x15, 0x86, 0x31, 0x0d, 0xa7, 0x31,
    0x01, 0xa7, 0x39, 0x0a, 0xc7, 0x39, 0x06, 0xc7, 0x41, 0x01, 0xe7, 0x41, 0x01, 0xc7, 0x41, 0x08, 0xe7, 0x41, 0x0b, 0x82, 0x08, 0x02, 0x83, 0x08,
    0x08, 0xa3, 0x08, 0x05, 0xa3, 0x10, 0x07, 0xc3, 0x10, 0x01, 0xc4, 0x10, 0x03, 0xe4, 0x18, 0x03, 0xc4, 0x10, 0x01, 0xe4, 0x10, 0x01, 0xe4, 0x18,
    0x01, 0x04, 0x19, 0x01, 0x04, 0x21, 0x01, 0x04, 0x19, 0x01, 0xe4, 0x18, 0x05, 0xe4, 0x10, 0x01, 0xe4, 0x18, 0x01, 0xe4, 0x10, 0x01, 0xe4, 0x18,
    0x01, 0xe4, 0x10, 0x11, 0xe4, 0x18, 0x11, 0x04, 0x19, 0x06, 0x05, 0x19, 0x02, 0x04, 0x19, 0x04, 0x05, 0x19, 0x10, 0x25, 0x21, 0x15, 0x45, 0x21,
    0x01, 0x46, 0x29, 0x0f, 0x66, 0x29, 0x03, 0x86, 0x29, 0x02, 0x66, 0x29, 0x0e, 0x86, 0x29, 0x0a, 0x86, 0x31, 0x01, 0xa6, 0x31, 0x04, 0x86, 0x31,
    0x04, 0xa7, 0x31, 0x06, 0x86, 0x31, 0x01, 0xa7, 0x31, 0x01, 0xa6, 0x31, 0x08, 0xa7, 0x31, 0x02, 0xa7, 0x39, 0x02, 0xc7, 0x39, 0x01, 0xa7, 0x39,
    0x09, 0xc7, 0x39, 0x01, 0xc7, 0x41, 0x0e, 0xe7, 0x41, 0x01, 0x07, 0x4a, 0x01, 0xe7, 0x49, 0x01, 0xe7, 0x41, 0x06, 0x62, 0x08, 0x08, 0x82, 0x08,
    0x06, 0x83, 0x08, 0x01, 0xa3, 0x08, 0x09, 0xa3, 0x10, 0x06, 0xc3, 0x10, 0x02, 0xc4, 0x10, 0x05, 0xe4, 0x18, 0x03, 0x04, 0x21, 0x0e, 0xe4, 0x18,
    0x01, 0x04, 0x19, 0x09, 0xe4, 0x18, 0x11, 0x04, 0x19, 0x01, 0x05, 0x19, 0x02, 0x25, 0x21, 0x02, 0x05, 0x19, 0x14, 0x25, 0x21, 0x15, 0x45, 0x21,
    0x03, 0x45, 0x29, 0x0f, 0x66, 0x29, 0x04, 0x86, 0x29, 0x02, 0x86, 0x31, 0x01, 0x86, 0x29, 0x17, 0x86, 0x31, 0x15, 0xa7, 0x31, 0x01, 0xa7, 0x39,
    0x01, 0xc7, 0x39, 0x04, 0xa7, 0x39, 0x0e, 0xc7, 0x39, 0x0c, 0xe7, 0x41, 0x01, 0xe7, 0x49, 0x05, 0x08, 0x4a, 0x08, 0x62, 0x08, 0x08, 0x82, 0x08,
    0x03, 0x83, 0x08, 0x01, 0xa3, 0x08, 0x05, 0xa3, 0x10, 0x02, 0xc3, 0x10, 0x07, 0xa3, 0x10, 0x05, 0xc3, 0x10, 0x02, 0xe4, 0x18, 0x01, 0xe4, 0x20,
    0x03, 0xe4, 0x18, 0x01, 0x04, 0x19, 0x0e, 0xe4, 0x18, 0x03, 0x04, 0x19, 0x01, 0x04, 0x21, 0x02, 0x24, 0x21, 0x01, 0x04, 0x19, 0x01, 0xe4, 0x18,
    0x0e, 0x04, 0x19, 0x01, 0x24, 0x21, 0x01, 0x04, 0x19, 0x01, 0x04, 0x21, 0x02, 0x05, 0x21, 0x03, 0x25, 0x21, 0x01, 0x25, 0x19, 0x14, 0x25, 0x21,
    0x08, 0x45, 0x21, 0x01, 0x65, 0x29, 0x02, 0x45, 0x29, 0x06, 0x45, 0x21, 0x02, 0x45, 0x29, 0x02, 0x65, 0x29, 0x10, 0x66, 0x29, 0x05, 0x86, 0x29,
    0x09, 0x86, 0x31, 0x01, 0xa6, 0x31, 0x03, 0x86, 0x31, 0x04, 0xa7, 0x31, 0x01, 0xa6, 0x31, 0x03, 0x86, 0x31, 0x01, 0xa6, 0x31, 0x03, 0xa7, 0x31,
    0x01, 0xa6, 0x31, 0x01, 0x86, 0x31, 0x01, 0xa6, 0x31, 0x01, 0xa7, 0x31, 0x01, 0xa7, 0x39, 0x01, 0xa7, 0x31, 0x03, 0xa7, 0x39, 0x03, 0xa7, 0x31,
    0x01, 0xa7, 0x39, 0x01, 0xc7, 0x39, 0x01, 0xa7, 0x39, 0x07, 0xa7, 0x31, 0x03, 0xa7, 0x39, 0x09, 0xc7, 0x39, 0x01, 0xe7, 0x41, 0x02, 0xc7, 0x41,
    0x01, 0xe7, 0x41, 0x01, 0xc7, 0x41, 0x0c, 0xe7, 0x41, 0x01, 0xe7, 0x49, 0x01, 0xe7, 0x41, 0x01, 0xe7, 0x49, 0x05, 0x08, 0x4a, 0x01, 0x28, 0x4a,
    0x02, 0x08, 0x4a, 0x08, 0x62, 0x08, 0x09, 0x82, 0x08, 0x02, 0x83, 0x08, 0x01, 0xa3, 0x08, 0x04, 0xa3, 0x10, 0x0c, 0xc3, 0x10, 0x02, 0xa3, 0x10,
    0x03, 0xc3, 0x10, 0x01, 0xc4, 0x18, 0x02, 0xe4, 0x18, 0x05, 0x04, 0x21, 0x02, 0xe4, 0x18, 0x01, 0x04, 0x19, 0x07, 0xe4, 0x18, 0x05, 0x04, 0x19,
    0x05, 0x04, 0x21, 0x02, 0x04, 0x19, 0x18, 0x25, 0x21, 0x02, 0x45, 0x21, 0x01, 0x25, 0x21, 0x01, 0x45, 0x21, 0x02, 0x25, 0x21, 0x02, 0x45, 0x21,
    0x02, 0x25, 0x21, 0x09, 0x45, 0x21, 0x01, 0x45, 0x29, 0x01, 0x45, 0x21, 0x02, 0x45, 0x29, 0x01, 0x46, 0x29, 0x02, 0x66, 0x29, 0x05, 0x65, 0x29,
    0x02, 0x45, 0x29, 0x04, 0x66, 0x29, 0x01, 0x45, 0x29, 0x06, 0x66, 0x29, 0x01, 0x86, 0x29, 0x02, 0x66, 0x29, 0x06, 0x86, 0x29, 0x07, 0x86, 0x31,
    0x01, 0xa6, 0x31, 0x01, 0xa7, 0x31, 0x04, 0xa6, 0x31, 0x03, 0xa7, 0x31, 0x01, 0xa6, 0x31, 0x10, 0xa7, 0x31, 0x01, 0xa7, 0x39, 0x0b, 0xc7, 0x39,
    0x01, 0xa7, 0x39, 0x04, 0xc7, 0x39, 0x02, 0xa7, 0x39, 0x08, 0xc7, 0x39, 0x01, 0xc7, 0x41, 0x06, 0xe7, 0x41, 0x01, 0xe8, 0x41, 0x03, 0xe7, 0x41,
    0x01, 0xe8, 0x41, 0x02, 0xe7, 0x41, 0x01, 0x08, 0x42, 0x04, 0xe7, 0x41, 0x01, 0x07, 0x4a, 0x06, 0x08, 0x4a, 0x01, 0x28, 0x4a, 0x05, 0x28, 0x52,
    0x06, 0x62, 0x08, 0x08, 0x82, 0x08, 0x05, 0x83, 0x08, 0x01, 0xa3, 0x08, 0x05, 0xa3, 0x10, 0x03, 0xc3, 0x10, 0x02, 0xc3, 0x18, 0x01, 0xc4, 0x18,
    0x01, 0xe4, 0x18, 0x09, 0xc3, 0x10, 0x02, 0xe4, 0x18, 0x01, 0x04, 0x19, 0x01, 0x04, 0x21, 0x01, 0x24, 0x21, 0x01, 0x24, 0x29, 0x01, 0x45, 0x31,
    0x01, 0x65, 0x39, 0x01, 0x45, 0x31, 0x01, 0x25, 0x29, 0x01, 0x45, 0x31, 0x01, 0x24, 0x21, 0x01, 0x04, 0x21, 0x02, 0x04, 0x19, 0x03, 0xe4, 0x18,
    0x05, 0x04, 0x19, 0x01, 0x04, 0x21, 0x01, 0x24, 0x21, 0x01, 0x25, 0x29, 0x01, 0x45, 0x31, 0x01, 0x65, 0x31, 0x01, 0x45, 0x29, 0x01, 0x45, 0x31,
    0x01, 0x45, 0x29, 0x04, 0x25, 0x21, 0x01, 0x45, 0x29, 0x01, 0x65, 0x29, 0x05, 0x45, 0x29, 0x01, 0x65, 0x31, 0x02, 0x45, 0x29, 0x06, 0x25, 0x21,
    0x01, 0x45, 0x21, 0x03, 0x45, 0x29, 0x01, 0x65, 0x29, 0x01, 0x66, 0x31, 0x01, 0x86, 0x31, 0x01, 0xa6, 0x41, 0x01, 0x86, 0x31, 0x01, 0x66, 0x29,
    0x01, 0x66, 0x31, 0x01, 0x65, 0x31, 0x04, 0x45, 0x29, 0x03, 0x45, 0x21, 0x01, 0x45, 0x29, 0x04, 0x66, 0x29, 0x02, 0x65, 0x29, 0x08, 0x66, 0x29,
    0x01, 0x65, 0x29, 0x04, 0x66, 0x29, 0x01, 0x04, 0x19, 0x01, 0x82, 0x08, 0x01, 0x04, 0x21, 0x14, 0x86, 0x31, 0x05, 0xa7, 0x31, 0x02, 0xa7, 0x39,
    0x0a, 0xa7, 0x31, 0x05, 0xa7, 0x39, 0x1b, 0xc7, 0x39, 0x02, 0xe7, 0x41, 0x01, 0xc7, 0x41, 0x01, 0xc7, 0x39, 0x07, 0xe7, 0x41, 0x03, 0xe8, 0x41,
    0x05, 0x08, 0x42, 0x08, 0x08, 0x4a, 0x01, 0x28, 0x4a, 0x06, 0x28, 0x52, 0x02, 0x48, 0x52, 0x01, 0x48, 0x5a, 0x06, 0x62, 0x08, 0x08, 0x82, 0x08,
    0x04, 0x83, 0x08, 0x01, 0xa3, 0x08, 0x01, 0xa3, 0x10, 0x01, 0xa3, 0x08, 0x04, 0xa3, 0x10, 0x04, 0xc3, 0x10, 0x01, 0xc3, 0x18, 0x08, 0xe4, 0x18,
    0x02, 0xc3, 0x10, 0x01, 0xe4, 0x18, 0x02, 0x04, 0x21, 0x01, 0x24, 0x21, 0x01, 0x04, 0x21, 0x01, 0x24, 0x21, 0x01, 0x25, 0x29, 0x01, 0x45, 0x29,
    0x01, 0x45, 0x31, 0x01, 0x25, 0x29, 0x02, 0x45, 0x31, 0x01, 0x25, 0x29, 0x01, 0x25, 0x21, 0x02, 0x04, 0x21, 0x01, 0x24, 0x21, 0x03, 0x04, 0x21,
    0x03, 0x04, 0x19, 0x01, 0x04, 0x21, 0x02, 0x25, 0x21, 0x01, 0x25, 0x29, 0x02, 0x45, 0x31, 0x01, 0x65, 0x39, 0x01, 0x85, 0x41, 0x03, 0xa6, 0x41,
    0x01, 0x86, 0x39, 0x01, 0x86, 0x41, 0x01, 0xa6, 0x49, 0x02, 0xc6, 0x49, 0x01, 0x86, 0x39, 0x01, 0x66, 0x31, 0x03, 0x45, 0x29, 0x01, 0x45, 0x21,
    0x02, 0x25, 0x21, 0x03, 0x45, 0x21, 0x03, 0x45, 0x29, 0x02, 0x65, 0x29, 0x01, 0x66, 0x31, 0x02, 0xa6, 0x39, 0x01, 0xc6, 0x41, 0x01, 0xe7, 0x51,
    0x01, 0x07, 0x52, 0x01, 0xc6, 0x49, 0x01, 0xa6, 0x41, 0x01, 0x86, 0x39, 0x03, 0x66, 0x31, 0x01, 0x66, 0x29, 0x03, 0x65, 0x29, 0x0a, 0x66, 0x29,
    0x02, 0x86, 0x29, 0x06, 0x66, 0x29, 0x01, 0x86, 0x29, 0x01, 0xe4, 0x18, 0x01, 0x82, 0x08, 0x01, 0x83, 0x08, 0x01, 0xa2, 0x10, 0x01, 0x65, 0x39,
    0x01, 0xa6, 0x41, 0x01, 0x66, 0x29, 0x08, 0x86, 0x31, 0x03, 0xa6, 0x31, 0x01, 0x86, 0x31, 0x01, 0xa7, 0x31, 0x04, 0xa6, 0x31, 0x01, 0xa7, 0x31,
    0x01, 0xa7, 0x39, 0x1e, 0xc7, 0x39, 0x0c, 0xe7, 0x41, 0x03, 0xc7, 0x41, 0x07, 0xe7, 0x41, 0x01, 0xe8, 0x41, 0x01, 0x08, 0x42, 0x0d, 0x08, 0x4a,
    0x04, 0x28, 0x4a, 0x06, 0x28, 0x52, 0x02, 0x48, 0x52, 0x04, 0x48, 0x5a, 0x01, 0x68, 0x5a, 0x01, 0x83, 0x08, 0x0e, 0x82, 0x08, 0x02, 0x83, 0x08,
    0x02, 0xa3, 0x08, 0x06, 0xa3, 0x10, 0x03, 0xc3, 0x10, 0x01, 0xc3, 0x18, 0x04, 0xe4, 0x18, 0x02, 0x04, 0x19, 0x06, 0xe4, 0x18, 0x01, 0x04, 0x21,
    0x01, 0x25, 0x29, 0x01, 0x24, 0x29, 0x03, 0x04, 0x21, 0x03, 0x04, 0x19, 0x02, 0x04, 0x21, 0x01, 0x04, 0x19, 0x03, 0x04, 0x21, 0x01, 0x25, 0x29,
    0x01, 0x25, 0x21, 0x02, 0x04, 0x21, 0x02, 0x24, 0x21, 0x01, 0x04, 0x21, 0x01, 0x24, 0x21, 0x03, 0x25, 0x21, 0x01, 0x45, 0x29, 0x01, 0x45, 0x31,
    0x02, 0x65, 0x31, 0x01, 0x66, 0x31, 0x01, 0xa6, 0x39, 0x01, 0xc6, 0x41, 0x02, 0x86, 0x39, 0x01, 0xc6, 0x41, 0x06, 0xc6, 0x49, 0x01, 0xa6, 0x41,
    0x01, 0xa6, 0x39, 0x01, 0x86, 0x39, 0x01, 0x65, 0x31, 0x01, 0x65, 0x29, 0x01, 0x65, 0x31, 0x02, 0x65, 0x29, 0x01, 0x45, 0x29, 0x03, 0x65, 0x29,
    0x01, 0x66, 0x29, 0x03, 0x66, 0x31, 0x02, 0x86, 0x31, 0x01, 0x66, 0x31, 0x05, 0x66, 0x29, 0x02, 0x66, 0x31, 0x05, 0x66, 0x29, 0x04, 0x86, 0x29,
    0x04, 0x86, 0x31, 0x02, 0x86, 0x29, 0x02, 0x86, 0x31, 0x03, 0x66, 0x29, 0x01, 0x04, 0x19, 0x01, 0x83, 0x08, 0x02, 0x82, 0x08, 0x01, 0xa3, 0x08,
    0x01, 0xa3, 0x10, 0x01, 0xa8, 0x72, 0x01, 0x68, 0x5a, 0x01, 0x86, 0x31, 0x01, 0xc7, 0x39, 0x01, 0xa7, 0x31, 0x02, 0xa7, 0x39, 0x01, 0xa6, 0x39,
    0x01, 0xa7, 0x31, 0x09, 0xa7, 0x39, 0x17, 0xc7, 0x39, 0x03, 0xe7, 0x41, 0x01, 0xc7, 0x41, 0x0d, 0xe7, 0x41, 0x01, 0xe8, 0x41, 0x01, 0xe7, 0x41,
    0x02, 0xe8, 0x41, 0x06, 0xe7, 0x41, 0x04, 0xe8, 0x41, 0x01, 0x08, 0x42, 0x07, 0x08, 0x4a, 0x05, 0x28, 0x4a, 0x03, 0x28, 0x52, 0x04, 0x48, 0x52,
    0x01, 0x28, 0x52, 0x03, 0x48, 0x52, 0x04, 0x48, 0x5a, 0x05, 0x68, 0x5a, 0x02, 0xa3, 0x10, 0x03, 0xa3, 0x08, 0x01, 0x83, 0x08, 0x0b, 0x82, 0x08,
    0x01, 0x83, 0x08, 0x05, 0xa3, 0x10, 0x06, 0xc3, 0x10, 0x01, 0xc4, 0x10, 0x01, 0xc4, 0x18, 0x0a, 0xe4, 0x18, 0x01, 0x04, 0x19, 0x05, 0x04, 0x21,
    0x08, 0xe4, 0x18, 0x07, 0x04, 0x19, 0x01, 0x05, 0x21, 0x01, 0x24, 0x21, 0x01, 0x25, 0x29, 0x06, 0x45, 0x29, 0x01, 0x65, 0x31, 0x05, 0x45, 0x29,
    0x01, 0x65, 0x29, 0x01, 0x85, 0x39, 0x01, 0xc6, 0x49, 0x01, 0xe7, 0x51, 0x01, 0x07, 0x52, 0x01, 0xe6, 0x49, 0x02, 0xc6, 0x49, 0x01, 0xa6, 0x41,
    0x02, 0x66, 0x31, 0x01, 0x66, 0x29, 0x04, 0x45, 0x29, 0x01, 0x65, 0x29, 0x02, 0x45, 0x29, 0x0a, 0x66, 0x29, 0x02, 0x86, 0x31, 0x01, 0x66, 0x31,
    0x0a, 0x86, 0x31, 0x01, 0xa6, 0x31, 0x01, 0xc7, 0x39, 0x02, 0xe7, 0x49, 0x01, 0xa6, 0x41, 0x01, 0xa6, 0x39, 0x01, 0xe7, 0x49, 0x01, 0x07, 0x52,
    0x01, 0x86, 0x39, 0x02, 0x83, 0x08, 0x01, 0x04, 0x19, 0x02, 0xe4, 0x18, 0x01, 0x04, 0x19, 0x01, 0xc3, 0x10, 0x01, 0x65, 0x31, 0x01, 0x4a, 0x93,
    0x01, 0x47, 0x62, 0x02, 0xa6, 0x41, 0x01, 0xe7, 0x41, 0x01, 0xc7, 0x39, 0x01, 0xc7, 0x41, 0x04, 0xc7, 0x39, 0x01, 0xa7, 0x39, 0x0c, 0xc7, 0x39,
    0x01, 0xc7, 0x41, 0x02, 0xc7, 0x39, 0x01, 0xe7, 0x41, 0x01, 0xc7, 0x39, 0x01, 0xe7, 0x41, 0x01, 0xe7, 0x39, 0x01, 0xc7, 0x39, 0x05, 0xe7, 0x41,
    0x01, 0xe7, 0x39, 0x11, 0xe7, 0x41, 0x01, 0xe8, 0x41, 0x05, 0x08, 0x42, 0x02, 0xe8, 0x41, 0x01, 0x08, 0x42, 0x02, 0xe8, 0x41, 0x01, 0xe7, 0x41,
    0x01, 0x08, 0x42, 0x07, 0x08, 0x4a, 0x01, 0x28, 0x4a, 0x01, 0x08, 0x4a, 0x02, 0x28, 0x4a, 0x05, 0x28, 0x52, 0x03, 0x48, 0x52, 0x02, 0x48, 0x5a,
    0x01, 0x48, 0x52, 0x05, 0x48, 0x5a, 0x02, 0x68, 0x5a, 0x04, 0x68, 0x62, 0x02, 0x69, 0x62, 0x01, 0x68, 0x62, 0x01, 0xc3, 0x10, 0x02, 0xa3, 0x10,
    0x01, 0xc3, 0x10, 0x06, 0xa3, 0x10, 0x01, 0xa3, 0x08, 0x01, 0xa3, 0x10, 0x01, 0xa3, 0x08, 0x02, 0x83, 0x08, 0x01, 0xa3, 0x08, 0x07, 0xa3, 0x10,
    0x03, 0xc3, 0x10, 0x02, 0xa3, 0x10, 0x05, 0xc3, 0x10, 0x03, 0xc4, 0x10, 0x03, 0xe4, 0x18, 0x05, 0x04, 0x19, 0x06, 0xe4, 0x18, 0x01, 0x04, 0x19,
    0x02, 0xe4, 0x18, 0x05, 0x04, 0x19, 0x06, 0x04, 0x21, 0x01, 0x24, 0x21, 0x03, 0x25, 0x21, 0x02, 0x25, 0x29, 0x07, 0x45, 0x29, 0x01, 0x25, 0x29,
    0x01, 0x45, 0x29, 0x01, 0x65, 0x39, 0x01, 0x86, 0x39, 0x01, 0x86, 0x41, 0x01, 0x85, 0x39, 0x01, 0x65, 0x39, 0x01, 0x86, 0x41, 0x02, 0xa6, 0x41,
    0x01, 0xe7, 0x51, 0x02, 0x07, 0x52, 0x01, 0xe7, 0x49, 0x01, 0xa6, 0x39, 0x02, 0x86, 0x39, 0x01, 0x86, 0x31, 0x01, 0x66, 0x29, 0x02, 0x86, 0x31,
    0x02, 0xa6, 0x39, 0x01, 0xa6, 0x41, 0x01, 0xa6, 0x39, 0x01, 0x86, 0x31, 0x02, 0xa6, 0x39, 0x01, 0x86, 0x31, 0x01, 0x86, 0x39, 0x0b, 0x86, 0x31,
    0x01, 0xa6, 0x31, 0x01, 0xa6, 0x39, 0x01, 0xc7, 0x41, 0x01, 0x07, 0x52, 0x01, 0x48, 0x62, 0x01, 0x68, 0x6a, 0x01, 0x27, 0x5a, 0x02, 0xe7, 0x49,
    0x01, 0x04, 0x21, 0x01, 0xa3, 0x08, 0x01, 0xa3, 0x10, 0x02, 0x25, 0x19, 0x01, 0x25, 0x21, 0x01, 0xc4, 0x10, 0x01, 0xa3, 0x10, 0x01, 0x62, 0x00,
    0x01, 0xa5, 0x41, 0x01, 0x2a, 0x93, 0x01, 0x68, 0x6a, 0x01, 0xe6, 0x59, 0x01, 0x68, 0x6a, 0x01, 0x89, 0x62, 0x02, 0x07, 0x4a, 0x02, 0x08, 0x4a,
    0x01, 0xe7, 0x41, 0x02, 0xc7, 0x41, 0x1a, 0xe7, 0x41, 0x02, 0xe8, 0x41, 0x01, 0x08, 0x42, 0x03, 0xe8, 0x41, 0x02, 0x08, 0x42, 0x03, 0x08, 0x4a,
    0x01, 0x07, 0x4a, 0x14, 0x08, 0x4a, 0x01, 0x28, 0x4a, 0x01, 0x28, 0x52, 0x01, 0x28, 0x4a, 0x05, 0x28, 0x52, 0x02, 0x48, 0x52, 0x04, 0x48, 0x5a,
    0x04, 0x68, 0x5a, 0x03, 0x69, 0x5a, 0x02, 0x69, 0x62, 0x02, 0x68, 0x62, 0x05, 0x89, 0x62, 0x03, 0x89, 0x6a, 0x03, 0xc3, 0x10, 0x02, 0xc4, 0x10,
    0x05, 0xc3, 0x10, 0x06, 0xa3, 0x10, 0x0e, 0xc3, 0x10, 0x05, 0xa3, 0x10, 0x02, 0xc3, 0x10, 0x01, 0xc4, 0x10, 0x0c, 0xe4, 0x18, 0x01, 0x04, 0x19,
    0x07, 0xe4, 0x18, 0x03, 0x04, 0x19, 0x05, 0x04, 0x21, 0x02, 0x24, 0x21, 0x01, 0x25, 0x29, 0x01, 0x45, 0x29, 0x03, 0x45, 0x31, 0x04, 0x65, 0x31,
    0x01, 0x45, 0x31, 0x02, 0x65, 0x31, 0x01, 0x65, 0x39, 0x01, 0x85, 0x39, 0x01, 0x86, 0x41, 0x01, 0xa6, 0x41, 0x01, 0xa6, 0x49, 0x01, 0xc6, 0x49,
    0x01, 0xe6, 0x51, 0x01, 0x07, 0x5a, 0x01, 0x27, 0x62, 0x01, 0x47, 0x6a, 0x01, 0x67, 0x72, 0x02, 0x27, 0x62, 0x01, 0x67, 0x72, 0x01, 0x47, 0x6a,
    0x01, 0x07, 0x5a, 0x01, 0x27, 0x62, 0x01, 0x07, 0x5a, 0x01, 0xe7, 0x49, 0x01, 0xe7, 0x51, 0x01, 0xc6, 0x41, 0x01, 0xa6, 0x41, 0x03, 0xa6, 0x39,
    0x01, 0x86, 0x31, 0x01, 0x86, 0x39, 0x01, 0xa6, 0x39, 0x01, 0xa6, 0x31, 0x02, 0xa6, 0x39, 0x02, 0xa6, 0x31, 0x01, 0x86, 0x31, 0x01, 0xa6, 0x39,
    0x03, 0xa7, 0x39, 0x01, 0xc7, 0x41, 0x01, 0xe7, 0x49, 0x01, 0xc7, 0x49, 0x01, 0xe7, 0x41, 0x01, 0xe7, 0x49, 0x01, 0xe7, 0x41, 0x01, 0xc7, 0x41,
    0x01, 0x86, 0x39, 0x01, 0xc4, 0x18, 0x01, 0xa3, 0x08, 0x01, 0xc3, 0x10, 0x01, 0xa3, 0x08, 0x01, 0x82, 0x08, 0x02, 0xa3, 0x08, 0x02, 0xa3, 0x10,
    0x01, 0xc3, 0x10, 0x01, 0x24, 0x29, 0x01, 0x27, 0x62, 0x01, 0x4a, 0x93, 0x01, 0xec, 0xab, 0x01, 0x8b, 0x9b, 0x01, 0xec, 0xa3, 0x01, 0x4b, 0x8b,
    0x03, 0x48, 0x5a, 0x01, 0x28, 0x52, 0x01, 0x48, 0x52, 0x01, 0x08, 0x4a, 0x01, 0xc7, 0x41, 0x01, 0x08, 0x52, 0x01, 0x28, 0x52, 0x03, 0x07, 0x4a,
    0x08, 0xe7, 0x41, 0x01, 0xe8, 0x41, 0x0a, 0xe7, 0x41, 0x02, 0x08, 0x42, 0x02, 0x08, 0x4a, 0x01, 0x28, 0x4a, 0x01, 0x28, 0x52, 0x05, 0x08, 0x4a,
    0x05, 0x28, 0x4a, 0x02, 0x28, 0x52, 0x02, 0x28, 0x4a, 0x01, 0x28, 0x52, 0x02, 0x28, 0x4a, 0x06, 0x08, 0x4a, 0x03, 0x28, 0x4a, 0x04, 0x28, 0x52,
    0x03, 0x48, 0x52, 0x01, 0x48, 0x5a, 0x01, 0x68, 0x5a, 0x02, 0x69, 0x5a, 0x01, 0x69, 0x62, 0x02, 0x89, 0x62, 0x01, 0x69, 0x5a, 0x02, 0x68, 0x5a,
    0x02, 0x69, 0x5a, 0x01, 0x69, 0x62, 0x06, 0x89, 0x62, 0x01, 0x89, 0x6a, 0x06, 0xa9, 0x6a, 0x01, 0xa9, 0x72, 0x06, 0xc4, 0x10, 0x0a, 0xc3, 0x10,
    0x04, 0xc4, 0x10, 0x01, 0xe4, 0x10, 0x03, 0xc4, 0x10, 0x01, 0xc3, 0x10, 0x04, 0xc4, 0x10, 0x02, 0xc3, 0x10, 0x05, 0xa3, 0x10, 0x07, 0xc3, 0x10,
    0x01, 0xc4, 0x18, 0x04, 0xe4, 0x18, 0x01, 0xe4, 0x20, 0x06, 0x04, 0x21, 0x05, 0xe4, 0x18, 0x06, 0x04, 0x19, 0x02, 0x04, 0x21, 0x01, 0x24, 0x21,
    0x01, 0x25, 0x29, 0x01, 0x45, 0x29, 0x01, 0x45, 0x31, 0x01, 0x65, 0x39, 0x01, 0x85, 0x41, 0x01, 0xa6, 0x41, 0x01, 0xa6, 0x49, 0x03, 0xc6, 0x49,
    0x01, 0xa6, 0x41, 0x01, 0x86, 0x41, 0x02, 0xa6, 0x41, 0x01, 0xa6, 0x49, 0x01, 0xc6, 0x51, 0x01, 0x07, 0x5a, 0x01, 0x27, 0x62, 0x01, 0x48, 0x6a,
    0x01, 0x68, 0x6a, 0x02, 0x27, 0x5a, 0x01, 0x47, 0x6a, 0x02, 0x27, 0x62, 0x01, 0x07, 0x5a, 0x01, 0xe7, 0x51, 0x01, 0x07, 0x5a, 0x01, 0x07, 0x52,
    0x01, 0xc7, 0x49, 0x02, 0xe7, 0x49, 0x01, 0xc7, 0x49, 0x01, 0xc7, 0x41, 0x01, 0xa6, 0x41, 0x01, 0xa7, 0x39, 0x01, 0xa6, 0x39, 0x01, 0xa6, 0x41,
    0x01, 0xe7, 0x49, 0x04, 0xc7, 0x41, 0x02, 0xa6, 0x39, 0x04, 0xa7, 0x39, 0x02, 0xc7, 0x39, 0x01, 0xa7, 0x39, 0x02, 0xa6, 0x39, 0x01, 0xa7, 0x39,
    0x01, 0xa6, 0x39, 0x02, 0xe4, 0x18, 0x01, 0x66, 0x29, 0x01, 0x45, 0x21, 0x01, 0x25, 0x19, 0x01, 0x05, 0x19, 0x01, 0xe4, 0x18, 0x01, 0xa3, 0x10,
    0x01, 0xa3, 0x08, 0x01, 0xe4, 0x10, 0x01, 0x25, 0x19, 0x01, 0x65, 0x29, 0x01, 0x68, 0x62, 0x01, 0x67, 0x6a, 0x01, 0xcc, 0xab, 0x01, 0x6d, 0xcc,
    0x01, 0x8e, 0xc4, 0x01, 0xab, 0xa3, 0x01, 0x8b, 0x9b, 0x01, 0x4b, 0x83, 0x01, 0x28, 0x52, 0x01, 0x07, 0x4a, 0x01, 0xc7, 0x41, 0x01, 0x45, 0x29,
    0x01, 0x88, 0x6a, 0x01, 0x48, 0x62, 0x01, 0xe7, 0x49, 0x02, 0x08, 0x4a, 0x01, 0x07, 0x4a, 0x01, 0x08, 0x4a, 0x01, 0x07, 0x4a, 0x02, 0xe7, 0x41,
    0x01, 0x07, 0x42, 0x02, 0x07, 0x4a, 0x03, 0x08, 0x4a, 0x01, 0xe7, 0x41, 0x02, 0x08, 0x42, 0x01, 0x07, 0x42, 0x03, 0xe7, 0x41, 0x02, 0x07, 0x4a,
    0x03, 0x08, 0x4a, 0x01, 0x28, 0x52, 0x02, 0x48, 0x5a, 0x01, 0x48, 0x52, 0x01, 0x28, 0x52, 0x01, 0x28, 0x4a, 0x01, 0x28, 0x52, 0x03, 0x28, 0x4a,
    0x01, 0x28, 0x52, 0x08, 0x48, 0x52, 0x0b, 0x28, 0x52, 0x01, 0x48, 0x52, 0x02, 0x48, 0x5a, 0x01, 0x68, 0x5a, 0x03, 0x89, 0x62, 0x01, 0xa9, 0x6a,
    0x01, 0x89, 0x6a, 0x02, 0x89, 0x62, 0x01, 0x69, 0x62, 0x02, 0x68, 0x5a, 0x02, 0x69, 0x62, 0x01, 0x68, 0x5a, 0x01, 0x69, 0x62, 0x02, 0x89, 0x62,
    0x01, 0xa9, 0x6a, 0x01, 0x89, 0x6a, 0x03, 0xa9, 0x6a, 0x01, 0xa9, 0x72, 0x01, 0xc9, 0x72, 0x01, 0xca, 0x72, 0x05, 0xc9, 0x72, 0x01, 0xc3, 0x10,
    0x04, 0xc4, 0x10, 0x02, 0xc3, 0x10, 0x03, 0xa3, 0x10, 0x03, 0xc3, 0x10, 0x03, 0xc4, 0x10, 0x01, 0xe4, 0x10, 0x09, 0xe4, 0x18, 0x01, 0xe4, 0x10,
    0x01, 0xc4, 0x10, 0x0d, 0xc3, 0x10, 0x01, 0xc3, 0x18, 0x04, 0xe4, 0x18, 0x01, 0xe4, 0x20, 0x11, 0x04, 0x21, 0x03, 0x24, 0x21, 0x03, 0x25, 0x21,
    0x02, 0x25, 0x29, 0x01, 0x45, 0x29, 0x02, 0x45, 0x31, 0x02, 0x65, 0x31, 0x03, 0x86, 0x39, 0x01, 0x85, 0x39, 0x01, 0x86, 0x39, 0x02, 0xa6, 0x41,
    0x01, 0xe6, 0x51, 0x01, 0x27, 0x62, 0x01, 0x47, 0x6a, 0x01, 0x48, 0x62, 0x01, 0x48, 0x6a, 0x01, 0x07, 0x52, 0x02, 0xa6, 0x41, 0x01, 0x86, 0x39,
    0x06, 0x86, 0x31, 0x01, 0xa6, 0x39, 0x01, 0xa7, 0x39, 0x01, 0xc7, 0x39, 0x02, 0xa7, 0x39, 0x06, 0xc7, 0x39, 0x02, 0xa6, 0x39, 0x01, 0xc7, 0x39,
    0x01, 0xa7, 0x39, 0x01, 0xa6, 0x39, 0x04, 0xa7, 0x39, 0x03, 0xc7, 0x39, 0x01, 0xa6, 0x39, 0x01, 0xc7, 0x41, 0x01, 0x04, 0x21, 0x01, 0x83, 0x08,
    0x01, 0xe4, 0x18, 0x02, 0x25, 0x21, 0x01, 0xa7, 0x29, 0x01, 0x05, 0x19, 0x01, 0xa3, 0x10, 0x01, 0xc3, 0x10, 0x01, 0xc4, 0x10, 0x01, 0x25, 0x21,
    0x01, 0x04, 0x19, 0x01, 0xa3, 0x10, 0x01, 0x24, 0x21, 0x01, 0xe6, 0x51, 0x01, 0x0a, 0x8b, 0x01, 0x4d, 0xbc, 0x01, 0x09, 0x83, 0x01, 0xec, 0xab,
    0x01, 0x4a, 0x93, 0x01, 0x2d, 0xac, 0x01, 0x2b, 0x7b, 0x01, 0xe8, 0x39, 0x01, 0x66, 0x29, 0x01, 0xc3, 0x10, 0x01, 0xa8, 0x72, 0x01, 0xec, 0xab,
    0x01, 0x2a, 0x83, 0x01, 0xe7, 0x49, 0x01, 0xe7, 0x41, 0x01, 0x28, 0x4a, 0x02, 0x07, 0x4a, 0x01, 0xe7, 0x49, 0x01, 0x07, 0x4a, 0x0a, 0x08, 0x4a,
    0x04, 0x07, 0x4a, 0x02, 0x08, 0x4a, 0x01, 0x28, 0x4a, 0x01, 0x28, 0x52, 0x01, 0x28, 0x4a, 0x02, 0x08, 0x4a, 0x01, 0x28, 0x4a, 0x01, 0x28, 0x52,
    0x01, 0x48, 0x52, 0x01, 0x48, 0x5a, 0x02, 0x68, 0x62, 0x02, 0x48, 0x5a, 0x01, 0x68, 0x62, 0x02, 0x89, 0x6a, 0x01, 0x68, 0x62, 0x02, 0x48, 0x5a,
    0x02, 0x68, 0x5a, 0x02, 0x48, 0x5a, 0x01, 0x48, 0x52, 0x01, 0x28, 0x52, 0x02, 0x48, 0x52, 0x03, 0x48, 0x5a, 0x01, 0x48, 0x52, 0x01, 0x28, 0x52,
    0x04, 0x48, 0x5a, 0x01, 0x89, 0x6a, 0x02, 0xa9, 0x72, 0x01, 0xc9, 0x7a, 0x01, 0xe9, 0x7a, 0x01, 0xa9, 0x6a, 0x01, 0xc9, 0x72, 0x01, 0xea, 0x7a,
    0x01, 0xc9, 0x72, 0x01, 0x89, 0x62, 0x02, 0xa9, 0x6a, 0x01, 0xe9, 0x72, 0x01, 0x0a, 0x7b, 0x01, 0xe9, 0x72, 0x01, 0xc9, 0x72, 0x01, 0x0a, 0x83,
    0x01, 0x2a, 0x8b, 0x02, 0x0a, 0x83, 0x01, 0x2a, 0x83, 0x02, 0x0a, 0x7b, 0x01, 0x0a, 0x83, 0x01, 0x2a, 0x83, 0x01, 0x0a, 0x83, 0x02, 0x0a, 0x7b,
    0x01, 0x0a, 0x83, 0x01, 0xc3, 0x10, 0x01, 0xc4, 0x10, 0x03, 0xc3, 0x10, 0x08, 0xa3, 0x10, 0x02, 0xc3, 0x10, 0x02, 0xc4, 0x10, 0x09, 0xe4, 0x18,
    0x01, 0xc4, 0x10, 0x0f, 0xc3, 0x10, 0x02, 0xe4, 0x18, 0x07, 0x04, 0x21, 0x04, 0x24, 0x21, 0x01, 0x04, 0x21, 0x01, 0x24, 0x21, 0x06, 0x25, 0x21,
    0x01, 0x25, 0x29, 0x03, 0x45, 0x29, 0x06, 0x25, 0x21, 0x01, 0x25, 0x29, 0x05, 0x45, 0x29, 0x04, 0x65, 0x31, 0x01, 0xa6, 0x39, 0x03, 0xa6, 0x41,
    0x01, 0x86, 0x39, 0x02, 0x66, 0x31, 0x05, 0x86, 0x31, 0x01, 0xa6, 0x31, 0x04, 0xa6, 0x39, 0x01, 0xa7, 0x39, 0x01, 0xc7, 0x39, 0x01, 0xc7, 0x41,
    0x01, 0xe7, 0x41, 0x01, 0xe7, 0x49, 0x01, 0x07, 0x52, 0x01, 0x08, 0x52, 0x01, 0xe7, 0x49, 0x01, 0xe7, 0x41, 0x04, 0xc7, 0x41, 0x03, 0xc7, 0x39,
    0x02, 0xa7, 0x39, 0x01, 0xc7, 0x39, 0x02, 0xc7, 0x41, 0x01, 0xe7, 0x41, 0x01, 0xa6, 0x39, 0x01, 0xc3, 0x18, 0x01, 0x82, 0x08, 0x01, 0xa3, 0x10,
    0x01, 0x83, 0x08, 0x01, 0x82, 0x08, 0x01, 0xa3, 0x10, 0x01, 0xe4, 0x18, 0x01, 0xc4, 0x10, 0x01, 0x25, 0x19, 0x01, 0x87, 0x29, 0x01, 0x46, 0x21,
    0x01, 0xc4, 0x10, 0x01, 0xc3, 0x10, 0x01, 0xa3, 0x08, 0x01, 0x83, 0x08, 0x01, 0xa3, 0x10, 0x01, 0x44, 0x31, 0x01, 0xe9, 0x7a, 0x01, 0x0c, 0xac,
    0x01, 0xec, 0xab, 0x01, 0x4d, 0xbc, 0x01, 0x47, 0x62, 0x01, 0x4e, 0xb4, 0x01, 0xad, 0x93, 0x01, 0x28, 0x52, 0x01, 0x25, 0x21, 0x01, 0x85, 0x39,
    0x01, 0x88, 0x6a, 0x01, 0xc6, 0x41, 0x01, 0xe4, 0x18, 0x01, 0xc3, 0x10, 0x01, 0x86, 0x39, 0x05, 0x08, 0x4a, 0x01, 0x28, 0x4a, 0x02, 0x28, 0x52,
    0x01, 0x28, 0x4a, 0x03, 0x28, 0x52, 0x01, 0x28, 0x4a, 0x06, 0x08, 0x4a, 0x02, 0x28, 0x52, 0x02, 0x48, 0x52, 0x01, 0x68, 0x62, 0x01, 0x88, 0x6a,
    0x01, 0xa8, 0x6a, 0x02, 0xa9, 0x72, 0x01, 0x88, 0x6a, 0x01, 0x68, 0x6a, 0x01, 0x88, 0x6a, 0x01, 0xa9, 0x72, 0x02, 0xe9, 0x7a, 0x01, 0xc9, 0x7a,
    0x01, 0x89, 0x6a, 0x07, 0x68, 0x5a, 0x02, 0x48, 0x5a, 0x03, 0x68, 0x5a, 0x03, 0x48, 0x5a, 0x01, 0x28, 0x52, 0x02, 0x28, 0x5a, 0x01, 0x48, 0x62,
    0x01, 0x68, 0x6a, 0x01, 0x88, 0x6a, 0x02, 0xa8, 0x72, 0x01, 0xc9, 0x7a, 0x01, 0x09, 0x83, 0x01, 0x4a, 0x93, 0x02, 0xab, 0xa3, 0x01, 0x6a, 0x93,
    0x01, 0xea, 0x7a, 0x01, 0xc9, 0x72, 0x02, 0xea, 0x7a, 0x01, 0xe9, 0x7a, 0x03, 0xea, 0x7a, 0x01, 0x2a, 0x83, 0x02, 0x4a, 0x8b, 0x01, 0x6b, 0x93,
    0x01, 0x4a, 0x8b, 0x01, 0x0a, 0x83, 0x01, 0xe9, 0x7a, 0x01, 0x09, 0x83, 0x04, 0x2a, 0x8b, 0x01, 0xc3, 0x10, 0x01, 0xa3, 0x10, 0x01, 0xc3, 0x10,
    0x02, 0xa3, 0x10, 0x02, 0xa3, 0x08, 0x06, 0xa3, 0x10, 0x05, 0xc3, 0x10, 0x01, 0xc4, 0x10, 0x01, 0xc3, 0x10, 0x01, 0xa3, 0x10, 0x03, 0xc3, 0x10,
    0x01, 0xc4, 0x10, 0x02, 0xc3, 0x10, 0x02, 0xc4, 0x10, 0x01, 0xc3, 0x10, 0x03, 0xc4, 0x10, 0x04, 0xc3, 0x10, 0x04, 0xa3, 0x10, 0x03, 0xc3, 0x10,
    0x01, 0xc3, 0x18, 0x02, 0xe4, 0x18, 0x02, 0x04, 0x21, 0x02, 0x24, 0x21, 0x04, 0x04, 0x21, 0x06, 0x25, 0x21, 0x01, 0x45, 0x29, 0x01, 0x25, 0x29,
    0x08, 0x25, 0x21, 0x01, 0x45, 0x21, 0x01, 0x25, 0x21, 0x01, 0x25, 0x29, 0x01, 0x45, 0x29, 0x02, 0x65, 0x29, 0x03, 0x45, 0x29, 0x02, 0x65, 0x31,
    0x01, 0xa6, 0x41, 0x01, 0xc7, 0x49, 0x01, 0xe7, 0x51, 0x01, 0xc6, 0x41, 0x03, 0x66, 0x31, 0x03, 0x86, 0x31, 0x01, 0xa6, 0x31, 0x01, 0xa6, 0x39,
    0x01, 0xa6, 0x31, 0x01, 0x86, 0x31, 0x02, 0xa6, 0x39, 0x01, 0xa7, 0x39, 0x02, 0xc7, 0x41, 0x01, 0xe7, 0x41, 0x01, 0xe7, 0x49, 0x01, 0x07, 0x52,
    0x01, 0x48, 0x5a, 0x01, 0x48, 0x62, 0x01, 0x28, 0x5a, 0x01, 0x28, 0x52, 0x03, 0x07, 0x4a, 0x01, 0xe7, 0x49, 0x01, 0xc7, 0x41, 0x02, 0x07, 0x4a,
    0x02, 0xc7, 0x41, 0x03, 0xe7, 0x49, 0x01, 0x28, 0x52, 0x01, 0x07, 0x52, 0x01, 0x04, 0x21, 0x01, 0x83, 0x08, 0x01, 0xa3, 0x10, 0x02, 0xa3, 0x08,
    0x01, 0x83, 0x08, 0x01, 0xa3, 0x10, 0x01, 0x82, 0x08, 0x01, 0xe4, 0x10, 0x01, 0x25, 0x21, 0x01, 0x46, 0x21, 0x01, 0x25, 0x19, 0x01, 0xc4, 0x10,
    0x01, 0xa3, 0x10, 0x01, 0xa3, 0x08, 0x01, 0xe4, 0x18, 0x01, 0x24, 0x29, 0x01, 0x44, 0x39, 0x01, 0x24, 0x31, 0x01, 0x24, 0x29, 0x01, 0xe9, 0x7a,
    0x01, 0xc9, 0x7a, 0x01, 0x2a, 0x8b, 0x01, 0xe9, 0x7a, 0x01, 0xcf, 0xcc, 0x01, 0x8f, 0xbc, 0x01, 0x0a, 0x7b, 0x01, 0x04, 0x29, 0x01, 0x44, 0x31,
    0x01, 0xc9, 0x7a, 0x01, 0x08, 0x4a, 0x01, 0x04, 0x19, 0x01, 0xa3, 0x10, 0x01, 0x07, 0x52, 0x02, 0x48, 0x5a, 0x01, 0x68, 0x62, 0x02, 0x48, 0x5a,
    0x07, 0x28, 0x52, 0x01, 0x48, 0x52, 0x05, 0x28, 0x52, 0x01, 0x48, 0x52, 0x01, 0x28, 0x52, 0x01, 0x48, 0x52, 0x01, 0x48, 0x5a, 0x01, 0x88, 0x6a,
    0x01, 0xa9, 0x6a, 0x01, 0x88, 0x6a, 0x02, 0x68, 0x62, 0x02, 0x48, 0x5a, 0x01, 0x68, 0x62, 0x01, 0x89, 0x6a, 0x02, 0xa9, 0x6a, 0x01, 0x88, 0x62,
    0x02, 0x68, 0x5a, 0x02, 0x68, 0x62, 0x04, 0x68, 0x5a, 0x03, 0x68, 0x62, 0x01, 0x88, 0x62, 0x02, 0xa9, 0x6a, 0x01, 0xa9, 0x72, 0x02, 0x2a, 0x8b,
    0x01, 0x29, 0x8b, 0x01, 0x2a, 0x93, 0x02, 0x4a, 0x93, 0x02, 0x2a, 0x93, 0x01, 0x6a, 0x9b, 0x01, 0xab, 0xa3, 0x01, 0xeb, 0xb3, 0x01, 0xcb, 0xab,
    0x01, 0x8b, 0x9b, 0x01, 0x2a, 0x83, 0x01, 0xe9, 0x7a, 0x01, 0xea, 0x7a, 0x01, 0x0a, 0x83, 0x01, 0x0a, 0x7b, 0x01, 0xea, 0x7a, 0x03, 0x0a, 0x83,
    0x02, 0x2a, 0x83, 0x01, 0x0a, 0x83, 0x01, 0xc9, 0x7a, 0x01, 0xa9, 0x72, 0x02, 0xa8, 0x72, 0x01, 0x88, 0x72, 0x01, 0xa9, 0x72, 0x01, 0xe9, 0x82,
    0x01, 0x2a, 0x8b, 0x01, 0x6a, 0x93, 0x01, 0x8b, 0x9b, 0x04, 0xa3, 0x10, 0x01, 0xa3, 0x08, 0x02, 0x83, 0x08, 0x01, 0xa3, 0x08, 0x0b, 0xa3, 0x10,
    0x02, 0xa3, 0x08, 0x06, 0xa3, 0x10, 0x07, 0xc3, 0x10, 0x0a, 0xa3, 0x10, 0x02, 0xc3, 0x10, 0x01, 0xc3, 0x18, 0x02, 0xe4, 0x18, 0x0a, 0x04, 0x21,
    0x01, 0x24, 0x21, 0x01, 0x24, 0x29, 0x02, 0x45, 0x31, 0x01, 0x65, 0x31, 0x01, 0x65, 0x39, 0x06, 0x45, 0x29, 0x05, 0x45, 0x21, 0x03, 0x45, 0x29,
    0x01, 0x65, 0x31, 0x01, 0x66, 0x31, 0x01, 0xa6, 0x41, 0x03, 0xc6, 0x41, 0x02, 0xa6, 0x41, 0x01, 0x86, 0x39, 0x03, 0xa6, 0x39, 0x01, 0xc6, 0x41,
    0x01, 0xe7, 0x41, 0x01, 0xe7, 0x49, 0x01, 0xc6, 0x41, 0x01, 0xa6, 0x41, 0x06, 0xc7, 0x41, 0x01, 0xe7, 0x49, 0x01, 0x07, 0x4a, 0x02, 0xe7, 0x49,
    0x01, 0xc7, 0x41, 0x01, 0x07, 0x52, 0x01, 0x27, 0x5a, 0x01, 0x27, 0x62, 0x01, 0x48, 0x6a, 0x01, 0x68, 0x6a, 0x01, 0x88, 0x72, 0x01, 0xe6, 0x51,
    0x01, 0x07, 0x5a, 0x01, 0xa8, 0x72, 0x01, 0xa8, 0x7a, 0x01, 0xa8, 0x82, 0x01, 0xa8, 0x7a, 0x01, 0x27, 0x5a, 0x02, 0x04, 0x21, 0x01, 0xc4, 0x10,
    0x01, 0x45, 0x21, 0x01, 0x05, 0x19, 0x01, 0x82, 0x08, 0x01, 0xa3, 0x08, 0x02, 0xa3, 0x10, 0x01, 0x82, 0x08, 0x01, 0x83, 0x08, 0x01, 0xa3, 0x08,
    0x01, 0x83, 0x08, 0x01, 0xc4, 0x10, 0x01, 0xc3, 0x10, 0x01, 0xa3, 0x08, 0x01, 0xc4, 0x10, 0x01, 0xe4, 0x18, 0x01, 0x65, 0x39, 0x01, 0x47, 0x6a,
    0x01, 0xe6, 0x59, 0x01, 0x04, 0x21, 0x01, 0x24, 0x29, 0x01, 0xa6, 0x49, 0x01, 0x07, 0x52, 0x01, 0x0d, 0xac, 0x01, 0x30, 0xd5, 0x01, 0x71, 0xdd,
    0x01, 0x10, 0xd5, 0x01, 0xcc, 0xa3, 0x01, 0x68, 0x6a, 0x01, 0x47, 0x62, 0x01, 0xe7, 0x49, 0x01, 0x66, 0x31, 0x01, 0xc4, 0x10, 0x01, 0xa8, 0x6a,
    0x01, 0xcc, 0xa3, 0x01, 0xa9, 0x72, 0x01, 0x68, 0x62, 0x01, 0x88, 0x6a, 0x02, 0x89, 0x6a, 0x01, 0x48, 0x5a, 0x01, 0x48, 0x52, 0x01, 0x48, 0x5a,
    0x01, 0x69, 0x62, 0x01, 0x69, 0x5a, 0x01, 0x68, 0x5a, 0x05, 0x48, 0x5a, 0x01, 0x68, 0x62, 0x01, 0x88, 0x62, 0x01, 0x88, 0x6a, 0x01, 0xa8, 0x6a,
    0x01, 0x89, 0x6a, 0x01, 0x68, 0x62, 0x02, 0x48, 0x5a, 0x01, 0x68, 0x5a, 0x02, 0x48, 0x5a, 0x02, 0x68, 0x62, 0x02, 0x68, 0x5a, 0x01, 0x88, 0x62,
    0x04, 0x89, 0x62, 0x03, 0x89, 0x6a, 0x03, 0xa9, 0x6a, 0x02, 0x89, 0x6a, 0x01, 0xa9, 0x6a, 0x01, 0xa9, 0x72, 0x01, 0xc9, 0x72, 0x01, 0xe9, 0x7a,
    0x01, 0x0a, 0x7b, 0x01, 0xea, 0x7a, 0x01, 0x2a, 0x83, 0x01, 0x0a, 0x83, 0x01, 0xea, 0x7a, 0x01, 0xe9, 0x7a, 0x01, 0xea, 0x7a, 0x01, 0x0a, 0x83,
    0x01, 0x8b, 0x93, 0x01, 0xab, 0xa3, 0x01, 0x6b, 0x93, 0x01, 0x2a, 0x83, 0x01, 0x0a, 0x83, 0x01, 0x0a, 0x7b, 0x01, 0x0a, 0x83, 0x02, 0x2a, 0x8b,
    0x01, 0x4a, 0x8b, 0x01, 0x6a, 0x93, 0x01, 0x6b, 0x93, 0x01, 0x4a, 0x8b, 0x02, 0x6b, 0x93, 0x01, 0x2a, 0x8b, 0x01, 0x2a, 0x83, 0x01, 0x09, 0x83,
    0x02, 0xe9, 0x82, 0x01, 0x09, 0x83, 0x01, 0x2a, 0x8b, 0x01, 0x4a, 0x93, 0x01, 0x6a, 0x93, 0x01, 0xab, 0x9b, 0x02, 0xcc, 0xa3, 0x07, 0x83, 0x08,
    0x03, 0xa3, 0x08, 0x06, 0xa3, 0x10, 0x04, 0xa3, 0x08, 0x18, 0xa3, 0x10, 0x04, 0xc3, 0x10, 0x01, 0xc3, 0x18, 0x02, 0xe4, 0x18, 0x05, 0x04, 0x21,
    0x01, 0xe4, 0x18, 0x02, 0x04, 0x21, 0x01, 0x24, 0x21, 0x01, 0x25, 0x29, 0x01, 0x45, 0x39, 0x06, 0x65, 0x39, 0x01, 0x65, 0x31, 0x02, 0x45, 0x29,
    0x01, 0x65, 0x29, 0x06, 0x45, 0x29, 0x01, 0x65, 0x29, 0x02, 0x65, 0x31, 0x01, 0x86, 0x31, 0x02, 0x86, 0x39, 0x02, 0xa6, 0x41, 0x02, 0xc6, 0x41,
    0x08, 0xa6, 0x39, 0x03, 0xa6, 0x41, 0x01, 0xc6, 0x41, 0x02, 0xc7, 0x41, 0x01, 0xc6, 0x41, 0x02, 0xa6, 0x41, 0x01, 0xc6, 0x41, 0x01, 0xe7, 0x49,
    0x01, 0x07, 0x5a, 0x01, 0x27, 0x62, 0x03, 0x47, 0x6a, 0x01, 0xc6, 0x49, 0x01, 0xa3, 0x10, 0x01, 0xa2, 0x10, 0x01, 0x85, 0x39, 0x01, 0x27, 0x62,
    0x01, 0x88, 0x72, 0x01, 0x67, 0x6a, 0x01, 0x04, 0x21, 0x01, 0x62, 0x00, 0x02, 0xa3, 0x10, 0x02, 0xe4, 0x10, 0x01, 0xc4, 0x10, 0x01, 0xc3, 0x10,
    0x01, 0xe4, 0x18, 0x01, 0xe4, 0x10, 0x01, 0x04, 0x19, 0x01, 0xe4, 0x18, 0x01, 0xa3, 0x10, 0x01, 0xc3, 0x10, 0x01, 0xa3, 0x10, 0x02, 0xc3, 0x10,
    0x01, 0x45, 0x21, 0x01, 0xe4, 0x18, 0x01, 0xc3, 0x10, 0x01, 0x27, 0x62, 0x01, 0x06, 0x62, 0x01, 0x65, 0x39, 0x01, 0xc3, 0x18, 0x01, 0xa5, 0x41,
    0x01, 0x85, 0x41, 0x01, 0x68, 0x62, 0x01, 0xa8, 0x6a, 0x01, 0x8e, 0xc4, 0x01, 0xce, 0xcc, 0x01, 0x8e, 0xc4, 0x01, 0x8d, 0xc4, 0x01, 0x06, 0x52,
    0x01, 0xca, 0x72, 0x01, 0x65, 0x29, 0x01, 0x25, 0x21, 0x01, 0x45, 0x29, 0x01, 0xe9, 0x82, 0x01, 0x85, 0x41, 0x01, 0xa3, 0x10, 0x01, 0x28, 0x5a,
    0x01, 0xea, 0x7a, 0x01, 0xa9, 0x6a, 0x01, 0x88, 0x62, 0x01, 0x89, 0x6a, 0x01, 0x68, 0x5a, 0x01, 0xa6, 0x39, 0x01, 0xe7, 0x49, 0x01, 0x68, 0x5a,
    0x01, 0x48, 0x5a, 0x01, 0x28, 0x52, 0x01, 0x27, 0x52, 0x01, 0x28, 0x52, 0x01, 0x48, 0x5a, 0x01, 0x88, 0x6a, 0x01, 0xa8, 0x72, 0x01, 0xe9, 0x82,
    0x01, 0x09, 0x8b, 0x01, 0xa8, 0x72, 0x01, 0x68, 0x6a, 0x01, 0x88, 0x6a, 0x02, 0x68, 0x62, 0x01, 0xa9, 0x6a, 0x01, 0xc9, 0x7a, 0x01, 0x0a, 0x83,
    0x02, 0x2a, 0x8b, 0x02, 0x4a, 0x93, 0x01, 0x2a, 0x8b, 0x01, 0x2a, 0x83, 0x01, 0x0a, 0x83, 0x01, 0xc9, 0x7a, 0x01, 0xa9, 0x72, 0x09, 0xa9, 0x6a,
    0x02, 0xc9, 0x72, 0x01, 0xa9, 0x6a, 0x01, 0xc9, 0x72, 0x02, 0xa9, 0x6a, 0x03, 0xc9, 0x72, 0x02, 0x0a, 0x7b, 0x01, 0xea, 0x7a, 0x01, 0x0a, 0x83,
    0x01, 0x4a, 0x93, 0x02, 0x6b, 0x93, 0x01, 0xab, 0x9b, 0x01, 0xcb, 0xab, 0x01, 0xcb, 0xa3, 0x01, 0x8b, 0x9b, 0x01, 0x4a, 0x8b, 0x01, 0x2a, 0x8b,
    0x01, 0x4a, 0x8b, 0x01, 0x8b, 0x93, 0x01, 0x6a, 0x93, 0x01, 0x4a, 0x93, 0x03, 0x6b, 0x93, 0x01, 0x6b, 0x8b, 0x01, 0x6b, 0x93, 0x01, 0x8b, 0x9b,
    0x01, 0xab, 0x9b, 0x01, 0x8b, 0x9b, 0x02, 0x8b, 0x93, 0x01, 0x8b, 0x9b, 0x02, 0x82, 0x08, 0x01, 0x83, 0x08, 0x02, 0x82, 0x08, 0x01, 0x83, 0x08,
    0x02, 0xa3, 0x08, 0x1a, 0xa3, 0x10, 0x0d, 0xc3, 0x10, 0x02, 0xc3, 0x18, 0x04, 0xe4, 0x18, 0x05, 0x04, 0x21, 0x01, 0x24, 0x21, 0x01, 0x24, 0x29,
    0x01, 0x45, 0x29, 0x04, 0x45, 0x31, 0x02, 0x65, 0x31, 0x01, 0x65, 0x29, 0x02, 0x45, 0x29, 0x01, 0x65, 0x31, 0x01, 0x86, 0x31, 0x01, 0x86, 0x39,
    0x05, 0x86, 0x31, 0x04, 0x86, 0x39, 0x01, 0x86, 0x31, 0x02, 0xa6, 0x39, 0x02, 0xa6, 0x41, 0x07, 0xa6, 0x39, 0x01, 0xa6, 0x41, 0x04, 0xc7, 0x41,
    0x02, 0xe7, 0x49, 0x01, 0x07, 0x52, 0x01, 0x27, 0x5a, 0x01, 0x07, 0x5a, 0x01, 0x27, 0x5a, 0x01, 0x07, 0x5a, 0x01, 0x07, 0x52, 0x01, 0xe7, 0x51,
    0x01, 0x07, 0x52, 0x01, 0x27, 0x52, 0x01, 0xa6, 0x41, 0x01, 0xc3, 0x18, 0x01, 0x62, 0x00, 0x01, 0xc4, 0x10, 0x01, 0xa3, 0x10, 0x01, 0x82, 0x08,
    0x01, 0xc4, 0x10, 0x01, 0x45, 0x21, 0x01, 0xc3, 0x10, 0x01, 0x82, 0x08, 0x02, 0xa3, 0x08, 0x01, 0x83, 0x08, 0x01, 0x62, 0x08, 0x01, 0x82, 0x08,
    0x01, 0xc3, 0x10, 0x01, 0xe4, 0x10, 0x01, 0xa3, 0x08, 0x01, 0x83, 0x08, 0x01, 0x25, 0x21, 0x01, 0xe4, 0x18, 0x01, 0x62, 0x08, 0x01, 0xa3, 0x10,
    0x01, 0xc3, 0x10, 0x01, 0xa3, 0x08, 0x01, 0x46, 0x21, 0x01, 0x25, 0x21, 0x01, 0xe4, 0x18, 0x01, 0xc4, 0x10, 0x01, 0xc3, 0x18, 0x01, 0x8a, 0xa3,
    0x01, 0x29, 0x8b, 0x01, 0x06, 0x52, 0x01, 0x24, 0x29, 0x01, 0x85, 0x39, 0x01, 0x24, 0x29, 0x01, 0xc3, 0x18, 0x01, 0x68, 0x62, 0x01, 0x6a, 0x93,
    0x01, 0x2d, 0xb4, 0x01, 0xcf, 0xd4, 0x01, 0x8b, 0x93, 0x01, 0xed, 0xab, 0x01, 0xcd, 0x9b, 0x01, 0x68, 0x62, 0x01, 0x65, 0x31, 0x01, 0xc6, 0x49,
    0x01, 0x6b, 0x93, 0x01, 0xe7, 0x49, 0x01, 0xc6, 0x41, 0x01, 0xa9, 0x6a, 0x01, 0x65, 0x29, 0x01, 0xe7, 0x49, 0x01, 0x28, 0x52, 0x01, 0x45, 0x29,
    0x01, 0xa3, 0x08, 0x01, 0xa3, 0x10, 0x01, 0xa6, 0x41, 0x01, 0x89, 0x6a, 0x01, 0xa9, 0x6a, 0x02, 0x68, 0x62, 0x01, 0xa8, 0x72, 0x01, 0xe9, 0x82,
    0x01, 0xc9, 0x7a, 0x01, 0xa8, 0x72, 0x01, 0x88, 0x6a, 0x01, 0xa8, 0x6a, 0x01, 0x68, 0x62, 0x01, 0x85, 0x39, 0x01, 0xc6, 0x49, 0x01, 0x09, 0x8b,
    0x01, 0x8a, 0xa3, 0x02, 0xab, 0xab, 0x01, 0xcb, 0xab, 0x01, 0xec, 0xb3, 0x01, 0xeb, 0xb3, 0x01, 0xab, 0xa3, 0x01, 0x6b, 0x9b, 0x02, 0x2a, 0x8b,
    0x01, 0x09, 0x83, 0x01, 0xe9, 0x7a, 0x01, 0x2a, 0x8b, 0x02, 0x4a, 0x93, 0x01, 0x2a, 0x83, 0x02, 0xe9, 0x7a, 0x01, 0x09, 0x83, 0x01, 0x0a, 0x83,
    0x01, 0xea, 0x7a, 0x02, 0xe9, 0x7a, 0x01, 0x0a, 0x7b, 0x02, 0xe9, 0x7a, 0x06, 0x0a, 0x7b, 0x01, 0x0a, 0x83, 0x01, 0x4a, 0x8b, 0x02, 0x6b, 0x93,
    0x01, 0x8b, 0x9b, 0x01, 0xab, 0x9b, 0x01, 0x8b, 0x9b, 0x01, 0x6b, 0x8b, 0x02, 0x4a, 0x8b, 0x01, 0x6b, 0x93, 0x01, 0x8b, 0x93, 0x02, 0x6b, 0x93,
    0x04, 0x8b, 0x9b, 0x02, 0xab, 0x9b, 0x01, 0xcb, 0xa3, 0x02, 0xec, 0xab, 0x01, 0xcc, 0xa3, 0x01, 0xcb, 0xa3, 0x01, 0xab, 0x9b, 0x02, 0x82, 0x08,
    0x04, 0x83, 0x08, 0x07, 0xa3, 0x10, 0x0b, 0xc3, 0x10, 0x08, 0xa3, 0x10, 0x03, 0xc3, 0x10, 0x02, 0xc3, 0x18, 0x04, 0xe4, 0x18, 0x01, 0xe4, 0x20,
    0x02, 0x04, 0x21, 0x08, 0xe4, 0x18, 0x02, 0x04, 0x21, 0x03, 0x24, 0x29, 0x01, 0x44, 0x31, 0x03, 0x45, 0x31, 0x08, 0x45, 0x29, 0x02, 0x65, 0x31,
    0x04, 0x86, 0x39, 0x02, 0x86, 0x31, 0x02, 0x86, 0x39, 0x01, 0xa6, 0x39, 0x02, 0xa7, 0x39, 0x08, 0xa6, 0x39, 0x01, 0xa6, 0x41, 0x01, 0xc6, 0x41,
    0x01, 0xc7, 0x49, 0x04, 0xe7, 0x49, 0x01, 0x07, 0x52, 0x01, 0x27, 0x5a, 0x01, 0x28, 0x5a, 0x01, 0x48, 0x62, 0x01, 0x48, 0x5a, 0x01, 0x28, 0x5a,
    0x01, 0x07, 0x52, 0x02, 0xe7, 0x49, 0x02, 0xe7, 0x41, 0x01, 0xe7, 0x49, 0x01, 0x65, 0x29, 0x01, 0xa3, 0x08, 0x01, 0x83, 0x08, 0x01, 0xa3, 0x08,
    0x01, 0xc4, 0x10, 0x01, 0xe4, 0x10, 0x02, 0xa3, 0x10, 0x02, 0xe4, 0x10, 0x01, 0x82, 0x08, 0x01, 0x83, 0x08, 0x03, 0x82, 0x08, 0x01, 0x83, 0x08,
    0x02, 0xa3, 0x10, 0x01, 0x05, 0x19, 0x01, 0xa7, 0x31, 0x01, 0x66, 0x29, 0x01, 0xc3, 0x10, 0x01, 0x04, 0x21, 0x02, 0x04, 0x19, 0x02, 0xa7, 0x31,
    0x01, 0xc3, 0x10, 0x01, 0xe4, 0x10, 0x01, 0xc3, 0x10, 0x01, 0xc4, 0x10, 0x01, 0x65, 0x31, 0x01, 0xc9, 0x72, 0x01, 0xe9, 0x7a, 0x01, 0xe9, 0x82,
    0x01, 0x47, 0x62, 0x01, 0xe6, 0x51, 0x01, 0x82, 0x10, 0x01, 0x65, 0x31, 0x01, 0x6a, 0x9b, 0x01, 0x6d, 0xc4, 0x01, 0x10, 0xd5, 0x01, 0x8b, 0x9b,
    0x01, 0xa6, 0x41, 0x01, 0x0d, 0xb4, 0x01, 0x4b, 0x8b, 0x01, 0x49, 0x5a, 0x01, 0x85, 0x39, 0x01, 0x07, 0x52, 0x01, 0xc9, 0x72, 0x01, 0x69, 0x5a,
    0x01, 0x86, 0x31, 0x01, 0xe4, 0x18, 0x01, 0x45, 0x29, 0x01, 0x25, 0x21, 0x01, 0xa3, 0x10, 0x02, 0xe4, 0x18, 0x01, 0xa5, 0x41, 0x01, 0x65, 0x31,
    0x01, 0x45, 0x31, 0x01, 0x88, 0x6a, 0x01, 0x0a, 0x83, 0x01, 0x09, 0x8b, 0x02, 0x6a, 0x9b, 0x02, 0x4a, 0x93, 0x01, 0x88, 0x6a, 0x01, 0x24, 0x29,
    0x01, 0xa3, 0x08, 0x01, 0x04, 0x21, 0x01, 0xa6, 0x39, 0x01, 0xe7, 0x49, 0x01, 0x27, 0x52, 0x02, 0x8b, 0x9b, 0x02, 0x4a, 0x8b, 0x01, 0x2a, 0x83,
    0x01, 0x0a, 0x83, 0x02, 0x09, 0x83, 0x01, 0x09, 0x8b, 0x01, 0x2a, 0x93, 0x01, 0x6a, 0x9b, 0x01, 0x4a, 0x93, 0x02, 0x2a, 0x8b, 0x01, 0x4a, 0x93,
    0x01, 0x6a, 0x93, 0x01, 0x8a, 0xa3, 0x01, 0xcb, 0xab, 0x02, 0xeb, 0xab, 0x01, 0xcb, 0xa3, 0x02, 0xcb, 0xab, 0x02, 0xab, 0x9b, 0x01, 0x8b, 0x9b,
    0x01, 0x2a, 0x8b, 0x02, 0x2a, 0x83, 0x01, 0x0a, 0x83, 0x01, 0x2a, 0x83, 0x01, 0x4a, 0x8b, 0x01, 0x2a, 0x8b, 0x01, 0x2a, 0x83, 0x01, 0x2a, 0x8b,
    0x03, 0x4a, 0x8b, 0x01, 0x4b, 0x8b, 0x01, 0x6b, 0x93, 0x01, 0x6b, 0x8b, 0x01, 0x4b, 0x8b, 0x02, 0x6b, 0x93, 0x01, 0x8b, 0x93, 0x02, 0x8b, 0x9b,
    0x01, 0xcb, 0xa3, 0x02, 0xcc, 0xa3, 0x01, 0xab, 0x9b, 0x01, 0x4a, 0x8b, 0x01, 0x0a, 0x83, 0x01, 0x4a, 0x8b, 0x01, 0xe9, 0x7a, 0x01, 0x64, 0x39,
    0x04, 0x83, 0x08, 0x0e, 0xa3, 0x10, 0x09, 0xc3, 0x10, 0x01, 0xa3, 0x10, 0x03, 0xc3, 0x10, 0x02, 0xc3, 0x18, 0x02, 0xe4, 0x18, 0x01, 0xc4, 0x18,
    0x06, 0xe4, 0x18, 0x04, 0x04, 0x21, 0x03, 0x24, 0x29, 0x02, 0x24, 0x21, 0x01, 0x24, 0x29, 0x01, 0x25, 0x29, 0x04, 0x45, 0x31, 0x02, 0x65, 0x31,
    0x01, 0x45, 0x31, 0x03, 0x45, 0x29, 0x01, 0x65, 0x29, 0x01, 0x65, 0x31, 0x01, 0x66, 0x31, 0x02, 0x65, 0x31, 0x02, 0x66, 0x31, 0x04, 0x86, 0x31,
    0x01, 0x86, 0x39, 0x01, 0x86, 0x31, 0x05, 0xa6, 0x39, 0x01, 0xc7, 0x39, 0x01, 0xa7, 0x39, 0x04, 0xa6, 0x39, 0x01, 0xa7, 0x39, 0x03, 0xc7, 0x41,
    0x04, 0xe7, 0x49, 0x01, 0x07, 0x4a, 0x02, 0x07, 0x52, 0x01, 0x27, 0x52, 0x02, 0x28, 0x52, 0x01, 0x08, 0x52, 0x02, 0x07, 0x4a, 0x01, 0x28, 0x52,
    0x01, 0x86, 0x39, 0x01, 0xe3, 0x18, 0x01, 0x65, 0x31, 0x01, 0xe4, 0x18, 0x01, 0x62, 0x08, 0x01, 0xa3, 0x08, 0x02, 0xa3, 0x10, 0x02, 0x82, 0x08,
    0x02, 0xa3, 0x08, 0x01, 0x83, 0x08, 0x01, 0x04, 0x19, 0x01, 0xc4, 0x10, 0x02, 0x82, 0x08, 0x01, 0x83, 0x08, 0x01, 0xa3, 0x08, 0x01, 0xc4, 0x10,
    0x01, 0xe4, 0x18, 0x01, 0xc4, 0x10, 0x01, 0x66, 0x29, 0x01, 0x86, 0x29, 0x01, 0x45, 0x21, 0x01, 0xc3, 0x10, 0x01, 0x45, 0x29, 0x01, 0x08, 0x42,
    0x01, 0x6a, 0x4a, 0x01, 0xa7, 0x31, 0x02, 0x09, 0x3a, 0x01, 0xa7, 0x31, 0x01, 0xa7, 0x29, 0x01, 0x46, 0x21, 0x01, 0xc3, 0x10, 0x01, 0x62, 0x00,
    0x01, 0xa3, 0x10, 0x01, 0xa8, 0x7a, 0x01, 0xce, 0xcc, 0x01, 0xae, 0xcc, 0x01, 0xe8, 0x82, 0x01, 0x44, 0x31, 0x01, 0x45, 0x31, 0x01, 0xa8, 0x6a,
    0x01, 0x28, 0x52, 0x01, 0x88, 0x6a, 0x01, 0xe7, 0x49, 0x01, 0x04, 0x21, 0x01, 0x27, 0x5a, 0x01, 0x29, 0x4a, 0x01, 0x86, 0x31, 0x01, 0x24, 0x21,
    0x01, 0x83, 0x08, 0x01, 0x45, 0x21, 0x01, 0x08, 0x42, 0x01, 0x04, 0x19, 0x01, 0x25, 0x21, 0x02, 0x04, 0x19, 0x01, 0x24, 0x21, 0x01, 0x04, 0x21,
    0x01, 0x24, 0x29, 0x01, 0xe3, 0x20, 0x01, 0xc6, 0x49, 0x01, 0xe6, 0x49, 0x01, 0xc9, 0x82, 0x01, 0x4a, 0x93, 0x01, 0x09, 0x83, 0x01, 0x09, 0x8b,
    0x01, 0xc9, 0x7a, 0x01, 0xa6, 0x39, 0x01, 0xc3, 0x10, 0x01, 0xa3, 0x10, 0x01, 0xe4, 0x10, 0x01, 0x86, 0x39, 0x01, 0xa7, 0x39, 0x01, 0x86, 0x29,
    0x01, 0x45, 0x29, 0x01, 0x47, 0x62, 0x01, 0xa8, 0x72, 0x03, 0x4a, 0x93, 0x02, 0x6a, 0x9b, 0x01, 0x8a, 0xa3, 0x02, 0xab, 0xa3, 0x02, 0xcb, 0xab,
    0x01, 0xab, 0xab, 0x01, 0xcb, 0xab, 0x02, 0xeb, 0xb3, 0x02, 0x0c, 0xb4, 0x01, 0x0b, 0xb4, 0x01, 0xeb, 0xb3, 0x01, 0xcb, 0xab, 0x01, 0x6a, 0x9b,
    0x02, 0x8b, 0x9b, 0x01, 0x2a, 0x8b, 0x03, 0x2a, 0x83, 0x02, 0x2a, 0x8b, 0x01, 0x2a, 0x83, 0x03, 0x2a, 0x8b, 0x01, 0x4a, 0x8b, 0x01, 0x4b, 0x8b,
    0x01, 0x6b, 0x8b, 0x07, 0x6b, 0x93, 0x01, 0x6a, 0x93, 0x01, 0x8b, 0x9b, 0x01, 0xcc, 0xab, 0x01, 0x68, 0x6a, 0x01, 0x88, 0x6a, 0x01, 0x4a, 0x93,
    0x01, 0xa6, 0x41, 0x01, 0xa3, 0x10, 0x01, 0xe3, 0x18, 0x01, 0xc3, 0x18, 0x01, 0x82, 0x08, 0x01, 0x41, 0x00, 0x02, 0x83, 0x08, 0x01, 0xa3, 0x08,
    0x09, 0xa3, 0x10, 0x02, 0xa3, 0x08, 0x07, 0xa3, 0x10, 0x03, 0xc3, 0x10, 0x01, 0xc3, 0x18, 0x01, 0xc4, 0x18, 0x01, 0xe4, 0x18, 0x01, 0xc4, 0x18,
    0x02, 0xc3, 0x18, 0x01, 0xc4, 0x18, 0x06, 0xe4, 0x18, 0x03, 0x04, 0x21, 0x02, 0x24, 0x29, 0x01, 0x45, 0x29, 0x03, 0x45, 0x31, 0x02, 0x65, 0x31,
    0x03, 0x45, 0x31, 0x02, 0x45, 0x29, 0x01, 0x65, 0x31, 0x05, 0x65, 0x29, 0x02, 0x66, 0x29, 0x01, 0x66, 0x31, 0x01, 0x86, 0x31, 0x03, 0x86, 0x39,
    0x05, 0x86, 0x31, 0x05, 0xa6, 0x39, 0x01, 0xa7, 0x39, 0x01, 0xa6, 0x39, 0x02, 0xa7, 0x39, 0x01, 0xc7, 0x39, 0x02, 0xa7, 0x39, 0x02, 0xa6, 0x39,
    0x01, 0xc7, 0x39, 0x01, 0xa7, 0x39, 0x02, 0xa6, 0x39, 0x01, 0xc7, 0x39, 0x01, 0xc7, 0x41, 0x02, 0xe7, 0x41, 0x04, 0xe7, 0x49, 0x01, 0x07, 0x4a,
    0x01, 0x28, 0x52, 0x02, 0x08, 0x4a, 0x01, 0x28, 0x52, 0x01, 0x48, 0x52, 0x01, 0xe7, 0x41, 0x01, 0x45, 0x29, 0x01, 0xa3, 0x10, 0x01, 0x82, 0x08,
    0x01, 0x83, 0x08, 0x01, 0xa3, 0x08, 0x01, 0x83, 0x08, 0x01, 0xa3, 0x10, 0x01, 0xc4, 0x10, 0x01, 0x82, 0x08, 0x01, 0xa3, 0x10, 0x01, 0xa3, 0x08,
    0x01, 0x83, 0x08, 0x02, 0x82, 0x08, 0x01, 0x25, 0x19, 0x01, 0xe4, 0x10, 0x01, 0x82, 0x08, 0x01, 0x83, 0x08, 0x01, 0x82, 0x08, 0x01, 0x83, 0x08,
    0x01, 0xc4, 0x10, 0x01, 0x82, 0x08, 0x01, 0xc4, 0x10, 0x01, 0xa3, 0x10, 0x01, 0x62, 0x08, 0x01, 0xc4, 0x18, 0x02, 0xa3, 0x10, 0x01, 0xc7, 0x39,
    0x01, 0x8a, 0x52, 0x01, 0xc4, 0x10, 0x01, 0x66, 0x29, 0x01, 0x29, 0x42, 0x01, 0xa7, 0x31, 0x01, 0x05, 0x19, 0x01, 0xc4, 0x10, 0x02, 0xc3, 0x10,
    0x01, 0xe3, 0x18, 0x01, 0x24, 0x39, 0x01, 0x27, 0x62, 0x01, 0xcb, 0xab, 0x01, 0xee, 0xdc, 0x01, 0x6d, 0xc4, 0x01, 0x27, 0x5a, 0x01, 0xa5, 0x41,
    0x01, 0xe6, 0x49, 0x01, 0x25, 0x21, 0x01, 0x68, 0x62, 0x01, 0xe4, 0x20, 0x01, 0x04, 0x21, 0x01, 0xc7, 0x39, 0x01, 0xa7, 0x31, 0x01, 0xa3, 0x10,
    0x02, 0x25, 0x21, 0x01, 0xe7, 0x41, 0x01, 0x08, 0x42, 0x01, 0x25, 0x21, 0x01, 0xe4, 0x18, 0x01, 0xc7, 0x39, 0x01, 0xa7, 0x39, 0x01, 0xc7, 0x39,
    0x01, 0x86, 0x39, 0x01, 0x04, 0x21, 0x01, 0x65, 0x31, 0x01, 0x48, 0x5a, 0x01, 0xe7, 0x41, 0x01, 0x65, 0x39, 0x01, 0xe4, 0x18, 0x01, 0xa6, 0x41,
    0x01, 0x24, 0x29, 0x01, 0x82, 0x00, 0x02, 0xc4, 0x10, 0x01, 0xc3, 0x10, 0x01, 0xe4, 0x18, 0x01, 0x65, 0x31, 0x01, 0x07, 0x4a, 0x01, 0x04, 0x21,
    0x01, 0x27, 0x5a, 0x01, 0x88, 0x6a, 0x01, 0x6a, 0x93, 0x01, 0x0c, 0xb4, 0x02, 0xeb, 0xb3, 0x01, 0xab, 0xab, 0x01, 0xcb, 0xab, 0x02, 0xeb, 0xab,
    0x01, 0xaa, 0xa3, 0x01, 0xab, 0xa3, 0x01, 0xcb, 0xa3, 0x01, 0xab, 0xa3, 0x01, 0xcb, 0xab, 0x01, 0xab, 0xa3, 0x01, 0x6a, 0x93, 0x01, 0x4a, 0x8b,
    0x01, 0x2a, 0x83, 0x01, 0x0a, 0x83, 0x01, 0x2a, 0x83, 0x01, 0x2a, 0x8b, 0x02, 0x2a, 0x83, 0x01, 0x2a, 0x8b, 0x01, 0x2a, 0x83, 0x08, 0x4a, 0x8b,
    0x01, 0x6a, 0x93, 0x01, 0x6b, 0x8b, 0x02, 0x6b, 0x93, 0x02, 0x8b, 0x93, 0x01, 0x6b, 0x93, 0x03, 0x8b, 0x9b, 0x01, 0xab, 0xa3, 0x01, 0xe9, 0x82,
    0x01, 0xc6, 0x41, 0x01, 0xa3, 0x10, 0x01, 0x82, 0x08, 0x01, 0xe3, 0x20, 0x04, 0x82, 0x08, 0x01, 0x62, 0x08, 0x01, 0x82, 0x08, 0x0f, 0xa3, 0x10,
    0x07, 0xc3, 0x10, 0x01, 0xc3, 0x18, 0x0a, 0xe4, 0x18, 0x01, 0xe4, 0x20, 0x05, 0x04, 0x21, 0x01, 0x24, 0x21, 0x01, 0x25, 0x29, 0x01, 0x45, 0x29,
    0x01, 0x45, 0x31, 0x09, 0x45, 0x29, 0x03, 0x65, 0x29, 0x01, 0x66, 0x29, 0x03, 0x66, 0x31, 0x01, 0x86, 0x31, 0x01, 0xa6, 0x39, 0x04, 0xa6, 0x41,
    0x07, 0xa6, 0x39, 0x02, 0xa7, 0x39, 0x01, 0xc7, 0x39, 0x03, 0xc7, 0x41, 0x02, 0xc7, 0x39, 0x03, 0xc7, 0x41, 0x02, 0xc7, 0x39, 0x03, 0xc7, 0x41,
    0x01, 0xc7, 0x39, 0x02, 0xe7, 0x41, 0x01, 0xc7, 0x41, 0x01, 0xa6, 0x39, 0x01, 0xe7, 0x41, 0x01, 0x08, 0x4a, 0x02, 0xe7, 0x49, 0x01, 0x08, 0x4a,
    0x01, 0x86, 0x31, 0x01, 0xe4, 0x18, 0x01, 0x65, 0x31, 0x01, 0xa6, 0x39, 0x01, 0x04, 0x21, 0x01, 0xc3, 0x10, 0x01, 0x83, 0x08, 0x01, 0xa3, 0x10,
    0x01, 0x04, 0x19, 0x01, 0xe4, 0x18, 0x01, 0xa3, 0x10, 0x01, 0x82, 0x08, 0x01, 0xa3, 0x10, 0x02, 0xe4, 0x10, 0x01, 0xe4, 0x18, 0x02, 0x82, 0x08,
    0x01, 0xc3, 0x10, 0x01, 0x83, 0x08, 0x01, 0x25, 0x21, 0x01, 0xc3, 0x10, 0x01, 0x62, 0x00, 0x01, 0x83, 0x08, 0x02, 0xc4, 0x10, 0x01, 0x82, 0x08,
    0x01, 0xa3, 0x10, 0x01, 0xe4, 0x10, 0x01, 0x25, 0x21, 0x01, 0x82, 0x10, 0x02, 0xa3, 0x10, 0x01, 0xc3, 0x10, 0x01, 0xc4, 0x10, 0x01, 0xa7, 0x31,
    0x01, 0x08, 0x3a, 0x01, 0x86, 0x29, 0x01, 0x25, 0x21, 0x01, 0xc4, 0x10, 0x01, 0xc3, 0x10, 0x01, 0xe4, 0x10, 0x02, 0xa3, 0x10, 0x01, 0xa3, 0x08,
    0x01, 0x04, 0x21, 0x01, 0x04, 0x31, 0x01, 0x03, 0x29, 0x01, 0x29, 0x8b, 0x01, 0xce, 0xcc, 0x01, 0x30, 0xdd, 0x01, 0xec, 0xa3, 0x01, 0xec, 0xab,
    0x01, 0xa6, 0x41, 0x01, 0x45, 0x29, 0x01, 0xcc, 0xa3, 0x01, 0xc6, 0x41, 0x01, 0x04, 0x21, 0x01, 0x28, 0x52, 0x02, 0x46, 0x29, 0x01, 0x28, 0x42,
    0x01, 0x08, 0x42, 0x01, 0x66, 0x29, 0x01, 0xe4, 0x18, 0x01, 0x25, 0x21, 0x01, 0xe7, 0x41, 0x01, 0x29, 0x4a, 0x01, 0x66, 0x31, 0x01, 0x45, 0x29,
    0x01, 0xe4, 0x18, 0x01, 0xa3, 0x08, 0x01, 0xc3, 0x10, 0x01, 0x05, 0x19, 0x01, 0xe4, 0x10, 0x01, 0xc4, 0x10, 0x01, 0x82, 0x08, 0x01, 0x83, 0x08,
    0x01, 0xc4, 0x10, 0x02, 0x04, 0x19, 0x01, 0xa3, 0x10, 0x01, 0xc3, 0x10, 0x01, 0xa3, 0x10, 0x01, 0x04, 0x21, 0x01, 0x24, 0x29, 0x01, 0x65, 0x39,
    0x01, 0x85, 0x39, 0x01, 0x65, 0x31, 0x01, 0xe9, 0x82, 0x01, 0x29, 0x93, 0x01, 0x4a, 0x93, 0x01, 0x0b, 0xb4, 0x01, 0xeb, 0xb3, 0x01, 0xeb, 0xab,
    0x01, 0xcb, 0xab, 0x02, 0xab, 0xa3, 0x02, 0xcb, 0xa3, 0x01, 0x8b, 0x9b, 0x01, 0x4a, 0x93, 0x03, 0x2a, 0x8b, 0x04, 0x4a, 0x8b, 0x02, 0x2a, 0x8b,
    0x02, 0x4a, 0x8b, 0x01, 0x6a, 0x8b, 0x03, 0x6b, 0x93, 0x02, 0x8b, 0x9b, 0x01, 0x6b, 0x93, 0x04, 0x8b, 0x9b, 0x02, 0xab, 0x9b, 0x01, 0xab, 0xa3,
    0x01, 0x8b, 0x93, 0x01, 0x8b, 0x9b, 0x01, 0xc9, 0x72, 0x01, 0xe6, 0x49, 0x01, 0xe4, 0x20, 0x01, 0x42, 0x00, 0x02, 0x82, 0x08, 0x01, 0x62, 0x08,
    0x05, 0x82, 0x08, 0x01, 0x62, 0x08, 0x02, 0xc3, 0x10, 0x04, 0xa3, 0x10, 0x02, 0xc3, 0x10, 0x01, 0xc3, 0x18, 0x01, 0xc4, 0x18, 0x04, 0xe4, 0x18,
    0x02, 0x04, 0x19, 0x08, 0xe4, 0x18, 0x02, 0xc3, 0x10, 0x02, 0xe4, 0x18, 0x06, 0x04, 0x21, 0x03, 0x24, 0x21, 0x02, 0x25, 0x29, 0x01, 0x45, 0x29,
    0x01, 0x45, 0x31, 0x02, 0x65, 0x31, 0x02, 0x45, 0x29, 0x02, 0x65, 0x29, 0x01, 0x45, 0x29, 0x05, 0x65, 0x29, 0x02, 0x66, 0x31, 0x01, 0x86, 0x31,
    0x02, 0x86, 0x39, 0x01, 0xa6, 0x39, 0x01, 0xc6, 0x49, 0x01, 0xe6, 0x49, 0x01, 0xe7, 0x51, 0x01, 0xc6, 0x49, 0x01, 0xc6, 0x41, 0x01, 0xc6, 0x49,
    0x01, 0xe7, 0x49, 0x01, 0xe7, 0x51, 0x01, 0x07, 0x5a, 0x04, 0x07, 0x52, 0x08, 0xc7, 0x41, 0x05, 0xe7, 0x41, 0x01, 0x86, 0x39, 0x01, 0xe4, 0x18,
    0x01, 0x65, 0x31, 0x01, 0x07, 0x52, 0x01, 0x66, 0x31, 0x01, 0x25, 0x21, 0x01, 0xc3, 0x10, 0x01, 0x04, 0x21, 0x01, 0x45, 0x31, 0x01, 0x25, 0x21,
    0x03, 0x04, 0x21, 0x01, 0x62, 0x08, 0x01, 0x82, 0x08, 0x01, 0xe4, 0x18, 0x01, 0x05, 0x19, 0x01, 0xc4, 0x10, 0x01, 0xa3, 0x10, 0x01, 0xc4, 0x10,
    0x01, 0x05, 0x19, 0x01, 0xe4, 0x10, 0x01, 0xe4, 0x18, 0x01, 0x04, 0x19, 0x01, 0x05, 0x19, 0x02, 0xc3, 0x10, 0x01, 0x66, 0x29, 0x01, 0xe4, 0x18,
    0x03, 0xa3, 0x10, 0x01, 0xe4, 0x10, 0x01, 0x45, 0x21, 0x01, 0x66, 0x21, 0x01, 0x25, 0x21, 0x01, 0x46, 0x21, 0x01, 0xe4, 0x18, 0x02, 0xa3, 0x08,
    0x01, 0xa3, 0x10, 0x01, 0xc3, 0x10, 0x01, 0xa3, 0x10, 0x01, 0x82, 0x08, 0x01, 0xa3, 0x10, 0x01, 0xc3, 0x10, 0x01, 0xe4, 0x10, 0x01, 0xe4, 0x18,
    0x01, 0x82, 0x08, 0x01, 0x25, 0x21, 0x01, 0xe8, 0x39, 0x01, 0xa3, 0x08, 0x01, 0x04, 0x19, 0x01, 0x66, 0x29, 0x01, 0xa3, 0x10, 0x01, 0xe4, 0x10,
    0x01, 0xe4, 0x18, 0x01, 0xc3, 0x10, 0x01, 0x83, 0x08, 0x01, 0x45, 0x29, 0x01, 0x85, 0x39, 0x01, 0x04, 0x29, 0x01, 0xc9, 0x72, 0x01, 0xab, 0x9b,
    0x01, 0xab, 0xa3, 0x01, 0x4a, 0x8b, 0x01, 0x2d, 0xb4, 0x01, 0x0a, 0x7b, 0x01, 0x0d, 0xb4, 0x01, 0x6d, 0xc4, 0x01, 0x27, 0x52, 0x01, 0xe9, 0x7a,
    0x01, 0x8c, 0x8b, 0x01, 0x69, 0x52, 0x01, 0x8a, 0x5a, 0x01, 0x08, 0x42, 0x01, 0x25, 0x21, 0x01, 0xa7, 0x39, 0x02, 0xc4, 0x18, 0x01, 0x25, 0x21,
    0x01, 0xa3, 0x08, 0x01, 0xc3, 0x10, 0x01, 0xa3, 0x10, 0x01, 0xc4, 0x10, 0x01, 0xa3, 0x10, 0x01, 0x05, 0x21, 0x01, 0x46, 0x21, 0x01, 0xc3, 0x10,
    0x01, 0xa3, 0x10, 0x01, 0xc3, 0x10, 0x01, 0xc4, 0x10, 0x01, 0x25, 0x21, 0x01, 0x04, 0x21, 0x01, 0xc3, 0x10, 0x01, 0xe4, 0x18, 0x02, 0xa3, 0x10,
    0x01, 0xe4, 0x18, 0x01, 0x68, 0x62, 0x01, 0x68, 0x6a, 0x01, 0xa5, 0x41, 0x01, 0xc6, 0x49, 0x01, 0x04, 0x29, 0x01, 0xc3, 0x18, 0x01, 0xc8, 0x7a,
    0x01, 0xab, 0xa3, 0x03, 0x8a, 0x9b, 0x01, 0x4a, 0x93, 0x01, 0x8a, 0x9b, 0x01, 0x8b, 0x9b, 0x01, 0x4a, 0x93, 0x01, 0x6a, 0x93, 0x02, 0x8b, 0x9b,
    0x01, 0xab, 0x9b, 0x02, 0x6a, 0x93, 0x01, 0x4a, 0x93, 0x01, 0x6a, 0x93, 0x06, 0x8b, 0x9b, 0x02, 0xcb, 0xa3, 0x02, 0xab, 0xa3, 0x01, 0x8b, 0xa3,
    0x01, 0xab, 0xa3, 0x01, 0x8a, 0x9b, 0x01, 0x8b, 0x9b, 0x01, 0xab, 0xa3, 0x01, 0xa8, 0x72, 0x01, 0xc5, 0x49, 0x01, 0x67, 0x6a, 0x01, 0x44, 0x31,
    0x01, 0x04, 0x21, 0x01, 0xc3, 0x10, 0x01, 0x62, 0x08, 0x01, 0x62, 0x00, 0x01, 0x83, 0x08, 0x03, 0x82, 0x08, 0x01, 0x83, 0x08, 0x01, 0x82, 0x08,
    0x04, 0x62, 0x08, 0x03, 0xc4, 0x18, 0x01, 0xc3, 0x18, 0x02, 0xc3, 0x10, 0x03, 0xc3, 0x18, 0x03, 0xe4, 0x18, 0x01, 0x04, 0x19, 0x09, 0x04, 0x21,
    0x01, 0x04, 0x19, 0x01, 0xe4, 0x18, 0x01, 0xe3, 0x18, 0x01, 0xc3, 0x18, 0x01, 0xe3, 0x18, 0x02, 0xe4, 0x18, 0x01, 0x04, 0x19, 0x02, 0x04, 0x21,
    0x02, 0x25, 0x21, 0x02, 0x25, 0x29, 0x03, 0x45, 0x29, 0x09, 0x65, 0x31, 0x01, 0x66, 0x31, 0x03, 0x86, 0x31, 0x02, 0x86, 0x39, 0x02, 0xa6, 0x41,
    0x01, 0xc6, 0x41, 0x02, 0xe6, 0x51, 0x01, 0xc7, 0x49, 0x01, 0xc6, 0x49, 0x01, 0xa6, 0x41, 0x01, 0xc7, 0x41, 0x02, 0xe7, 0x49, 0x02, 0x07, 0x52,
    0x01, 0x07, 0x5a, 0x01, 0x27, 0x5a, 0x01, 0x27, 0x52, 0x01, 0x07, 0x52, 0x04, 0xe7, 0x49, 0x05, 0xe7, 0x41, 0x02, 0xe7, 0x49, 0x02, 0x08, 0x4a,
    0x01, 0x45, 0x29, 0x01, 0x82, 0x08, 0x01, 0xe4, 0x20, 0x01, 0xc3, 0x18, 0x01, 0x45, 0x29, 0x01, 0x86, 0x31, 0x01, 0xe4, 0x18, 0x02, 0xa3, 0x10,
    0x01, 0xa6, 0x41, 0x01, 0x65, 0x31, 0x01, 0xe4, 0x18, 0x01, 0xc3, 0x10, 0x02, 0x82, 0x08, 0x01, 0xc3, 0x10, 0x01, 0x04, 0x19, 0x01, 0x25, 0x21,
    0x01, 0xe4, 0x18, 0x01, 0xa3, 0x08, 0x01, 0x82, 0x08, 0x01, 0xe4, 0x18, 0x01, 0x25, 0x21, 0x01, 0xe4, 0x18, 0x01, 0xa3, 0x08, 0x01, 0x82, 0x08,
    0x01, 0xa3, 0x10, 0x01, 0xc4, 0x10, 0x02, 0x83, 0x08, 0x01, 0xc3, 0x10, 0x01, 0xa7, 0x29, 0x01, 0x86, 0x29, 0x02, 0x04, 0x19, 0x01, 0xa7, 0x29,
    0x01, 0xe8, 0x31, 0x01, 0x25, 0x19, 0x01, 0x82, 0x08, 0x02, 0xa3, 0x10, 0x02, 0x83, 0x08, 0x02, 0xa3, 0x08, 0x01, 0xa3, 0x10, 0x02, 0x25, 0x21,
    0x01, 0xc4, 0x10, 0x01, 0x05, 0x19, 0x01, 0x09, 0x3a, 0x01, 0x86, 0x29, 0x01, 0x87, 0x29, 0x01, 0x29, 0x42, 0x01, 0x25, 0x19, 0x02, 0x66, 0x21,
    0x01, 0xc3, 0x10, 0x01, 0xa3, 0x08, 0x02, 0xc3, 0x10, 0x01, 0x04, 0x21, 0x01, 0x85, 0x39, 0x02, 0xc3, 0x18, 0x01, 0x44, 0x29, 0x01, 0xcc, 0xa3,
    0x01, 0x6b, 0x93, 0x01, 0x2d, 0xb4, 0x01, 0xcc, 0xab, 0x01, 0xab, 0x9b, 0x01, 0x6b, 0x8b, 0x01, 0x4b, 0x8b, 0x01, 0x2d, 0xb4, 0x01, 0x6c, 0x83,
    0x01, 0x6a, 0x52, 0x01, 0x69, 0x52, 0x01, 0x8a, 0x5a, 0x01, 0xc7, 0x39, 0x01, 0xe4, 0x18, 0x01, 0x45, 0x21, 0x01, 0x86, 0x31, 0x01, 0x25, 0x21,
    0x01, 0x83, 0x08, 0x02, 0xc3, 0x10, 0x01, 0x25, 0x21, 0x01, 0xe4, 0x18, 0x01, 0xa3, 0x10, 0x01, 0xe4, 0x18, 0x01, 0x25, 0x21, 0x02, 0xc3, 0x10,
    0x01, 0xa3, 0x10, 0x01, 0xe4, 0x10, 0x02, 0x45, 0x29, 0x01, 0x25, 0x21, 0x01, 0x45, 0x29, 0x01, 0x04, 0x19, 0x01, 0x04, 0x21, 0x01, 0xe9, 0x82,
    0x01, 0xa8, 0x72, 0x01, 0x65, 0x39, 0x01, 0x65, 0x31, 0x01, 0x65, 0x29, 0x01, 0x86, 0x39, 0x01, 0x47, 0x62, 0x01, 0x4a, 0x93, 0x01, 0xcb, 0xab,
    0x02, 0x0c, 0xb4, 0x01, 0x4a, 0x93, 0x01, 0x49, 0x93, 0x01, 0xeb, 0xb3, 0x01, 0xec, 0xb3, 0x01, 0xe9, 0x7a, 0x01, 0xa6, 0x39, 0x01, 0xa8, 0x72,
    0x01, 0xcb, 0xab, 0x01, 0xeb, 0xb3, 0x01, 0xcb, 0xab, 0x01, 0xeb, 0xb3, 0x03, 0x2c, 0xbc, 0x01, 0x0b, 0xbc, 0x01, 0xeb, 0xb3, 0x01, 0x0c, 0xb4,
    0x01, 0x2c, 0xbc, 0x01, 0x0c, 0xb4, 0x01, 0xeb, 0xab, 0x01, 0xab, 0xa3, 0x01, 0xcb, 0xab, 0x01, 0xab, 0xa3, 0x01, 0x8a, 0x9b, 0x01, 0x8a, 0xa3,
    0x01, 0xc6, 0x49, 0x01, 0xe3, 0x20, 0x01, 0x62, 0x00, 0x01, 0x62, 0x08, 0x01, 0x62, 0x00, 0x09, 0x82, 0x08, 0x05, 0x62, 0x08, 0x0b, 0xe4, 0x18,
    0x03, 0x04, 0x19, 0x07, 0x04, 0x21, 0x01, 0x24, 0x21, 0x06, 0x25, 0x21, 0x01, 0x24, 0x21, 0x04, 0x04, 0x21, 0x01, 0x25, 0x21, 0x03, 0x45, 0x29,
    0x01, 0x65, 0x29, 0x01, 0x66, 0x31, 0x02, 0x66, 0x29, 0x04, 0x66, 0x31, 0x03, 0x86, 0x31, 0x02, 0x86, 0x39, 0x02, 0xa6, 0x39, 0x01, 0xa6, 0x41,
    0x02, 0xc6, 0x41, 0x01, 0xc7, 0x41, 0x01, 0xe7, 0x49, 0x01, 0xc7, 0x41, 0x01, 0xe7, 0x49, 0x01, 0x86, 0x39, 0x01, 0xc3, 0x10, 0x01, 0xc3, 0x18,
    0x01, 0x45, 0x31, 0x02, 0xc7, 0x41, 0x02, 0xe7, 0x41, 0x02, 0xc7, 0x41, 0x09, 0xe7, 0x49, 0x01, 0x07, 0x4a, 0x01, 0x08, 0x4a, 0x02, 0x07, 0x4a,
    0x01, 0xe7, 0x49, 0x01, 0x25, 0x21, 0x02, 0xa3, 0x10, 0x01, 0x04, 0x29, 0x01, 0xc6, 0x49, 0x01, 0x45, 0x29, 0x02, 0xc4, 0x10, 0x02, 0xc3, 0x10,
    0x01, 0x04, 0x19, 0x01, 0xa7, 0x39, 0x01, 0x45, 0x21, 0x01, 0xa3, 0x08, 0x01, 0x83, 0x08, 0x01, 0xa3, 0x10, 0x01, 0x04, 0x19, 0x01, 0x45, 0x21,
    0x01, 0x66, 0x29, 0x01, 0xa3, 0x10, 0x01, 0xa3, 0x08, 0x01, 0xe4, 0x10, 0x01, 0xa3, 0x10, 0x01, 0xc4, 0x10, 0x01, 0x25, 0x21, 0x01, 0xc4, 0x10,
    0x01, 0xa3, 0x10, 0x01, 0xc4, 0x10, 0x02, 0xa3, 0x10, 0x01, 0xc3, 0x10, 0x01, 0xa3, 0x10, 0x01, 0xc3, 0x10, 0x02, 0xe4, 0x18, 0x01, 0x66, 0x29,
    0x01, 0xc8, 0x31, 0x01, 0x25, 0x19, 0x01, 0x25, 0x21, 0x01, 0x66, 0x29, 0x01, 0xc3, 0x10, 0x02, 0xa3, 0x10, 0x01, 0xc3, 0x10, 0x01, 0xa3, 0x10,
    0x01, 0xa3, 0x08, 0x01, 0xc3, 0x10, 0x02, 0x04, 0x19, 0x01, 0x82, 0x08, 0x01, 0x04, 0x19, 0x01, 0x66, 0x29, 0x01, 0xc3, 0x10, 0x01, 0xa7, 0x31,
    0x01, 0x29, 0x42, 0x01, 0xc8, 0x31, 0x01, 0x66, 0x29, 0x01, 0xa3, 0x08, 0x02, 0xc4, 0x10, 0x03, 0xc3, 0x10, 0x01, 0x04, 0x21, 0x01, 0x04, 0x29,
    0x01, 0xe3, 0x20, 0x01, 0x83, 0x08, 0x01, 0xe7, 0x49, 0x01, 0xcd, 0x9b, 0x01, 0xe7, 0x49, 0x01, 0x28, 0x52, 0x01, 0x8c, 0x8b, 0x01, 0xea, 0x6a,
    0x01, 0x0a, 0x73, 0x01, 0x6c, 0x8b, 0x01, 0xaa, 0x6a, 0x01, 0x6a, 0x5a, 0x01, 0x8a, 0x5a, 0x01, 0x8a, 0x52, 0x01, 0x69, 0x52, 0x01, 0x6a, 0x52,
    0x01, 0xe8, 0x41, 0x01, 0x86, 0x39, 0x01, 0x28, 0x4a, 0x01, 0x86, 0x31, 0x01, 0x66, 0x29, 0x01, 0x25, 0x21, 0x01, 0xa7, 0x31, 0x01, 0x86, 0x31,
    0x01, 0x25, 0x21, 0x01, 0xe8, 0x39, 0x01, 0x25, 0x21, 0x01, 0xa3, 0x08, 0x01, 0x83, 0x08, 0x01, 0xa3, 0x10, 0x01, 0x25, 0x21, 0x01, 0x28, 0x4a,
    0x01, 0xc7, 0x39, 0x01, 0x08, 0x42, 0x01, 0x86, 0x31, 0x01, 0xa6, 0x41, 0x01, 0x86, 0x41, 0x01, 0x65, 0x39, 0x01, 0xec, 0xab, 0x01, 0xac, 0xa3,
    0x01, 0x88, 0x6a, 0x01, 0x0a, 0x7b, 0x01, 0x27, 0x5a, 0x01, 0x88, 0x6a, 0x01, 0x0a, 0x7b, 0x01, 0xa9, 0x6a, 0x01, 0x0a, 0x7b, 0x01, 0x88, 0x6a,
    0x01, 0x04, 0x21, 0x01, 0xe4, 0x18, 0x01, 0x48, 0x5a, 0x01, 0xe7, 0x41, 0x01, 0xe4, 0x18, 0x01, 0xc4, 0x10, 0x01, 0xc3, 0x18, 0x01, 0xe6, 0x59,
    0x01, 0xab, 0xa3, 0x01, 0x8d, 0xcc, 0x01, 0x6c, 0xc4, 0x02, 0x2b, 0xbc, 0x01, 0x2c, 0xbc, 0x05, 0x0b, 0xb4, 0x01, 0xeb, 0xb3, 0x01, 0x2c, 0xbc,
    0x01, 0xab, 0xa3, 0x01, 0x65, 0x31, 0x01, 0x45, 0x29, 0x01, 0x44, 0x29, 0x01, 0x62, 0x00, 0x01, 0x82, 0x08, 0x01, 0x83, 0x08, 0x04, 0x82, 0x08,
    0x01, 0x62, 0x08, 0x01, 0x82, 0x08, 0x03, 0x62, 0x08, 0x01, 0x82, 0x08, 0x01, 0x62, 0x08, 0x01, 0x82, 0x08, 0x04, 0x62, 0x08, 0x03, 0xe4, 0x18,
    0x01, 0x04, 0x19, 0x01, 0xe4, 0x18, 0x03, 0x04, 0x19, 0x02, 0xe4, 0x18, 0x03, 0x04, 0x19, 0x05, 0x04, 0x21, 0x03, 0x24, 0x21, 0x04, 0x25, 0x21,
    0x03, 0x45, 0x29, 0x01, 0x25, 0x29, 0x02, 0x25, 0x21, 0x01, 0x45, 0x21, 0x05, 0x45, 0x29, 0x02, 0x66, 0x31, 0x01, 0x86, 0x31, 0x02, 0x66, 0x31,
    0x05, 0x86, 0x31, 0x01, 0x86, 0x39, 0x03, 0xa6, 0x39, 0x02, 0xa7, 0x39, 0x04, 0xc7, 0x41, 0x01, 0xe7, 0x41, 0x01, 0x45, 0x29, 0x02, 0xa3, 0x08,
    0x01, 0xe4, 0x20, 0x01, 0x44, 0x31, 0x01, 0xe6, 0x49, 0x01, 0x48, 0x5a, 0x03, 0xc7, 0x41, 0x01, 0x08, 0x52, 0x02, 0x07, 0x4a, 0x01, 0x08, 0x52,
    0x01, 0x08, 0x4a, 0x01, 0xc7, 0x41, 0x01, 0xe7, 0x41, 0x01, 0x28, 0x52, 0x02, 0x07, 0x4a, 0x02, 0x28, 0x52, 0x01, 0x48, 0x52, 0x01, 0x86, 0x39,
    0x02, 0xa3, 0x10, 0x01, 0x25, 0x21, 0x01, 0xe4, 0x18, 0x01, 0xa3, 0x18, 0x01, 0x85, 0x39, 0x01, 0x0b, 0x83, 0x01, 0xa9, 0x62, 0x01, 0x28, 0x42,
    0x01, 0x87, 0x31, 0x01, 0xa7, 0x31, 0x01, 0x6a, 0x52, 0x01, 0x86, 0x31, 0x01, 0xa3, 0x08, 0x02, 0x82, 0x08, 0x01, 0xa3, 0x08, 0x01, 0x04, 0x19,
    0x01, 0x25, 0x21, 0x01, 0xa3, 0x10, 0x01, 0x05, 0x21, 0x01, 0xc4, 0x18, 0x01, 0xe4, 0x18, 0x02, 0xa3, 0x10, 0x01, 0xa3, 0x08, 0x01, 0xe4, 0x18,
    0x01, 0xa7, 0x31, 0x02, 0xe4, 0x10, 0x01, 0xc3, 0x10, 0x01, 0xe4, 0x18, 0x01, 0xc4, 0x10, 0x01, 0xa3, 0x10, 0x01, 0xe4, 0x18, 0x01, 0xe8, 0x31,
    0x01, 0x09, 0x3a, 0x01, 0x25, 0x21, 0x01, 0x82, 0x08, 0x01, 0x66, 0x29, 0x01, 0x6a, 0x4a, 0x01, 0x25, 0x21, 0x01, 0x82, 0x08, 0x01, 0x25, 0x21,
    0x01, 0xe4, 0x10, 0x01, 0x83, 0x08, 0x01, 0xa3, 0x08, 0x01, 0xa3, 0x10, 0x01, 0x04, 0x19, 0x01, 0xc3, 0x10, 0x01, 0xe4, 0x18, 0x01, 0x46, 0x21,
    0x01, 0x82, 0x08, 0x01, 0x45, 0x21, 0x01, 0x6a, 0x4a, 0x01, 0xc8, 0x39, 0x01, 0x46, 0x21, 0x01, 0xc3, 0x10, 0x01, 0x87, 0x29, 0x01, 0x45, 0x21,
    0x01, 0xc3, 0x10, 0x01, 0xa3, 0x10, 0x03, 0xc3, 0x10, 0x01, 0x82, 0x08, 0x01, 0xc3, 0x18, 0x01, 0x65, 0x31, 0x01, 0xc3, 0x10, 0x01, 0xe7, 0x49,
    0x01, 0x89, 0x62, 0x01, 0xa7, 0x31, 0x01, 0x49, 0x4a, 0x01, 0xaa, 0x5a, 0x01, 0x49, 0x52, 0x02, 0x28, 0x4a, 0x01, 0x6a, 0x52, 0x01, 0x08, 0x42,
    0x01, 0xaa, 0x5a, 0x01, 0x8a, 0x52, 0x01, 0x6a, 0x52, 0x01, 0x25, 0x21, 0x01, 0x04, 0x21, 0x01, 0x69, 0x5a, 0x01, 0x8a, 0x5a, 0x02, 0x49, 0x4a,
    0x01, 0x09, 0x42, 0x01, 0x08, 0x42, 0x01, 0x49, 0x4a, 0x01, 0x08, 0x42, 0x01, 0x25, 0x21, 0x01, 0x86, 0x31, 0x01, 0xc7, 0x39, 0x01, 0xe8, 0x41,
    0x01, 0xc3, 0x10, 0x01, 0x25, 0x21, 0x01, 0x49, 0x4a, 0x01, 0xa7, 0x39, 0x01, 0xc3, 0x10, 0x01, 0xc3, 0x18, 0x01, 0x24, 0x29, 0x02, 0x65, 0x31,
    0x01, 0x4b, 0x8b, 0x01, 0x0d, 0xac, 0x01, 0xa9, 0x6a, 0x01, 0x65, 0x31, 0x01, 0x04, 0x21, 0x01, 0xa6, 0x39, 0x02, 0xe8, 0x41, 0x01, 0x87, 0x31,
    0x01, 0x45, 0x21, 0x01, 0x66, 0x29, 0x01, 0x25, 0x21, 0x01, 0x66, 0x31, 0x02, 0x04, 0x21, 0x01, 0x04, 0x19, 0x01, 0x85, 0x39, 0x01, 0xe6, 0x51,
    0x01, 0x88, 0x6a, 0x01, 0xaa, 0xa3, 0x01, 0x2b, 0xc4, 0x01, 0x4c, 0xc4, 0x01, 0x0b, 0xb4, 0x01, 0xeb, 0xb3, 0x02, 0xeb, 0xab, 0x01, 0xeb, 0xb3,
    0x01, 0xcb, 0xab, 0x01, 0x27, 0x5a, 0x01, 0xe9, 0x82, 0x01, 0xa5, 0x41, 0x01, 0x42, 0x00, 0x01, 0x82, 0x08, 0x01, 0x62, 0x08, 0x02, 0x82, 0x08,
    0x01, 0x62, 0x08, 0x02, 0x82, 0x08, 0x07, 0x62, 0x08, 0x01, 0x82, 0x08, 0x06, 0x62, 0x08, 0x01, 0xe4, 0x18, 0x03, 0x04, 0x19, 0x01, 0x04, 0x21,
    0x05, 0x04, 0x19, 0x07, 0x04, 0x21, 0x03, 0x24, 0x21, 0x03, 0x25, 0x21, 0x01, 0x25, 0x29, 0x06, 0x45, 0x29, 0x04, 0x65, 0x29, 0x01, 0x66, 0x29,
    0x02, 0x66, 0x31, 0x09, 0x86, 0x31, 0x01, 0x86, 0x39, 0x03, 0xa6, 0x39, 0x01, 0xc7, 0x41, 0x01, 0xa6, 0x39, 0x01, 0xa6, 0x41, 0x01, 0xa6, 0x39,
    0x01, 0xc7, 0x41, 0x01, 0xe7, 0x41, 0x01, 0xc7, 0x41, 0x01, 0xe4, 0x18, 0x02, 0xc3, 0x10, 0x01, 0x83, 0x08, 0x01, 0x04, 0x21, 0x01, 0x65, 0x39,
    0x01, 0x44, 0x39, 0x01, 0x44, 0x31, 0x01, 0x86, 0x39, 0x01, 0x45, 0x29, 0x01, 0x85, 0x41, 0x01, 0x86, 0x39, 0x01, 0xe7, 0x49, 0x02, 0xa6, 0x39,
    0x01, 0x45, 0x29, 0x01, 0xc6, 0x49, 0x01, 0xe7, 0x49, 0x04, 0xa6, 0x39, 0x01, 0xc7, 0x39, 0x01, 0x25, 0x21, 0x01, 0xa3, 0x08, 0x02, 0xc4, 0x10,
    0x01, 0x83, 0x08, 0x01, 0x25, 0x29, 0x01, 0x28, 0x52, 0x01, 0xc7, 0x31, 0x01, 0x29, 0x4a, 0x01, 0xaa, 0x62, 0x01, 0x49, 0x4a, 0x01, 0x29, 0x42,
    0x01, 0x29, 0x4a, 0x01, 0x45, 0x29, 0x02, 0x82, 0x08, 0x01, 0x83, 0x08, 0x01, 0x82, 0x08, 0x01, 0x25, 0x21, 0x01, 0x66, 0x29, 0x01, 0x04, 0x19,
    0x01, 0x82, 0x08, 0x01, 0x25, 0x21, 0x01, 0xe8, 0x39, 0x01, 0xc3, 0x10, 0x01, 0xa3, 0x10, 0x01, 0xc3, 0x10, 0x01, 0x82, 0x08, 0x01, 0x83, 0x08,
    0x01, 0xa7, 0x31, 0x01, 0x46, 0x21, 0x01, 0xa3, 0x08, 0x01, 0x04, 0x19, 0x01, 0xe4, 0x18, 0x01, 0xc4, 0x10, 0x01, 0xe8, 0x39, 0x01, 0xc7, 0x31,
    0x01, 0xe4, 0x18, 0x01, 0xa3, 0x10, 0x01, 0x45, 0x29, 0x01, 0x08, 0x42, 0x01, 0xa7, 0x31, 0x01, 0x86, 0x29, 0x01, 0x05, 0x21, 0x02, 0x87, 0x29,
    0x01, 0x83, 0x08, 0x01, 0xc3, 0x10, 0x01, 0xc4, 0x10, 0x01, 0x83, 0x08, 0x01, 0xa3, 0x10, 0x01, 0xa7, 0x31, 0x01, 0x29, 0x42, 0x01, 0x45, 0x21,
    0x01, 0x05, 0x19, 0x02, 0x66, 0x29, 0x01, 0xe4, 0x18, 0x01, 0x45, 0x21, 0x01, 0xe8, 0x39, 0x01, 0x46, 0x21, 0x01, 0xc3, 0x18, 0x01, 0xe3, 0x18,
    0x01, 0x83, 0x08, 0x01, 0xc3, 0x10, 0x01, 0x45, 0x31, 0x01, 0x04, 0x21, 0x01, 0xa3, 0x10, 0x01, 0x83, 0x08, 0x01, 0x45, 0x29, 0x01, 0x24, 0x29,
    0x01, 0xa3, 0x10, 0x01, 0xa6, 0x41, 0x01, 0x04, 0x19, 0x01, 0xc7, 0x39, 0x01, 0x28, 0x4a, 0x01, 0x28, 0x42, 0x01, 0x8a, 0x52, 0x01, 0xc7, 0x39,
    0x02, 0x29, 0x4a, 0x01, 0xc7, 0x39, 0x01, 0x45, 0x21, 0x01, 0x25, 0x21, 0x01, 0xc3, 0x10, 0x01, 0x25, 0x21, 0x01, 0xe8, 0x41, 0x01, 0x8a, 0x5a,
    0x01, 0x69, 0x52, 0x01, 0x6a, 0x52, 0x01, 0x8a, 0x52, 0x01, 0x6a, 0x52, 0x01, 0x8a, 0x52, 0x01, 0xab, 0x5a, 0x01, 0xaa, 0x5a, 0x01, 0x8a, 0x52,
    0x01, 0xaa, 0x5a, 0x01, 0x86, 0x31, 0x02, 0x25, 0x21, 0x01, 0xe4, 0x18, 0x01, 0xc3, 0x18, 0x04, 0x25, 0x21, 0x01, 0xe4, 0x18, 0x01, 0xc4, 0x10,
    0x01, 0xa6, 0x39, 0x01, 0x68, 0x5a, 0x02, 0x0b, 0x7b, 0x01, 0x28, 0x4a, 0x01, 0xa6, 0x31, 0x01, 0xc7, 0x39, 0x01, 0x28, 0x4a, 0x01, 0x29, 0x4a,
    0x01, 0xc7, 0x39, 0x01, 0x45, 0x29, 0x01, 0x04, 0x19, 0x01, 0x25, 0x21, 0x01, 0x45, 0x21, 0x01, 0x66, 0x31, 0x01, 0x86, 0x31, 0x01, 0xc6, 0x49,
    0x01, 0x45, 0x31, 0x01, 0x24, 0x29, 0x01, 0x06, 0x5a, 0x01, 0x88, 0x6a, 0x01, 0xab, 0xab, 0x01, 0x0c, 0xb4, 0x01, 0x0b, 0xb4, 0x01, 0xeb, 0xb3,
    0x01, 0xcb, 0xab, 0x01, 0x27, 0x5a, 0x01, 0x62, 0x00, 0x01, 0xa3, 0x08, 0x01, 0x83, 0x08, 0x01, 0xa3, 0x10, 0x01, 0x83, 0x08, 0x02, 0x82, 0x08,
    0x12, 0x62, 0x08, 0x01, 0x04, 0x21, 0x02, 0x04, 0x19, 0x02, 0x04, 0x21, 0x02, 0x04, 0x19, 0x01, 0x04, 0x21, 0x03, 0x04, 0x19, 0x03, 0x04, 0x21,
    0x01, 0x24, 0x21, 0x02, 0x04, 0x21, 0x03, 0x24, 0x21, 0x01, 0x25, 0x21, 0x01, 0x25, 0x29, 0x06, 0x45, 0x29, 0x01, 0x65, 0x29, 0x02, 0x65, 0x31,
    0x03, 0x66, 0x31, 0x03, 0x86, 0x31, 0x01, 0x86, 0x39, 0x01, 0x86, 0x31, 0x01, 0x86, 0x39, 0x01, 0x66, 0x31, 0x01, 0x86, 0x39, 0x01, 0x86, 0x31,
    0x01, 0x86, 0x39, 0x01, 0xc7, 0x39, 0x03, 0xa6, 0x39, 0x02, 0xc7, 0x41, 0x01, 0x65, 0x31, 0x01, 0xa3, 0x10, 0x01, 0x85, 0x41, 0x01, 0x27, 0x5a,
    0x01, 0x65, 0x31, 0x01, 0x66, 0x31, 0x01, 0xc3, 0x10, 0x01, 0x83, 0x08, 0x02, 0xa3, 0x08, 0x01, 0x83, 0x08, 0x01, 0xc3, 0x18, 0x01, 0x65, 0x31,
    0x01, 0x65, 0x39, 0x01, 0x44, 0x39, 0x01, 0x44, 0x31, 0x01, 0xe4, 0x20, 0x01, 0x48, 0x62, 0x01, 0x65, 0x39, 0x01, 0xa6, 0x41, 0x01, 0xc6, 0x49,
    0x01, 0x65, 0x31, 0x01, 0xa3, 0x10, 0x01, 0xa5, 0x41, 0x01, 0x07, 0x52, 0x01, 0x04, 0x21, 0x01, 0x45, 0x31, 0x01, 0x25, 0x21, 0x02, 0xa3, 0x10,
    0x01, 0xa3, 0x08, 0x01, 0x66, 0x29, 0x01, 0xa7, 0x31, 0x02, 0x25, 0x21, 0x01, 0xa6, 0x31, 0x02, 0xaa, 0x5a, 0x01, 0x49, 0x4a, 0x02, 0x86, 0x29,
    0x01, 0x87, 0x31, 0x01, 0xe4, 0x18, 0x01, 0x83, 0x08, 0x01, 0xa3, 0x08, 0x01, 0x83, 0x08, 0x01, 0x82, 0x08, 0x01, 0xa3, 0x08, 0x01, 0xc3, 0x10,
    0x01, 0x49, 0x42, 0x01, 0x86, 0x29, 0x01, 0xa3, 0x08, 0x01, 0xa3, 0x10, 0x01, 0xa7, 0x31, 0x01, 0x25, 0x21, 0x01, 0xa3, 0x10, 0x03, 0x82, 0x08,
    0x01, 0x25, 0x21, 0x01, 0x49, 0x42, 0x01, 0xa7, 0x31, 0x03, 0xc8, 0x31, 0x01, 0x66, 0x29, 0x01, 0x83, 0x08, 0x01, 0x82, 0x08, 0x01, 0x83, 0x08,
    0x01, 0xc4, 0x10, 0x01, 0x6a, 0x52, 0x01, 0x49, 0x4a, 0x01, 0x66, 0x29, 0x01, 0x09, 0x3a, 0x01, 0x4a, 0x42, 0x01, 0x09, 0x3a, 0x01, 0x87, 0x29,
    0x01, 0x66, 0x29, 0x01, 0x83, 0x08, 0x01, 0xe4, 0x18, 0x01, 0xa7, 0x31, 0x02, 0x4a, 0x42, 0x01, 0x04, 0x19, 0x01, 0xe4, 0x10, 0x01, 0xc8, 0x31,
    0x01, 0x45, 0x21, 0x01, 0x87, 0x29, 0x01, 0x66, 0x29, 0x01, 0xa3, 0x10, 0x01, 0x82, 0x08, 0x02, 0xa3, 0x10, 0x04, 0xe4, 0x18, 0x01, 0xc3, 0x10,
    0x02, 0x82, 0x08, 0x01, 0x45, 0x29, 0x01, 0xe4, 0x18, 0x01, 0xa3, 0x08, 0x01, 0xa3, 0x10, 0x01, 0xe4, 0x18, 0x01, 0x45, 0x29, 0x01, 0x49, 0x52,
    0x01, 0x49, 0x4a, 0x01, 0x04, 0x21, 0x01, 0xe4, 0x18, 0x01, 0xa7, 0x31, 0x01, 0x04, 0x19, 0x01, 0x05, 0x19, 0x01, 0x45, 0x29, 0x01, 0xc3, 0x10,
    0x01, 0xe7, 0x41, 0x01, 0x49, 0x52, 0x01, 0x6a, 0x52, 0x01, 0xe8, 0x41, 0x01, 0x25, 0x21, 0x01, 0xe8, 0x41, 0x01, 0x49, 0x4a, 0x01, 0x86, 0x31,
    0x01, 0x66, 0x29, 0x01, 0xa7, 0x31, 0x01, 0xab, 0x5a, 0x01, 0x08, 0x42, 0x01, 0xc7, 0x39, 0x02, 0x28, 0x52, 0x01, 0x65, 0x31, 0x01, 0xe4, 0x18,
    0x01, 0x04, 0x19, 0x01, 0x25, 0x21, 0x01, 0x66, 0x29, 0x01, 0xa7, 0x31, 0x01, 0x25, 0x21, 0x01, 0xe4, 0x18, 0x01, 0x83, 0x08, 0x01, 0x65, 0x31,
    0x01, 0xa9, 0x62, 0x01, 0x69, 0x5a, 0x01, 0x49, 0x52, 0x01, 0x8a, 0x5a, 0x01, 0x29, 0x4a, 0x01, 0x66, 0x29, 0x01, 0xc7, 0x39, 0x01, 0x28, 0x4a,
    0x01, 0x29, 0x52, 0x01, 0xc7, 0x39, 0x02, 0x45, 0x29, 0x01, 0x86, 0x31, 0x01, 0x25, 0x21, 0x01, 0x04, 0x19, 0x01, 0x65, 0x31, 0x01, 0x86, 0x39,
    0x02, 0x25, 0x21, 0x01, 0x45, 0x31, 0x01, 0x85, 0x39, 0x01, 0xe6, 0x49, 0x01, 0x27, 0x5a, 0x01, 0x04, 0x21, 0x05, 0x83, 0x08, 0x03, 0x82, 0x08,
    0x0d, 0x62, 0x08, 0x01, 0x82, 0x08, 0x04, 0x62, 0x08, 0x03, 0x04, 0x19, 0x0e, 0x04, 0x21, 0x01, 0x24, 0x21, 0x03, 0x04, 0x21, 0x03, 0x25, 0x21,
    0x01, 0x25, 0x29, 0x03, 0x45, 0x29, 0x01, 0x65, 0x29, 0x01, 0x65, 0x31, 0x01, 0x66, 0x31, 0x03, 0x86, 0x31, 0x03, 0x86, 0x39, 0x02, 0xa6, 0x39,
    0x01, 0x25, 0x21, 0x01, 0xc4, 0x18, 0x01, 0xa6, 0x49, 0x01, 0x07, 0x5a, 0x01, 0x27, 0x52, 0x01, 0x45, 0x29, 0x01, 0x86, 0x39, 0x01, 0xc7, 0x41,
    0x02, 0xa6, 0x39, 0x01, 0x25, 0x21, 0x01, 0xc3, 0x10, 0x01, 0xa3, 0x10, 0x01, 0xe3, 0x18, 0x01, 0x65, 0x39, 0x01, 0x65, 0x31, 0x01, 0xe4, 0x18,
    0x01, 0xc3, 0x10, 0x01, 0xa3, 0x10, 0x02, 0x83, 0x08, 0x01, 0x82, 0x08, 0x01, 0xc3, 0x10, 0x01, 0xe4, 0x20, 0x01, 0x45, 0x31, 0x01, 0xa6, 0x49,
    0x01, 0x65, 0x39, 0x01, 0x04, 0x21, 0x01, 0xc6, 0x41, 0x01, 0x4b, 0x93, 0x01, 0x2a, 0x8b, 0x01, 0x89, 0x6a, 0x01, 0x88, 0x6a, 0x01, 0x65, 0x29,
    0x01, 0xe4, 0x18, 0x02, 0x45, 0x29, 0x01, 0x46, 0x29, 0x01, 0xe4, 0x18, 0x01, 0xa7, 0x31, 0x01, 0xe8, 0x41, 0x01, 0x08, 0x42, 0x01, 0x6a, 0x52,
    0x01, 0x08, 0x42, 0x01, 0x09, 0x42, 0x01, 0x29, 0x42, 0x01, 0x8a, 0x52, 0x01, 0x6a, 0x4a, 0x01, 0xe8, 0x41, 0x01, 0x29, 0x42, 0x01, 0x87, 0x31,
    0x03, 0x82, 0x08, 0x01, 0xa3, 0x08, 0x02, 0xa3, 0x10, 0x01, 0xa3, 0x08, 0x01, 0x04, 0x19, 0x01, 0xc4, 0x18, 0x02, 0xa7, 0x31, 0x01, 0x87, 0x29,
    0x01, 0xc3, 0x10, 0x01, 0x04, 0x19, 0x01, 0xc8, 0x39, 0x01, 0x25, 0x21, 0x01, 0xe4, 0x18, 0x01, 0x04, 0x19, 0x01, 0xa7, 0x31, 0x04, 0x29, 0x42,
    0x01, 0xa7, 0x31, 0x01, 0xa3, 0x10, 0x01, 0x82, 0x08, 0x01, 0xa3, 0x08, 0x01, 0xa3, 0x10, 0x01, 0xa3, 0x08, 0x01, 0x82, 0x08, 0x01, 0xc3, 0x10,
    0x01, 0x86, 0x29, 0x01, 0xa7, 0x31, 0x02, 0x09, 0x3a, 0x02, 0x29, 0x42, 0x01, 0x2a, 0x42, 0x01, 0xc8, 0x31, 0x01, 0xe8, 0x39, 0x01, 0x49, 0x42,
    0x01, 0x29, 0x42, 0x01, 0x4a, 0x42, 0x01, 0xe8, 0x39, 0x01, 0x4a, 0x42, 0x01, 0x09, 0x42, 0x01, 0x46, 0x21, 0x01, 0xa3, 0x10, 0x01, 0x62, 0x08,
    0x01, 0x82, 0x08, 0x02, 0xa3, 0x10, 0x01, 0xc3, 0x10, 0x01, 0xa3, 0x10, 0x01, 0xc3, 0x10, 0x01, 0x83, 0x08, 0x01, 0x04, 0x21, 0x01, 0x25, 0x21,
    0x01, 0x04, 0x21, 0x01, 0xa3, 0x10, 0x01, 0xc7, 0x31, 0x01, 0xa7, 0x31, 0x01, 0xc3, 0x10, 0x01, 0xe4, 0x18, 0x01, 0xc3, 0x10, 0x01, 0xc4, 0x18,
    0x01, 0x66, 0x29, 0x01, 0xe8, 0x41, 0x01, 0xe4, 0x18, 0x01, 0x82, 0x08, 0x01, 0x83, 0x08, 0x01, 0xc4, 0x10, 0x01, 0xe4, 0x18, 0x01, 0x66, 0x29,
    0x01, 0x25, 0x21, 0x01, 0x04, 0x21, 0x01, 0x28, 0x4a, 0x01, 0xe8, 0x41, 0x01, 0x66, 0x29, 0x01, 0xc3, 0x10, 0x01, 0xe4, 0x18, 0x01, 0x04, 0x19,
    0x01, 0xa3, 0x10, 0x01, 0xc3, 0x10, 0x01, 0x66, 0x29, 0x01, 0x49, 0x4a, 0x01, 0xa7, 0x31, 0x01, 0x66, 0x29, 0x01, 0x65, 0x31, 0x01, 0xe7, 0x49,
    0x01, 0x28, 0x5a, 0x01, 0xc7, 0x41, 0x01, 0x65, 0x31, 0x01, 0x45, 0x29, 0x05, 0xe4, 0x18, 0x01, 0xc3, 0x10, 0x01, 0xe4, 0x18, 0x01, 0x86, 0x31,
    0x01, 0x49, 0x4a, 0x01, 0xe8, 0x41, 0x01, 0x86, 0x31, 0x01, 0x25, 0x21, 0x01, 0xc4, 0x10, 0x01, 0x25, 0x21, 0x01, 0x69, 0x5a, 0x01, 0x8a, 0x5a,
    0x01, 0xc7, 0x39, 0x01, 0x04, 0x21, 0x02, 0xe4, 0x18, 0x01, 0x04, 0x19, 0x01, 0xc3, 0x10, 0x01, 0xe4, 0x18, 0x01, 0xc3, 0x10, 0x01, 0xe4, 0x18,
    0x01, 0x83, 0x08, 0x01, 0x62, 0x00, 0x02, 0x42, 0x00, 0x01, 0x62, 0x08, 0x03, 0x83, 0x08, 0x02, 0x82, 0x08, 0x04, 0x62, 0x08, 0x01, 0x82, 0x08,
    0x0a, 0x62, 0x08, 0x02, 0x82, 0x08, 0x04, 0x62, 0x08, 0x01, 0xe4, 0x18, 0x03, 0x04, 0x19, 0x0a, 0x04, 0x21, 0x04, 0x24, 0x21, 0x04, 0x04, 0x21,
    0x02, 0x24, 0x21, 0x02, 0x25, 0x21, 0x03, 0x25, 0x29, 0x02, 0x45, 0x29, 0x01, 0x65, 0x31, 0x01, 0x86, 0x39, 0x01, 0xa6, 0x39, 0x01, 0x86, 0x31,
    0x02, 0x86, 0x39, 0x01, 0x86, 0x31, 0x01, 0x25, 0x29, 0x01, 0xe4, 0x18, 0x01, 0xc4, 0x10, 0x01, 0xa5, 0x49, 0x01, 0x0a, 0x8b, 0x01, 0x48, 0x62,
    0x01, 0xe6, 0x51, 0x01, 0xc6, 0x49, 0x01, 0x68, 0x6a, 0x01, 0xc6, 0x41, 0x02, 0x45, 0x21, 0x01, 0xc3, 0x10, 0x01, 0xe4, 0x18, 0x01, 0x66, 0x29,
    0x01, 0x25, 0x21, 0x01, 0xc4, 0x10, 0x01, 0xe4, 0x18, 0x01, 0xa3, 0x10, 0x01, 0x82, 0x08, 0x01, 0xa3, 0x08, 0x01, 0xc3, 0x10, 0x03, 0xa3, 0x10,
    0x01, 0xe3, 0x18, 0x01, 0x45, 0x31, 0x01, 0x88, 0x6a, 0x01, 0xe6, 0x49, 0x01, 0xe4, 0x18, 0x01, 0x24, 0x29, 0x01, 0x68, 0x62, 0x01, 0x49, 0x5a,
    0x01, 0xe7, 0x49, 0x01, 0xaa, 0x62, 0x01, 0x89, 0x62, 0x01, 0xa6, 0x39, 0x01, 0x45, 0x29, 0x01, 0xc7, 0x39, 0x01, 0x49, 0x4a, 0x01, 0x6a, 0x52,
    0x01, 0x66, 0x29, 0x02, 0x25, 0x21, 0x01, 0x49, 0x4a, 0x01, 0x29, 0x42, 0x02, 0x86, 0x31, 0x01, 0xa7, 0x31, 0x01, 0xe8, 0x39, 0x01, 0x87, 0x31,
    0x01, 0xc3, 0x10, 0x01, 0x82, 0x08, 0x01, 0xa3, 0x08, 0x01, 0xa3, 0x10, 0x02, 0xc3, 0x10, 0x02, 0xa3, 0x08, 0x01, 0x66, 0x29, 0x01, 0x4a, 0x4a,
    0x01, 0x29, 0x42, 0x01, 0x09, 0x42, 0x01, 0xa7, 0x31, 0x01, 0xc3, 0x10, 0x01, 0xa7, 0x31, 0x01, 0xe8, 0x39, 0x01, 0x29, 0x42, 0x01, 0x09, 0x42,
    0x01, 0xc8, 0x31, 0x02, 0x29, 0x42, 0x03, 0xe8, 0x39, 0x01, 0xc3, 0x10, 0x01, 0x62, 0x08, 0x01, 0xa3, 0x08, 0x01, 0x83, 0x08, 0x01, 0xa3, 0x10,
    0x02, 0xc3, 0x10, 0x01, 0xa3, 0x10, 0x01, 0x45, 0x29, 0x01, 0x6a, 0x4a, 0x01, 0x09, 0x42, 0x01, 0x09, 0x3a, 0x02, 0xc8, 0x31, 0x01, 0xa7, 0x31,
    0x01, 0x46, 0x21, 0x01, 0x25, 0x21, 0x01, 0xe8, 0x39, 0x01, 0x6a, 0x42, 0x01, 0x29, 0x42, 0x01, 0x6a, 0x4a, 0x01, 0xc8, 0x31, 0x03, 0xa3, 0x10,
    0x01, 0xa3, 0x08, 0x02, 0x83, 0x08, 0x01, 0xa3, 0x10, 0x01, 0xc3, 0x10, 0x01, 0xa3, 0x10, 0x01, 0x82, 0x08, 0x01, 0x62, 0x08, 0x01, 0xe4, 0x18,
    0x01, 0x86, 0x29, 0x01, 0xa7, 0x31, 0x01, 0x45, 0x21, 0x01, 0xe4, 0x18, 0x01, 0x87, 0x31, 0x01, 0xe8, 0x39, 0x01, 0x25, 0x21, 0x01, 0xc3, 0x10,
    0x01, 0xe4, 0x18, 0x02, 0xc3, 0x10, 0x01, 0xe4, 0x18, 0x01, 0xa3, 0x08, 0x01, 0xe4, 0x18, 0x01, 0x45, 0x29, 0x01, 0xa3, 0x08, 0x01, 0xa3, 0x10,
    0x01, 0xe4, 0x10, 0x01, 0xe4, 0x18, 0x01, 0xc3, 0x18, 0x01, 0xe8, 0x39, 0x01, 0x86, 0x31, 0x01, 0xc4, 0x10, 0x01, 0xc3, 0x10, 0x01, 0x83, 0x08,
    0x01, 0xc3, 0x10, 0x01, 0xe4, 0x10, 0x01, 0xc4, 0x10, 0x02, 0xe4, 0x18, 0x01, 0x83, 0x08, 0x01, 0xa3, 0x08, 0x01, 0x04, 0x21, 0x01, 0xa6, 0x39,
    0x01, 0x28, 0x52, 0x01, 0xe7, 0x41, 0x01, 0xc7, 0x41, 0x01, 0x65, 0x31, 0x01, 0xe4, 0x18, 0x01, 0xc4, 0x10, 0x02, 0xe4, 0x18, 0x02, 0x04, 0x21,
    0x01, 0xc4, 0x10, 0x01, 0x66, 0x29, 0x01, 0xe8, 0x41, 0x01, 0x45, 0x29, 0x01, 0x04, 0x19, 0x01, 0xa3, 0x10, 0x01, 0x83, 0x08, 0x01, 0xe4, 0x18,
    0x01, 0xa7, 0x39, 0x01, 0x25, 0x21, 0x02, 0x82, 0x08, 0x02, 0xa3, 0x10, 0x01, 0x82, 0x08, 0x01, 0x83, 0x08, 0x01, 0x82, 0x08, 0x01, 0x62, 0x08,
    0x08, 0x82, 0x08, 0x0e, 0x62, 0x08, 0x01, 0x82, 0x08, 0x03, 0x62, 0x08, 0x01, 0x82, 0x08, 0x04, 0x62, 0x08, 0x01, 0xe4, 0x18, 0x01, 0x04, 0x19,
    0x0d, 0x04, 0x21, 0x04, 0x24, 0x21, 0x02, 0x25, 0x21, 0x02, 0x25, 0x29, 0x06, 0x45, 0x29, 0x01, 0x65, 0x31, 0x03, 0x45, 0x29, 0x01, 0x24, 0x21,
    0x01, 0x85, 0x39, 0x01, 0xe6, 0x51, 0x01, 0xa6, 0x41, 0x01, 0x65, 0x31, 0x01, 0x04, 0x19, 0x02, 0xe4, 0x18, 0x01, 0x04, 0x21, 0x01, 0xe7, 0x49,
    0x01, 0x28, 0x5a, 0x01, 0xe7, 0x49, 0x01, 0x48, 0x5a, 0x01, 0xe7, 0x41, 0x01, 0x45, 0x29, 0x01, 0x66, 0x29, 0x03, 0xa7, 0x31, 0x01, 0x25, 0x21,
    0x01, 0xa3, 0x08, 0x01, 0xa3, 0x10, 0x01, 0x83, 0x08, 0x03, 0xa3, 0x08, 0x01, 0xc4, 0x10, 0x01, 0xe4, 0x20, 0x01, 0x04, 0x21, 0x01, 0xa3, 0x10,
    0x01, 0xc3, 0x10, 0x01, 0x45, 0x29, 0x01, 0x07, 0x4a, 0x01, 0x28, 0x52, 0x01, 0x66, 0x31, 0x02, 0xc3, 0x10, 0x01, 0x86, 0x39, 0x01, 0xe8, 0x41,
    0x01, 0x66, 0x29, 0x01, 0xe4, 0x18, 0x01, 0x83, 0x08, 0x01, 0x82, 0x08, 0x01, 0x45, 0x29, 0x02, 0x29, 0x4a, 0x01, 0xe8, 0x39, 0x01, 0x86, 0x31,
    0x01, 0xc7, 0x39, 0x01, 0x08, 0x42, 0x01, 0xc7, 0x31, 0x01, 0xe4, 0x18, 0x01, 0x25, 0x21, 0x01, 0x86, 0x29, 0x01, 0x25, 0x21, 0x01, 0xc4, 0x10,
    0x01, 0x82, 0x08, 0x01, 0xa3, 0x10, 0x01, 0x04, 0x19, 0x01, 0xe4, 0x18, 0x01, 0xa3, 0x10, 0x03, 0x83, 0x08, 0x01, 0x04, 0x21, 0x01, 0xc8, 0x39,
    0x01, 0xa7, 0x31, 0x01, 0x25, 0x21, 0x02, 0xa3, 0x10, 0x01, 0xc4, 0x10, 0x01, 0xa7, 0x31, 0x01, 0xc7, 0x39, 0x01, 0x87, 0x31, 0x01, 0x04, 0x19,
    0x01, 0xc4, 0x10, 0x01, 0x04, 0x19, 0x01, 0x66, 0x21, 0x01, 0xc8, 0x31, 0x01, 0xc4, 0x10, 0x03, 0xa3, 0x08, 0x01, 0x82, 0x08, 0x01, 0xc3, 0x10,
    0x01, 0xc4, 0x10, 0x01, 0xc3, 0x10, 0x01, 0xa3, 0x08, 0x01, 0x82, 0x08, 0x01, 0xa3, 0x10, 0x01, 0x87, 0x29, 0x01, 0x09, 0x3a, 0x01, 0x08, 0x3a,
    0x01, 0x04, 0x19, 0x01, 0x62, 0x08, 0x01, 0x04, 0x19, 0x01, 0x08, 0x3a, 0x01, 0xe8, 0x39, 0x01, 0xa7, 0x31, 0x01, 0xe8, 0x39, 0x01, 0x25, 0x21,
    0x01, 0x83, 0x08, 0x01, 0xe4, 0x10, 0x01, 0x25, 0x21, 0x01, 0xc3, 0x10, 0x01, 0xa3, 0x08, 0x01, 0x82, 0x08, 0x01, 0x62, 0x08, 0x01, 0xa3, 0x10,
    0x01, 0xe4, 0x18, 0x01, 0x83, 0x08, 0x02, 0x82, 0x08, 0x01, 0x83, 0x08, 0x02, 0xa3, 0x10, 0x01, 0xe4, 0x18, 0x01, 0xc4, 0x10, 0x01, 0x45, 0x29,
    0x01, 0xc7, 0x39, 0x01, 0x05, 0x19, 0x01, 0xc3, 0x10, 0x01, 0xe4, 0x18, 0x01, 0x04, 0x21, 0x01, 0x82, 0x08, 0x01, 0xa3, 0x10, 0x01, 0xc3, 0x10,
    0x01, 0xe4, 0x18, 0x01, 0x66, 0x29, 0x01, 0x45, 0x21, 0x01, 0xa3, 0x10, 0x01, 0x82, 0x08, 0x01, 0x45, 0x29, 0x01, 0x65, 0x29, 0x01, 0xc4, 0x10,
    0x01, 0x04, 0x19, 0x02, 0x25, 0x21, 0x01, 0xe4, 0x18, 0x02, 0xc3, 0x10, 0x01, 0xc4, 0x10, 0x01, 0xa3, 0x10, 0x01, 0xc3, 0x10, 0x01, 0xe4, 0x18,
    0x01, 0xc4, 0x10, 0x01, 0xc3, 0x10, 0x01, 0xc4, 0x10, 0x01, 0x25, 0x21, 0x01, 0x66, 0x31, 0x01, 0x25, 0x29, 0x01, 0x45, 0x29, 0x01, 0x86, 0x31,
    0x01, 0x45, 0x29, 0x02, 0x04, 0x19, 0x03, 0xe4, 0x18, 0x02, 0xa3, 0x10, 0x02, 0x04, 0x21, 0x01, 0x62, 0x00, 0x02, 0x62, 0x08, 0x02, 0x62, 0x00,
    0x05, 0x62, 0x08, 0x02, 0x82, 0x08, 0x04, 0x62, 0x08, 0x02, 0x82, 0x08, 0x0e, 0x62, 0x08, 0x03, 0x82, 0x08, 0x09, 0x62, 0x08, 0x02, 0xe4, 0x18,
    0x01, 0xa3, 0x10, 0x0a, 0x04, 0x21, 0x01, 0x24, 0x21, 0x05, 0x25, 0x21, 0x02, 0x25, 0x29, 0x02, 0x45, 0x29, 0x03, 0x65, 0x31, 0x01, 0x66, 0x31,
    0x01, 0x86, 0x39, 0x01, 0xa6, 0x39, 0x01, 0x25, 0x21, 0x01, 0xa3, 0x10, 0x01, 0xc3, 0x10, 0x02, 0xa3, 0x10, 0x01, 0x24, 0x29, 0x01, 0xa8, 0x7a,
    0x01, 0xa8, 0x72, 0x01, 0xa8, 0x7a, 0x01, 0x28, 0x5a, 0x01, 0x45, 0x21, 0x01, 0xc4, 0x18, 0x01, 0xc4, 0x10, 0x01, 0x25, 0x21, 0x01, 0xc7, 0x41,
    0x01, 0x66, 0x29, 0x01, 0xe4, 0x18, 0x01, 0x05, 0x19, 0x01, 0x66, 0x29, 0x01, 0x86, 0x29, 0x01, 0x87, 0x31, 0x01, 0x25, 0x21, 0x01, 0xe4, 0x18,
    0x01, 0xc4, 0x10, 0x03, 0xa3, 0x08, 0x01, 0x82, 0x08, 0x01, 0x83, 0x08, 0x01, 0x25, 0x21, 0x01, 0xc7, 0x39, 0x01, 0x66, 0x29, 0x01, 0x08, 0x42,
    0x01, 0xc7, 0x39, 0x01, 0x45, 0x29, 0x01, 0xa3, 0x10, 0x01, 0x25, 0x21, 0x01, 0x66, 0x29, 0x02, 0xc7, 0x31, 0x01, 0x25, 0x21, 0x01, 0x82, 0x08,
    0x01, 0xc3, 0x10, 0x01, 0xa3, 0x08, 0x01, 0x82, 0x08, 0x01, 0xa3, 0x10, 0x02, 0xc3, 0x10, 0x01, 0x45, 0x21, 0x01, 0xc7, 0x39, 0x01, 0xe8, 0x41,
    0x02, 0x29, 0x42, 0x01, 0x08, 0x42, 0x01, 0x46, 0x29, 0x01, 0x25, 0x21, 0x01, 0x45, 0x21, 0x01, 0x04, 0x19, 0x02, 0x45, 0x21, 0x01, 0x83, 0x08,
    0x01, 0xa3, 0x08, 0x01, 0x82, 0x08, 0x02, 0x62, 0x08, 0x01, 0x83, 0x08, 0x01, 0xa3, 0x10, 0x02, 0x82, 0x08, 0x01, 0xa3, 0x10, 0x01, 0xc4, 0x10,
    0x01, 0xc3, 0x10, 0x01, 0x82, 0x08, 0x01, 0xa3, 0x10, 0x01, 0xc3, 0x10, 0x01, 0xa3, 0x10, 0x01, 0xc3, 0x10, 0x02, 0x25, 0x21, 0x01, 0x62, 0x08,
    0x01, 0xe4, 0x10, 0x01, 0xc8, 0x39, 0x01, 0x25, 0x21, 0x01, 0xa3, 0x08, 0x01, 0xa3, 0x10, 0x01, 0xa3, 0x08, 0x01, 0x83, 0x08, 0x01, 0xa3, 0x10,
    0x01, 0xc3, 0x10, 0x01, 0x83, 0x08, 0x01, 0x82, 0x08, 0x01, 0xa3, 0x10, 0x01, 0x62, 0x08, 0x01, 0xc3, 0x10, 0x02, 0xe4, 0x18, 0x01, 0x46, 0x21,
    0x02, 0x82, 0x08, 0x01, 0xc3, 0x10, 0x02, 0x46, 0x21, 0x01, 0x05, 0x19, 0x01, 0xa3, 0x10, 0x01, 0x83, 0x08, 0x02, 0xa3, 0x10, 0x01, 0xe4, 0x10,
    0x01, 0xc4, 0x10, 0x01, 0xa3, 0x08, 0x02, 0x62, 0x08, 0x01, 0x83, 0x08, 0x02, 0xa3, 0x10, 0x01, 0x83, 0x08, 0x01, 0x82, 0x08, 0x02, 0xa3, 0x10,
    0x01, 0xc3, 0x10, 0x01, 0xa3, 0x10, 0x01, 0xc3, 0x10, 0x01, 0xa3, 0x10, 0x01, 0xe4, 0x18, 0x01, 0x45, 0x21, 0x01, 0xc4, 0x10, 0x01, 0xc3, 0x10,
    0x01, 0xe4, 0x18, 0x01, 0xc4, 0x10, 0x02, 0xa3, 0x10, 0x01, 0xc3, 0x10, 0x01, 0xa3, 0x10, 0x01, 0x04, 0x21, 0x01, 0xe4, 0x18, 0x01, 0xa3, 0x10,
    0x01, 0xc3, 0x10, 0x01, 0x04, 0x19, 0x01, 0xc3, 0x10, 0x01, 0xa3, 0x10, 0x01, 0xc4, 0x10, 0x02, 0x25, 0x21, 0x01, 0xe4, 0x18, 0x01, 0x82, 0x08,
    0x01, 0x83, 0x08, 0x01, 0xc4, 0x10, 0x01, 0x83, 0x08, 0x01, 0x82, 0x08, 0x01, 0xa3, 0x10, 0x02, 0x82, 0x08, 0x01, 0x62, 0x08, 0x01, 0x82, 0x08,
    0x01, 0xc4, 0x18, 0x01, 0x04, 0x19, 0x01, 0xe4, 0x18, 0x01, 0x04, 0x21, 0x01, 0x04, 0x19, 0x01, 0xe4, 0x18, 0x01, 0x83, 0x08, 0x04, 0x62, 0x08,
    0x02, 0x62, 0x00, 0x10, 0x62, 0x08, 0x01, 0x82, 0x08, 0x0f, 0x62, 0x08, 0x01, 0x82, 0x08, 0x0b, 0x62, 0x08, 0x01, 0xe4, 0x18, 0x01, 0x82, 0x10,
    0x01, 0x21, 0x00, 0x01, 0xe4, 0x18, 0x02, 0x04, 0x21, 0x03, 0x25, 0x21, 0x02, 0x04, 0x21, 0x01, 0x24, 0x21, 0x02, 0x25, 0x21, 0x06, 0x25, 0x29,
    0x02, 0x45, 0x29, 0x02, 0x65, 0x31, 0x01, 0x45, 0x29, 0x01, 0x25, 0x29, 0x02, 0x45, 0x29, 0x01, 0xe4, 0x18, 0x01, 0xa3, 0x08, 0x02, 0xa3, 0x10,
    0x01, 0xa3, 0x08, 0x01, 0xe4, 0x18, 0x01, 0xa3, 0x10, 0x01, 0x24, 0x29, 0x01, 0x48, 0x62, 0x01, 0x48, 0x5a, 0x01, 0x28, 0x5a, 0x01, 0xe7, 0x41,
    0x02, 0xa7, 0x31, 0x01, 0x86, 0x29, 0x01, 0x25, 0x21, 0x02, 0x66, 0x29, 0x01, 0xe4, 0x18, 0x01, 0x25, 0x21, 0x01, 0x04, 0x19, 0x01, 0x25, 0x21,
    0x01, 0x24, 0x21, 0x01, 0xe4, 0x18, 0x01, 0xc3, 0x10, 0x01, 0xe4, 0x18, 0x01, 0x46, 0x21, 0x02, 0x25, 0x21, 0x01, 0x66, 0x29, 0x01, 0xc7, 0x39,
    0x01, 0x08, 0x42, 0x01, 0x49, 0x4a, 0x01, 0x08, 0x42, 0x01, 0xa7, 0x31, 0x01, 0x66, 0x29, 0x01, 0x45, 0x29, 0x01, 0x25, 0x21, 0x01, 0xa7, 0x31,
    0x01, 0x87, 0x29, 0x01, 0x46, 0x29, 0x02, 0xc4, 0x10, 0x01, 0xe4, 0x10, 0x01, 0xc3, 0x10, 0x01, 0xa3, 0x10, 0x01, 0x04, 0x21, 0x01, 0x45, 0x29,
    0x01, 0x45, 0x21, 0x01, 0xa7, 0x31, 0x01, 0x04, 0x19, 0x01, 0xa3, 0x10, 0x01, 0x66, 0x29, 0x01, 0xe8, 0x39, 0x01, 0xc7, 0x39, 0x01, 0x25, 0x21,
    0x01, 0xa3, 0x08, 0x01, 0xe4, 0x18, 0x01, 0x45, 0x21, 0x01, 0xe4, 0x18, 0x03, 0x82, 0x08, 0x04, 0x62, 0x08, 0x02, 0xe4, 0x18, 0x01, 0xa3, 0x10,
    0x01, 0x62, 0x08, 0x01, 0x04, 0x19, 0x01, 0xa3, 0x10, 0x01, 0x83, 0x08, 0x03, 0xa3, 0x10, 0x01, 0xc4, 0x10, 0x01, 0x25, 0x21, 0x01, 0x87, 0x29,
    0x01, 0xa7, 0x31, 0x01, 0x08, 0x3a, 0x01, 0xe4, 0x18, 0x01, 0x82, 0x08, 0x01, 0xa3, 0x08, 0x03, 0xa3, 0x10, 0x01, 0x04, 0x19, 0x01, 0x82, 0x08,
    0x01, 0x04, 0x19, 0x01, 0xc7, 0x31, 0x01, 0x04, 0x19, 0x01, 0x66, 0x29, 0x01, 0xe4, 0x10, 0x02, 0xc4, 0x10, 0x01, 0x82, 0x08, 0x02, 0x83, 0x08,
    0x01, 0xa3, 0x08, 0x01, 0xc3, 0x10, 0x01, 0xc4, 0x10, 0x01, 0x83, 0x08, 0x02, 0x82, 0x08, 0x01, 0x83, 0x08, 0x01, 0xa3, 0x10, 0x01, 0xe4, 0x18,
    0x01, 0x05, 0x19, 0x01, 0xa3, 0x08, 0x02, 0x82, 0x08, 0x01, 0x83, 0x08, 0x02, 0xa3, 0x08, 0x01, 0x83, 0x08, 0x01, 0xa3, 0x08, 0x02, 0xa3, 0x10,
    0x01, 0x04, 0x21, 0x01, 0x25, 0x29, 0x03, 0xa3, 0x10, 0x01, 0xc3, 0x10, 0x01, 0xc4, 0x18, 0x02, 0xa3, 0x10, 0x01, 0x04, 0x19, 0x01, 0x65, 0x29,
    0x02, 0xc3, 0x10, 0x02, 0xa3, 0x10, 0x01, 0x04, 0x19, 0x01, 0xc4, 0x10, 0x01, 0xa3, 0x10, 0x02, 0xc3, 0x10, 0x03, 0x82, 0x08, 0x01, 0x62, 0x08,
    0x01, 0x82, 0x08, 0x04, 0x62, 0x08, 0x02, 0x62, 0x00, 0x01, 0x42, 0x00, 0x01, 0x41, 0x00, 0x03, 0x62, 0x08, 0x01, 0x82, 0x08, 0x02, 0x62, 0x08,
    0x02, 0x82, 0x08, 0x25, 0x62, 0x08, 0x01, 0x82, 0x08, 0x0e, 0x62, 0x08, 0x01, 0x41, 0x00, 0x01, 0x20, 0x00, 0x01, 0x82, 0x08, 0x06, 0x25, 0x21,
    0x01, 0xc3, 0x10, 0x01, 0xc3, 0x18, 0x08, 0x45, 0x29, 0x02, 0x65, 0x31, 0x01, 0x45, 0x29, 0x01, 0x04, 0x21, 0x02, 0xa3, 0x10, 0x01, 0x25, 0x21,
    0x01, 0x05, 0x21, 0x02, 0xc4, 0x10, 0x03, 0xc3, 0x10, 0x01, 0x66, 0x31, 0x01, 0x66, 0x29, 0x01, 0x25, 0x21, 0x01, 0x04, 0x19, 0x02, 0x25, 0x21,
    0x01, 0x66, 0x29, 0x01, 0x86, 0x29, 0x01, 0x05, 0x19, 0x02, 0xa3, 0x10, 0x01, 0xe4, 0x18, 0x01, 0x05, 0x19, 0x01, 0xa3, 0x10, 0x01, 0x82, 0x08,
    0x01, 0x83, 0x08, 0x01, 0xe4, 0x18, 0x01, 0x86, 0x31, 0x02, 0x45, 0x29, 0x01, 0xc8, 0x39, 0x01, 0x29, 0x42, 0x01, 0x08, 0x42, 0x01, 0xc7, 0x39,
    0x01, 0x08, 0x42, 0x01, 0xa7, 0x39, 0x01, 0x87, 0x31, 0x01, 0x66, 0x29, 0x01, 0x04, 0x19, 0x01, 0xc4, 0x10, 0x01, 0xc3, 0x10, 0x01, 0x45, 0x21,
    0x01, 0x86, 0x29, 0x01, 0x46, 0x21, 0x01, 0xe4, 0x18, 0x01, 0xc3, 0x10, 0x01, 0xa3, 0x10, 0x01, 0x04, 0x19, 0x01, 0xc3, 0x10, 0x01, 0xa3, 0x08,
    0x01, 0xe4, 0x18, 0x01, 0xa3, 0x10, 0x01, 0x66, 0x29, 0x01, 0x29, 0x4a, 0x01, 0x08, 0x42, 0x01, 0xe4, 0x18, 0x01, 0x04, 0x19, 0x01, 0x66, 0x29,
    0x01, 0x04, 0x19, 0x01, 0xa3, 0x10, 0x02, 0xa3, 0x08, 0x01, 0x82, 0x08, 0x01, 0x62, 0x08, 0x05, 0x82, 0x08, 0x01, 0x62, 0x08, 0x01, 0x82, 0x08,
    0x01, 0xc3, 0x10, 0x01, 0xa3, 0x10, 0x02, 0x04, 0x19, 0x01, 0xc3, 0x10, 0x01, 0xa3, 0x10, 0x01, 0x05, 0x19, 0x01, 0xa3, 0x08, 0x01, 0x82, 0x08,
    0x01, 0x83, 0x08, 0x01, 0x82, 0x08, 0x01, 0x62, 0x08, 0x01, 0xa3, 0x10, 0x02, 0xa7, 0x31, 0x01, 0xc4, 0x10, 0x01, 0x83, 0x08, 0x01, 0xa3, 0x08,
    0x01, 0x82, 0x08, 0x01, 0x62, 0x08, 0x01, 0xa3, 0x08, 0x01, 0x08, 0x3a, 0x01, 0x86, 0x29, 0x01, 0x62, 0x00, 0x01, 0x82, 0x08, 0x01, 0x66, 0x29,
    0x01, 0x08, 0x3a, 0x01, 0xa7, 0x31, 0x01, 0xa3, 0x10, 0x01, 0x05, 0x19, 0x01, 0x83, 0x08, 0x01, 0x82, 0x08, 0x02, 0x83, 0x08, 0x01, 0xa3, 0x08,
    0x01, 0xc3, 0x10, 0x01, 0x82, 0x08, 0x01, 0xa3, 0x08, 0x01, 0xa3, 0x10, 0x02, 0xa3, 0x08, 0x01, 0xa3, 0x10, 0x02, 0xc4, 0x10, 0x01, 0xe4, 0x18,
    0x04, 0x82, 0x08, 0x02, 0xa3, 0x08, 0x03, 0xa3, 0x10, 0x01, 0xc3, 0x10, 0x01, 0x45, 0x21, 0x01, 0x04, 0x19, 0x01, 0xc3, 0x10, 0x01, 0xa3, 0x10,
    0x01, 0xa3, 0x08, 0x01, 0xc3, 0x10, 0x01, 0xe4, 0x18, 0x01, 0xc4, 0x10, 0x01, 0x83, 0x08, 0x01, 0xc3, 0x10, 0x01, 0xa3, 0x10, 0x01, 0x82, 0x08,
    0x02, 0x62, 0x08, 0x02, 0x82, 0x08, 0x05, 0x62, 0x08, 0x02, 0x41, 0x00, 0x06, 0x62, 0x08, 0x02, 0x42, 0x00, 0x01, 0x62, 0x00, 0x0b, 0x62, 0x08,
    0x02, 0x62, 0x00, 0x02, 0x62, 0x08, 0x01, 0x62, 0x00, 0x1d, 0x62, 0x08, 0x01, 0x82, 0x08, 0x0d, 0x62, 0x08, 0x03, 0x21, 0x00, 0x01, 0x41, 0x00,
    0x01, 0xa3, 0x10, 0x01, 0xc3, 0x10, 0x01, 0x82, 0x10, 0x02, 0xe4, 0x18, 0x01, 0xc3, 0x18, 0x01, 0x41, 0x00, 0x01, 0x62, 0x08, 0x01, 0xe4, 0x18,
    0x01, 0xa3, 0x10, 0x01, 0xe4, 0x18, 0x01, 0xc4, 0x18, 0x01, 0xa3, 0x10, 0x01, 0xc3, 0x10, 0x01, 0xe3, 0x18, 0x02, 0x04, 0x21, 0x01, 0x04, 0x19,
    0x01, 0xc4, 0x10, 0x02, 0xc3, 0x10, 0x01, 0xa3, 0x10, 0x02, 0xe4, 0x18, 0x01, 0x66, 0x29, 0x01, 0x05, 0x19, 0x01, 0xc4, 0x10, 0x01, 0x45, 0x29,
    0x01, 0x86, 0x29, 0x01, 0x66, 0x29, 0x01, 0x87, 0x31, 0x01, 0x45, 0x21, 0x01, 0xc3, 0x10, 0x01, 0xa3, 0x10, 0x01, 0xe4, 0x18, 0x01, 0x25, 0x21,
    0x01, 0x04, 0x19, 0x01, 0xa3, 0x10, 0x01, 0xc3, 0x10, 0x01, 0x05, 0x21, 0x01, 0x25, 0x21, 0x01, 0xa3, 0x10, 0x01, 0x82, 0x08, 0x01, 0xa3, 0x08,
    0x01, 0xc3, 0x10, 0x01, 0xa3, 0x10, 0x01, 0x04, 0x19, 0x01, 0x45, 0x21, 0x01, 0xa7, 0x31, 0x01, 0x66, 0x29, 0x01, 0x45, 0x29, 0x01, 0xe4, 0x18,
    0x01, 0x25, 0x21, 0x01, 0xe8, 0x39, 0x01, 0x25, 0x21, 0x01, 0xc4, 0x10, 0x01, 0x83, 0x08, 0x01, 0xa3, 0x08, 0x01, 0xc3, 0x10, 0x01, 0xc4, 0x10,
    0x01, 0xe4, 0x18, 0x01, 0xc4, 0x10, 0x01, 0xa3, 0x10, 0x02, 0xc3, 0x10, 0x01, 0x04, 0x19, 0x01, 0xe4, 0x18, 0x01, 0xa3, 0x08, 0x01, 0xa3, 0x10,
    0x01, 0x25, 0x21, 0x01, 0xa7, 0x31, 0x01, 0x66, 0x29, 0x02, 0x25, 0x21, 0x01, 0x04, 0x19, 0x01, 0xe4, 0x18, 0x02, 0xa3, 0x08, 0x02, 0xa3, 0x10,
    0x05, 0xa3, 0x08, 0x03, 0x83, 0x08, 0x01, 0x82, 0x08, 0x02, 0xa3, 0x10, 0x01, 0x82, 0x08, 0x02, 0xc3, 0x10, 0x01, 0x82, 0x08, 0x01, 0x83, 0x08,
    0x01, 0xa3, 0x08, 0x01, 0xa3, 0x10, 0x01, 0x82, 0x08, 0x02, 0x62, 0x08, 0x01, 0x82, 0x08, 0x02, 0x62, 0x08, 0x01, 0x82, 0x08, 0x01, 0xc3, 0x10,
    0x01, 0xa3, 0x10, 0x01, 0x82, 0x08, 0x01, 0x25, 0x21, 0x01, 0x87, 0x31, 0x01, 0x45, 0x21, 0x01, 0xc8, 0x31, 0x01, 0xe8, 0x39, 0x01, 0xc8, 0x31,
    0x01, 0xe4, 0x18, 0x01, 0x04, 0x19, 0x01, 0xa7, 0x31, 0x01, 0xa3, 0x10, 0x01, 0x04, 0x19, 0x01, 0xc3, 0x10, 0x01, 0x82, 0x08, 0x01, 0x83, 0x08,
    0x02, 0x82, 0x08, 0x01, 0xa3, 0x08, 0x01, 0xe4, 0x18, 0x01, 0x62, 0x08, 0x01, 0xc4, 0x10, 0x01, 0xe4, 0x18, 0x01, 0xa3, 0x10, 0x02, 0x83, 0x08,
    0x01, 0xa3, 0x08, 0x02, 0xa3, 0x10, 0x01, 0x83, 0x08, 0x02, 0x82, 0x08, 0x01, 0x83, 0x08, 0x01, 0xa3, 0x08, 0x01, 0xc4, 0x10, 0x01, 0xc3, 0x10,
    0x03, 0xa3, 0x10, 0x01, 0xc4, 0x10, 0x01, 0x04, 0x21, 0x01, 0xa3, 0x10, 0x01, 0x82, 0x08, 0x01, 0xa3, 0x10, 0x01, 0x82, 0x08, 0x01, 0x62, 0x08,
    0x01, 0x82, 0x08, 0x01, 0x42, 0x00, 0x04, 0x41, 0x00, 0x12, 0x62, 0x08, 0x01, 0x62, 0x00, 0x0b, 0x62, 0x08, 0x01, 0x62, 0x00, 0x01, 0x42, 0x00,
    0x24, 0x62, 0x08, 0x01, 0x82, 0x08, 0x09, 0x62, 0x08, 0x07, 0x21, 0x00, 0x01, 0x41, 0x00, 0x01, 0x62, 0x08, 0x01, 0x41, 0x00, 0x01, 0x21, 0x00,
    0x02, 0x41, 0x00, 0x01, 0x21, 0x00, 0x01, 0x62, 0x08, 0x01, 0x83, 0x08, 0x01, 0x82, 0x08, 0x01, 0xc3, 0x10, 0x01, 0x83, 0x08, 0x01, 0x82, 0x08,
    0x01, 0xa3, 0x10, 0x01, 0xc4, 0x10, 0x01, 0xa3, 0x10, 0x02, 0xa3, 0x08, 0x01, 0xc3, 0x10, 0x01, 0xe4, 0x18, 0x01, 0x04, 0x19, 0x01, 0xc3, 0x10,
    0x01, 0x83, 0x08, 0x01, 0xa3, 0x08, 0x01, 0xe4, 0x18, 0x01, 0x25, 0x21, 0x01, 0xe4, 0x18, 0x01, 0xa3, 0x08, 0x01, 0x62, 0x08, 0x02, 0x82, 0x08,
    0x01, 0xc3, 0x10, 0x01, 0xc4, 0x10, 0x01, 0xa3, 0x10, 0x01, 0x82, 0x08, 0x01, 0xe4, 0x18, 0x01, 0xc3, 0x10, 0x01, 0xa3, 0x10, 0x02, 0x62, 0x08,
    0x02, 0x82, 0x08, 0x01, 0xe4, 0x18, 0x02, 0x45, 0x29, 0x01, 0x86, 0x31, 0x01, 0xc4, 0x10, 0x01, 0x25, 0x21, 0x01, 0x05, 0x19, 0x01, 0xc4, 0x10,
    0x01, 0xa3, 0x10, 0x01, 0xa3, 0x08, 0x02, 0xa3, 0x10, 0x01, 0xe4, 0x18, 0x01, 0xc3, 0x10, 0x02, 0xa3, 0x08, 0x01, 0xa3, 0x10, 0x02, 0xc3, 0x10,
    0x02, 0xe4, 0x18, 0x02, 0xa3, 0x10, 0x01, 0xc3, 0x10, 0x01, 0x05, 0x21, 0x01, 0x05, 0x19, 0x01, 0xc4, 0x10, 0x02, 0xa3, 0x10, 0x01, 0xa3, 0x08,
    0x01, 0x83, 0x08, 0x01, 0xa3, 0x08, 0x03, 0xa3, 0x10, 0x06, 0xa3, 0x08, 0x01, 0x83, 0x08, 0x01, 0xa3, 0x08, 0x01, 0x83, 0x08, 0x03, 0x82, 0x08,
    0x01, 0xa3, 0x08, 0x01, 0x82, 0x08, 0x01, 0x62, 0x08, 0x02, 0xa3, 0x08, 0x01, 0x82, 0x08, 0x07, 0x62, 0x08, 0x02, 0x82, 0x08, 0x01, 0xc3, 0x10,
    0x01, 0xe4, 0x18, 0x01, 0x66, 0x29, 0x01, 0x05, 0x19, 0x01, 0x62, 0x08, 0x01, 0xc4, 0x10, 0x01, 0x86, 0x29, 0x01, 0xc4, 0x10, 0x01, 0xa3, 0x08,
    0x01, 0x82, 0x08, 0x01, 0xa3, 0x10, 0x01, 0xa3, 0x08, 0x07, 0x82, 0x08, 0x01, 0xa3, 0x08, 0x01, 0x83, 0x08, 0x01, 0xe4, 0x18, 0x01, 0xe4, 0x10,
    0x01, 0x82, 0x08, 0x02, 0x83, 0x08, 0x03, 0x82, 0x08, 0x02, 0x83, 0x08, 0x02, 0xa3, 0x08, 0x01, 0xa3, 0x10, 0x01, 0xc4, 0x18, 0x01, 0xa3, 0x10,
    0x01, 0x82, 0x08, 0x01, 0x83, 0x08, 0x02, 0xa3, 0x10, 0x04, 0x62, 0x08, 0x01, 0x62, 0x00, 0x01, 0x41, 0x00, 0x05, 0x62, 0x08, 0x01, 0x62, 0x00,
    0x01, 0x41, 0x00, 0x04, 0x62, 0x08, 0x03, 0x62, 0x00, 0x04, 0x62, 0x08, 0x01, 0x62, 0x00, 0x04, 0x62, 0x08, 0x02, 0x62, 0x00, 0x02, 0x62, 0x08,
    0x02, 0x62, 0x00, 0x0d, 0x62, 0x08, 0x01, 0x62, 0x00, 0x1e, 0x62, 0x08, 0x01, 0x82, 0x08, 0x09, 0x62, 0x08, 0x08, 0x21, 0x00, 0x02, 0x41, 0x00,
    0x04, 0x21, 0x00, 0x01, 0x41, 0x00, 0x01, 0xa3, 0x08, 0x01, 0x82, 0x08, 0x01, 0xa3, 0x10, 0x02, 0x62, 0x08, 0x04, 0x82, 0x08, 0x01, 0x62, 0x08,
    0x01, 0x82, 0x08, 0x01, 0x83, 0x08, 0x01, 0xa3, 0x08, 0x01, 0x83, 0x08, 0x01, 0x82, 0x08, 0x02, 0x62, 0x08, 0x01, 0x83, 0x08, 0x09, 0x62, 0x08,
    0x01, 0x82, 0x08, 0x01, 0x83, 0x08, 0x05, 0x62, 0x08, 0x01, 0x62, 0x00, 0x01, 0xa3, 0x10, 0x03, 0x62, 0x08, 0x01, 0x82, 0x08, 0x03, 0xa3, 0x08,
    0x02, 0xa3, 0x10, 0x01, 0xc4, 0x10, 0x01, 0xa3, 0x10, 0x04, 0xa3, 0x08, 0x01, 0x83, 0x08, 0x02, 0xa3, 0x10, 0x01, 0xa3, 0x08, 0x01, 0xa3, 0x10,
    0x03, 0x83, 0x08, 0x01, 0xa3, 0x08, 0x03, 0x83, 0x08, 0x02, 0xa3, 0x10, 0x01, 0x83, 0x08, 0x01, 0xa3, 0x08, 0x01, 0xa3, 0x10, 0x09, 0xa3, 0x08,
    0x04, 0x82, 0x08, 0x03, 0x83, 0x08, 0x02, 0xc3, 0x10, 0x0a, 0x62, 0x08, 0x01, 0x83, 0x08, 0x01, 0xa3, 0x08, 0x02, 0xa3, 0x10, 0x01, 0x62, 0x08,
    0x01, 0x82, 0x08, 0x01, 0x62, 0x00, 0x01, 0x62, 0x08, 0x02, 0x83, 0x08, 0x03, 0x82, 0x08, 0x01, 0x83, 0x08, 0x02, 0xa3, 0x08, 0x01, 0x83, 0x08,
    0x03, 0x82, 0x08, 0x01, 0x83, 0x08, 0x01, 0xc3, 0x10, 0x01, 0x83, 0x08, 0x02, 0x82, 0x08, 0x03, 0x83, 0x08, 0x02, 0xa3, 0x08, 0x01, 0x83, 0x08,
    0x01, 0xa3, 0x10, 0x01, 0xa3, 0x08, 0x02, 0x82, 0x08, 0x01, 0x62, 0x08, 0x01, 0x42, 0x00, 0x03, 0x62, 0x08, 0x01, 0x62, 0x00, 0x01, 0x62, 0x08,
    0x01, 0x62, 0x00, 0x07, 0x62, 0x08, 0x03, 0x41, 0x00, 0x04, 0x62, 0x08, 0x02, 0x62, 0x00, 0x05, 0x62, 0x08, 0x01, 0x62, 0x00, 0x05, 0x62, 0x08,
    0x01, 0x62, 0x00, 0x0c, 0x62, 0x08, 0x01, 0x62, 0x00, 0x04, 0x62, 0x08, 0x01, 0x62, 0x00, 0x28, 0x62, 0x08, 0x06, 0x21, 0x00, 0x01, 0x20, 0x00,
    0x01, 0x21, 0x00, 0x01, 0x41, 0x00, 0x05, 0x21, 0x00, 0x04, 0x41, 0x00, 0x02, 0x21, 0x00, 0x01, 0x41, 0x00, 0x02, 0x82, 0x08, 0x01, 0x62, 0x08,
    0x01, 0x21, 0x00, 0x01, 0x62, 0x00, 0x09, 0x62, 0x08, 0x05, 0x82, 0x08, 0x11, 0x62, 0x08, 0x02, 0x82, 0x08, 0x03, 0xa3, 0x08, 0x04, 0x83, 0x08,
    0x01, 0xa3, 0x08, 0x01, 0xa3, 0x10, 0x02, 0xa3, 0x08, 0x01, 0x83, 0x08, 0x01, 0x82, 0x08, 0x01, 0x41, 0x08, 0x01, 0x41, 0x00, 0x02, 0x62, 0x08,
    0x01, 0xa3, 0x10, 0x02, 0x62, 0x08, 0x01, 0x83, 0x08, 0x01, 0x62, 0x08, 0x03, 0xa3, 0x08, 0x01, 0x82, 0x08, 0x01, 0x83, 0x08, 0x01, 0xa3, 0x10,
    0x05, 0xa3, 0x08, 0x01, 0x83, 0x08, 0x03, 0x82, 0x08, 0x01, 0x83, 0x08, 0x02, 0x82, 0x08, 0x0f, 0x62, 0x08, 0x01, 0x83, 0x08, 0x02, 0x82, 0x08,
    0x01, 0x83, 0x08, 0x06, 0x82, 0x08, 0x01, 0x83, 0x08, 0x01, 0xa3, 0x08, 0x01, 0x83, 0x08, 0x04, 0x82, 0x08, 0x02, 0x83, 0x08, 0x03, 0x82, 0x08,
    0x01, 0x83, 0x08, 0x01, 0xa3, 0x08, 0x01, 0x83, 0x08, 0x02, 0xa3, 0x08, 0x03, 0x62, 0x08, 0x01, 0x62, 0x00, 0x01, 0x62, 0x08, 0x03, 0x62, 0x00,
    0x03, 0x62, 0x08, 0x01, 0x41, 0x00, 0x02, 0x62, 0x00, 0x04, 0x62, 0x08, 0x02, 0x62, 0x00, 0x03, 0x41, 0x00, 0x05, 0x62, 0x08, 0x02, 0x62, 0x00,
    0x04, 0x62, 0x08, 0x04, 0x62, 0x00, 0x08, 0x62, 0x08, 0x01, 0x42, 0x00, 0x01, 0x62, 0x00, 0x0b, 0x62, 0x08, 0x01, 0x62, 0x00, 0x27, 0x62, 0x08,
    0x03, 0x21, 0x00, 0x01, 0x20, 0x00, 0x02, 0x21, 0x00, 0x01, 0x20, 0x00, 0x01, 0x21, 0x00, 0x01, 0x41, 0x00, 0x01, 0x21, 0x00, 0x01, 0x20, 0x00,
    0x03, 0x21, 0x00, 0x01, 0x41, 0x00, 0x06, 0x21, 0x00, 0x02, 0x41, 0x00, 0x02, 0x21, 0x00, 0x01, 0x41, 0x00, 0x01, 0x62, 0x08, 0x02, 0x82, 0x08,
    0x01, 0x62, 0x08, 0x01, 0x41, 0x00, 0x02, 0x82, 0x08, 0x02, 0x83, 0x08, 0x02, 0x82, 0x08, 0x01, 0x83, 0x08, 0x01, 0x82, 0x08, 0x17, 0x62, 0x08,
    0x01, 0x82, 0x08, 0x01, 0x83, 0x08, 0x01, 0xa3, 0x08, 0x01, 0x83, 0x08, 0x01, 0xa3, 0x08, 0x01, 0x82, 0x08, 0x01, 0x62, 0x08, 0x01, 0x82, 0x08,
    0x02, 0x41, 0x00, 0x02, 0x21, 0x00, 0x01, 0x41, 0x00, 0x01, 0x41, 0x08, 0x01, 0x62, 0x08, 0x04, 0x41, 0x00, 0x03, 0x62, 0x08, 0x01, 0x41, 0x00,
    0x01, 0x62, 0x08, 0x01, 0xa3, 0x10, 0x02, 0x82, 0x08, 0x01, 0x83, 0x08, 0x01, 0xa3, 0x08, 0x04, 0x83, 0x08, 0x02, 0x82, 0x08, 0x12, 0x62, 0x08,
    0x08, 0x82, 0x08, 0x01, 0x83, 0x08, 0x06, 0x82, 0x08, 0x01, 0x83, 0x08, 0x04, 0x82, 0x08, 0x01, 0x83, 0x08, 0x01, 0xa3, 0x08, 0x01, 0x83, 0x08,
    0x03, 0x62, 0x08, 0x01, 0x41, 0x00, 0x03, 0x62, 0x08, 0x01, 0x62, 0x00, 0x01, 0x42, 0x00, 0x01, 0x41, 0x00, 0x02, 0x62, 0x00, 0x04, 0x62, 0x08,
    0x01, 0x62, 0x00, 0x02, 0x62, 0x08, 0x04, 0x62, 0x00, 0x02, 0x42, 0x00, 0x02, 0x62, 0x08, 0x01, 0x41, 0x00, 0x01, 0x42, 0x00, 0x02, 0x62, 0x08,
    0x02, 0x62, 0x00, 0x03, 0x62, 0x08, 0x03, 0x62, 0x00, 0x01, 0x41, 0x00, 0x01, 0x42, 0x00, 0x07, 0x62, 0x08, 0x01, 0x62, 0x00, 0x01, 0x41, 0x00,
    0x02, 0x62, 0x00, 0x27, 0x62, 0x08, 0x01, 0x62, 0x00, 0x0a, 0x62, 0x08, 0x07, 0x21, 0x00, 0x01, 0x41, 0x00, 0x08, 0x21, 0x00, 0x01, 0x20, 0x00,
    0x06, 0x21, 0x00, 0x03, 0x20, 0x00, 0x01, 0x21, 0x00, 0x02, 0x62, 0x08, 0x01, 0x41, 0x00, 0x01, 0x21, 0x00, 0x01, 0x62, 0x08, 0x02, 0x82, 0x08,
    0x01, 0x83, 0x08, 0x19, 0x62, 0x08, 0x01, 0x42, 0x00, 0x02, 0x62, 0x00, 0x01, 0x41, 0x00, 0x02, 0x62, 0x08, 0x01, 0x61, 0x08, 0x04, 0x41, 0x00,
    0x01, 0x21, 0x00, 0x01, 0x41, 0x00, 0x02, 0x21, 0x00, 0x0b, 0x41, 0x00, 0x01, 0x61, 0x08, 0x03, 0x41, 0x00, 0x02, 0x62, 0x08, 0x02, 0x82, 0x08,
    0x15, 0x62, 0x08, 0x01, 0x82, 0x08, 0x01, 0x62, 0x08, 0x10, 0x82, 0x08, 0x04, 0x62, 0x08, 0x01, 0x62, 0x00, 0x01, 0x41, 0x00, 0x01, 0x62, 0x00,
    0x01, 0x62, 0x08, 0x01, 0x62, 0x00, 0x01, 0x62, 0x08, 0x02, 0x62, 0x00, 0x01, 0x41, 0x00, 0x01, 0x62, 0x00, 0x01, 0x41, 0x00, 0x05, 0x62, 0x08,
    0x01, 0x62, 0x00, 0x03, 0x62, 0x08, 0x05, 0x62, 0x00, 0x07, 0x62, 0x08, 0x01, 0x62, 0x00, 0x03, 0x62, 0x08, 0x02, 0x62, 0x00, 0x03, 0x41, 0x00,
    0x0f, 0x62, 0x08, 0x01, 0x62, 0x00, 0x2e, 0x62, 0x08, 0x02, 0x21, 0x00, 0x01, 0x20, 0x00, 0x01, 0x21, 0x00, 0x01, 0x41, 0x00, 0x05, 0x21, 0x00,
    0x01, 0x41, 0x00, 0x05, 0x21, 0x00, 0x01, 0x20, 0x00, 0x02, 0x21, 0x00, 0x02, 0x20, 0x00, 0x02, 0x21, 0x00, 0x02, 0x20, 0x00, 0x02, 0x21, 0x00,
    0x01, 0x41, 0x00, 0x03, 0x21, 0x00, 0x01, 0x41, 0x00, 0x03, 0x62, 0x08, 0x01, 0x21, 0x00, 0x01, 0x42, 0x00, 0x11, 0x62, 0x08, 0x01, 0x41, 0x00,
    0x04, 0x62, 0x08, 0x0a, 0x41, 0x00, 0x01, 0x21, 0x00, 0x05, 0x41, 0x00, 0x02, 0x21, 0x00, 0x01, 0x41, 0x00, 0x01, 0x21, 0x00, 0x10, 0x41, 0x00,
    0x01, 0x62, 0x08, 0x01, 0x41, 0x00, 0x09, 0x62, 0x08, 0x01, 0x82, 0x08, 0x07, 0x62, 0x08, 0x11, 0x82, 0x08, 0x02, 0x62, 0x08, 0x01, 0x62, 0x00,
    0x03, 0x41, 0x00, 0x05, 0x62, 0x08, 0x01, 0x42, 0x00, 0x02, 0x62, 0x00, 0x02, 0x41, 0x00, 0x01, 0x62, 0x00, 0x01, 0x62, 0x08, 0x01, 0x62, 0x00,
    0x03, 0x62, 0x08, 0x01, 0x62, 0x00, 0x03, 0x62, 0x08, 0x01, 0x62, 0x00, 0x01, 0x62, 0x08, 0x01, 0x62, 0x00, 0x01, 0x62, 0x08, 0x01, 0x62, 0x00,
    0x0c, 0x62, 0x08, 0x04, 0x41, 0x00, 0x01, 0x62, 0x08, 0x02, 0x62, 0x00, 0x0b, 0x62, 0x08, 0x01, 0x62, 0x00, 0x07, 0x62, 0x08, 0x01, 0x62, 0x00,
    0x0b, 0x62, 0x08, 0x01, 0x62, 0x00, 0x1b, 0x62, 0x08, 0x06, 0x21, 0x00, 0x01, 0x20, 0x00, 0x01, 0x21, 0x00, 0x01, 0x41, 0x00, 0x06, 0x21, 0x00,
    0x01, 0x41, 0x00, 0x04, 0x21, 0x00, 0x01, 0x20, 0x00, 0x02, 0x21, 0x00, 0x02, 0x20, 0x00, 0x04, 0x21, 0x00, 0x02, 0x20, 0x00, 0x01, 0x21, 0x00,
    0x02, 0x41, 0x00, 0x01, 0x21, 0x00, 0x01, 0x20, 0x00, 0x01, 0x21, 0x00, 0x02, 0x41, 0x00, 0x02, 0x62, 0x08, 0x01, 0x21, 0x00, 0x06, 0x62, 0x08,
    0x01, 0x82, 0x08, 0x03, 0x62, 0x08, 0x02, 0x41, 0x00, 0x01, 0x21, 0x00, 0x02, 0x62, 0x00, 0x0d, 0x41, 0x00, 0x01, 0x21, 0x00, 0x08, 0x41, 0x00,
    0x02, 0x21, 0x00, 0x01, 0x41, 0x00, 0x02, 0x21, 0x00, 0x0c, 0x41, 0x00, 0x01, 0x21, 0x00, 0x01, 0x62, 0x00, 0x01, 0x41, 0x00, 0x01, 0x62, 0x08,
    0x01, 0x82, 0x08, 0x05, 0x62, 0x08, 0x04, 0x82, 0x08, 0x05, 0x62, 0x08, 0x0b, 0x82, 0x08, 0x01, 0x83, 0x08, 0x01, 0x82, 0x08, 0x02, 0x62, 0x08,
    0x03, 0x62, 0x00, 0x03, 0x41, 0x00, 0x01, 0x62, 0x00, 0x01, 0x42, 0x00, 0x01, 0x62, 0x00, 0x01, 0x42, 0x00, 0x01, 0x62, 0x00, 0x01, 0x62, 0x08,
    0x01, 0x41, 0x00, 0x01, 0x62, 0x00, 0x02, 0x62, 0x08, 0x01, 0x62, 0x00, 0x01, 0x62, 0x08, 0x02, 0x62, 0x00, 0x07, 0x62, 0x08, 0x01, 0x62, 0x00,
    0x02, 0x62, 0x08, 0x01, 0x62, 0x00, 0x06, 0x62, 0x08, 0x01, 0x62, 0x00, 0x04, 0x62, 0x08, 0x01, 0x42, 0x00, 0x01, 0x62, 0x08, 0x02, 0x41, 0x00,
    0x02, 0x62, 0x08, 0x01, 0x62, 0x00, 0x02, 0x42, 0x00, 0x02, 0x62, 0x08, 0x02, 0x62, 0x00, 0x03, 0x62, 0x08, 0x04, 0x62, 0x00, 0x01, 0x42, 0x00,
    0x01, 0x62, 0x00, 0x02, 0x62, 0x08, 0x01, 0x62, 0x00, 0x02, 0x62, 0x08, 0x01, 0x62, 0x00, 0x01, 0x61, 0x00, 0x0a, 0x62, 0x08, 0x01, 0x42, 0x00,
    0x01, 0x41, 0x00, 0x1b, 0x62, 0x08, 0x06, 0x21, 0x00, 0x01, 0x20, 0x00, 0x07, 0x21, 0x00, 0x01, 0x41, 0x00, 0x03, 0x21, 0x00, 0x01, 0x41, 0x00,
    0x0a, 0x21, 0x00, 0x02, 0x20, 0x00, 0x03, 0x21, 0x00, 0x05, 0x20, 0x00, 0x02, 0x21, 0x00, 0x01, 0x20, 0x00, 0x01, 0x41, 0x00, 0x01, 0x21, 0x00,
    0x02, 0x41, 0x00, 0x01, 0x21, 0x00, 0x01, 0x62, 0x00, 0x01, 0x41, 0x00, 0x01, 0x21, 0x00, 0x02, 0x41, 0x00, 0x03, 0x21, 0x00, 0x19, 0x41, 0x00,
    0x03, 0x21, 0x00, 0x03, 0x41, 0x00, 0x01, 0x21, 0x00, 0x08, 0x41, 0x00, 0x04, 0x21, 0x00, 0x01, 0x41, 0x00, 0x01, 0x62, 0x08, 0x02, 0x41, 0x00,
    0x03, 0x62, 0x08, 0x03, 0x82, 0x08, 0x03, 0x62, 0x08, 0x01, 0x82, 0x08, 0x04, 0x62, 0x08, 0x07, 0x82, 0x08, 0x03, 0x62, 0x08, 0x01, 0x41, 0x00,
    0x01, 0x42, 0x00, 0x02, 0x62, 0x08, 0x03, 0x41, 0x00, 0x01, 0x62, 0x00, 0x01, 0x41, 0x00, 0x01, 0x62, 0x00, 0x01, 0x41, 0x00, 0x01, 0x62, 0x00,
    0x01, 0x41, 0x00, 0x01, 0x62, 0x08, 0x01, 0x62, 0x00, 0x03, 0x41, 0x00, 0x03, 0x62, 0x08, 0x01, 0x62, 0x00, 0x08, 0x62, 0x08, 0x01, 0x62, 0x00,
    0x03, 0x62, 0x08, 0x02, 0x62, 0x00, 0x04, 0x62, 0x08, 0x03, 0x62, 0x00, 0x02, 0x41, 0x00, 0x03, 0x62, 0x00, 0x03, 0x62, 0x08, 0x02, 0x62, 0x00,
    0x09, 0x62, 0x08, 0x01, 0x62, 0x00, 0x03, 0x41, 0x00, 0x01, 0x62, 0x00, 0x04, 0x62, 0x08, 0x02, 0x62, 0x00, 0x01, 0x42, 0x00, 0x01, 0x62, 0x08,
    0x01, 0x62, 0x00, 0x07, 0x62, 0x08, 0x03, 0x62, 0x00, 0x1b, 0x62, 0x08, 0x02, 0x21, 0x00, 0x02, 0x20, 0x00, 0x02, 0x21, 0x00, 0x01, 0x20, 0x00,
    0x18, 0x21, 0x00, 0x02, 0x41, 0x00, 0x01, 0x21, 0x00, 0x04, 0x20, 0x00, 0x01, 0x21, 0x00, 0x05, 0x20, 0x00, 0x01, 0x21, 0x00, 0x02, 0x20, 0x00,
    0x04, 0x21, 0x00, 0x02, 0x41, 0x00, 0x03, 0x21, 0x00, 0x03, 0x41, 0x00, 0x01, 0x21, 0x00, 0x01, 0x41, 0x00, 0x02, 0x21, 0x00, 0x06, 0x41, 0x00,
    0x01, 0x21, 0x00, 0x03, 0x41, 0x00, 0x01, 0x21, 0x00, 0x1f, 0x41, 0x00, 0x02, 0x62, 0x08, 0x01, 0x62, 0x00, 0x03, 0x62, 0x08, 0x03, 0x82, 0x08,
    0x04, 0x62, 0x08, 0x01, 0x82, 0x08, 0x01, 0x62, 0x08, 0x01, 0x82, 0x08, 0x03, 0x62, 0x08, 0x01, 0x41, 0x00, 0x01, 0x62, 0x00, 0x01, 0x41, 0x00,
    0x01, 0x62, 0x00, 0x02, 0x42, 0x00, 0x03, 0x41, 0x00, 0x01, 0x62, 0x00, 0x01, 0x62, 0x08, 0x02, 0x62, 0x00, 0x06, 0x62, 0x08, 0x01, 0x41, 0x00,
    0x03, 0x62, 0x08, 0x01, 0x62, 0x00, 0x01, 0x61, 0x00, 0x08, 0x62, 0x08, 0x04, 0x62, 0x00, 0x01, 0x41, 0x00, 0x04, 0x62, 0x08, 0x03, 0x41, 0x00,
    0x02, 0x62, 0x00, 0x13, 0x62, 0x08, 0x02, 0x41, 0x00, 0x01, 0x62, 0x00, 0x04, 0x62, 0x08, 0x02, 0x62, 0x00, 0x03, 0x62, 0x08, 0x01, 0x42, 0x00,
    0x07, 0x62, 0x08, 0x02, 0x62, 0x00, 0x08, 0x62, 0x08, 0x01, 0x62, 0x00, 0x13, 0x62, 0x08, 0x03, 0x20, 0x00, 0x05, 0x21, 0x00, 0x02, 0x20, 0x00,
    0x02, 0x21, 0x00, 0x01, 0x20, 0x00, 0x05, 0x21, 0x00, 0x01, 0x20, 0x00, 0x06, 0x21, 0x00, 0x01, 0x20, 0x00, 0x02, 0x21, 0x00, 0x01, 0x20, 0x00,
    0x03, 0x21, 0x00, 0x02, 0x41, 0x00, 0x01, 0x21, 0x00, 0x03, 0x20, 0x00, 0x01, 0x21, 0x00, 0x01, 0x41, 0x00, 0x01, 0x21, 0x00, 0x02, 0x20, 0x00,
    0x02, 0x21, 0x00, 0x06, 0x20, 0x00, 0x02, 0x21, 0x00, 0x02, 0x20, 0x00, 0x04, 0x21, 0x00, 0x01, 0x20, 0x00, 0x02, 0x21, 0x00, 0x01, 0x20, 0x00,
    0x02, 0x21, 0x00, 0x2d, 0x41, 0x00, 0x01, 0x62, 0x08, 0x01, 0x82, 0x08, 0x0a, 0x62, 0x08, 0x01, 0x41, 0x00, 0x02, 0x62, 0x08, 0x01, 0x42, 0x08,
    0x03, 0x62, 0x00, 0x01, 0x41, 0x00, 0x01, 0x42, 0x00, 0x01, 0x62, 0x08, 0x02, 0x62, 0x00, 0x13, 0x62, 0x08, 0x01, 0x62, 0x00, 0x03, 0x62, 0x08,
    0x01, 0x62, 0x00, 0x04, 0x41, 0x00, 0x01, 0x42, 0x00, 0x01, 0x62, 0x08, 0x03, 0x41, 0x00, 0x01, 0x62, 0x00, 0x01, 0x41, 0x00, 0x01, 0x62, 0x00,
    0x02, 0x62, 0x08, 0x01, 0x41, 0x00, 0x05, 0x62, 0x08, 0x01, 0x62, 0x00, 0x05, 0x62, 0x08, 0x01, 0x41, 0x00, 0x05, 0x62, 0x08, 0x02, 0x62, 0x00,
    0x0a, 0x62, 0x08, 0x01, 0x62, 0x00, 0x04, 0x62, 0x08, 0x02, 0x41, 0x00, 0x02, 0x62, 0x00, 0x01, 0x41, 0x00, 0x01, 0x62, 0x00, 0x14, 0x62, 0x08,
    0x01, 0x62, 0x00, 0x02, 0x62, 0x08, 0x01, 0x41, 0x00, 0x01, 0x42, 0x00, 0x01, 0x62, 0x00, 0x01, 0x62, 0x08, 0x02, 0x20, 0x00, 0x01, 0x21, 0x00,
    0x01, 0x20, 0x00, 0x04, 0x21, 0x00, 0x02, 0x20, 0x00, 0x01, 0x21, 0x00, 0x03, 0x20, 0x00, 0x01, 0x21, 0x00, 0x08, 0x20, 0x00, 0x01, 0x21, 0x00,
    0x07, 0x20, 0x00, 0x04, 0x21, 0x00, 0x01, 0x20, 0x00, 0x03, 0x21, 0x00, 0x01, 0x41, 0x00, 0x01, 0x21, 0x00, 0x02, 0x20, 0x00, 0x02, 0x21, 0x00,
    0x06, 0x20, 0x00, 0x01, 0x21, 0x00, 0x03, 0x20, 0x00, 0x02, 0x21, 0x00, 0x03, 0x20, 0x00, 0x01, 0x21, 0x00, 0x04, 0x20, 0x00, 0x03, 0x21, 0x00,
    0x2a, 0x41, 0x00, 0x01, 0x61, 0x00, 0x07, 0x62, 0x08, 0x01, 0x62, 0x00, 0x01, 0x62, 0x08, 0x03, 0x62, 0x00, 0x05, 0x62, 0x08, 0x01, 0x41, 0x00,
    0x01, 0x62, 0x00, 0x01, 0x62, 0x08, 0x01, 0x62, 0x00, 0x05, 0x62, 0x08, 0x02, 0x62, 0x00, 0x11, 0x62, 0x08, 0x02, 0x62, 0x00, 0x05, 0x41, 0x00,
    0x01, 0x61, 0x00, 0x02, 0x41, 0x00, 0x01, 0x62, 0x00, 0x01, 0x62, 0x08, 0x02, 0x62, 0x00, 0x07, 0x62, 0x08, 0x01, 0x61, 0x00, 0x01, 0x41, 0x00,
    0x04, 0x62, 0x08, 0x01, 0x61, 0x00, 0x03, 0x62, 0x08, 0x02, 0x41, 0x00, 0x01, 0x62, 0x00, 0x01, 0x41, 0x00, 0x01, 0x62, 0x00, 0x04, 0x62, 0x08,
    0x01, 0x61, 0x08, 0x03, 0x62, 0x08, 0x01, 0x41, 0x00, 0x01, 0x62, 0x08, 0x02, 0x41, 0x00, 0x01, 0x62, 0x08, 0x01, 0x41, 0x00, 0x01, 0x62, 0x08,
    0x01, 0x62, 0x00, 0x01, 0x41, 0x00, 0x01, 0x62, 0x08, 0x02, 0x41, 0x00, 0x0a, 0x62, 0x08, 0x01, 0x41, 0x00, 0x04, 0x62, 0x08, 0x01, 0x42, 0x08,
    0x01, 0x62, 0x08, 0x01, 0x61, 0x08, 0x01, 0x41, 0x00, 0x02, 0x62, 0x08, 0x01, 0x41, 0x00, 0x01, 0x42, 0x08, 0x01, 0x62, 0x08, 0x03, 0x41, 0x00,
    0x01, 0x62, 0x08, 0x02, 0x20, 0x00, 0x07, 0x21, 0x00, 0x05, 0x20, 0x00, 0x02, 0x21, 0x00, 0x06, 0x20, 0x00, 0x01, 0x21, 0x00, 0x02, 0x20, 0x00,
    0x01, 0x21, 0x00, 0x04, 0x20, 0x00, 0x03, 0x21, 0x00, 0x01, 0x20, 0x00, 0x04, 0x21, 0x00, 0x01, 0x20, 0x00, 0x01, 0x21, 0x00, 0x02, 0x20, 0x00,
    0x05, 0x21, 0x00, 0x03, 0x20, 0x00, 0x01, 0x21, 0x00, 0x04, 0x20, 0x00, 0x02, 0x21, 0x00, 0x07, 0x20, 0x00, 0x01, 0x21, 0x00, 0x02, 0x20, 0x00,
    0x03, 0x21, 0x00, 0x27, 0x41, 0x00, 0x01, 0x61, 0x08, 0x07, 0x62, 0x08, 0x04, 0x62, 0x00, 0x0d, 0x62, 0x08, 0x03, 0x62, 0x00, 0x10, 0x62, 0x08,
    0x01, 0x62, 0x00, 0x03, 0x62, 0x08, 0x01, 0x62, 0x00, 0x02, 0x61, 0x00, 0x02, 0x62, 0x08, 0x02, 0x41, 0x00, 0x02, 0x62, 0x08, 0x03, 0x41, 0x00,
    0x07, 0x62, 0x08, 0x02, 0x41, 0x00, 0x02, 0x62, 0x00, 0x04, 0x62, 0x08, 0x02, 0x41, 0x00, 0x01, 0x62, 0x08, 0x02, 0x41, 0x00, 0x01, 0x62, 0x08,
    0x02, 0x41, 0x00, 0x01, 0x61, 0x00, 0x01, 0x41, 0x00, 0x02, 0x62, 0x08, 0x02, 0x41, 0x00, 0x02, 0x62, 0x08, 0x01, 0x41, 0x00, 0x01, 0x62, 0x08,
    0x05, 0x41, 0x00, 0x03, 0x62, 0x08, 0x02, 0x41, 0x00, 0x01, 0x62, 0x08, 0x02, 0x41, 0x00, 0x04, 0x62, 0x08, 0x04, 0x41, 0x00, 0x01, 0x41, 0x08,
    0x01, 0x62, 0x08, 0x06, 0x41, 0x00, 0x01, 0x61, 0x08, 0x01, 0x62, 0x08, 0x07, 0x41, 0x00, 0x01, 0x20, 0x00, 0x02, 0x21, 0x00, 0x01, 0x20, 0x00,
    0x01, 0x21, 0x00, 0x01, 0x41, 0x00, 0x04, 0x21, 0x00, 0x0f, 0x20, 0x00, 0x01, 0x21, 0x00, 0x02, 0x20, 0x00, 0x04, 0x21, 0x00, 0x03, 0x20, 0x00,
    0x03, 0x21, 0x00, 0x01, 0x20, 0x00, 0x02, 0x21, 0x00, 0x01, 0x20, 0x00, 0x0a, 0x21, 0x00, 0x02, 0x20, 0x00, 0x03, 0x21, 0x00, 0x01, 0x20, 0x00,
    0x01, 0x21, 0x00, 0x06, 0x20, 0x00, 0x03, 0x21, 0x00, 0x14, 0x41, 0x00, 0x01, 0x41, 0x08, 0x02, 0x61, 0x08, 0x01, 0x41, 0x08, 0x01, 0x61, 0x08,
    0x08, 0x41, 0x00, 0x01, 0x61, 0x08, 0x02, 0x41, 0x08, 0x02, 0x62, 0x08, 0x01, 0x61, 0x08, 0x16, 0x62, 0x08, 0x01, 0x62, 0x00, 0x04, 0x62, 0x08,
    0x02, 0x62, 0x00, 0x11, 0x62, 0x08, 0x01, 0x62, 0x00, 0x01, 0x61, 0x00, 0x01, 0x62, 0x00, 0x01, 0x62, 0x08, 0x02, 0x62, 0x00, 0x02, 0x41, 0x00,
    0x01, 0x61, 0x00, 0x07, 0x41, 0x00, 0x01, 0x41, 0x08, 0x03, 0x61, 0x08, 0x02, 0x41, 0x00, 0x01, 0x62, 0x00, 0x04, 0x41, 0x00, 0x01, 0x62, 0x08,
    0x01, 0x41, 0x00, 0x02, 0x62, 0x08, 0x03, 0x41, 0x00, 0x01, 0x21, 0x00, 0x0a, 0x41, 0x00, 0x01, 0x62, 0x08, 0x08, 0x41, 0x00, 0x02, 0x41, 0x08,
    0x08, 0x41, 0x00, 0x02, 0x62, 0x08, 0x06, 0x41, 0x00, 0x01, 0x42, 0x08, 0x0e, 0x41, 0x00, 0x05, 0x21, 0x00, 0x01, 0x41, 0x00, 0x01, 0x21, 0x00,
    0x01, 0x20, 0x00, 0x01, 0x21, 0x00, 0x0b, 0x20, 0x00, 0x06, 0x21, 0x00, 0x02, 0x20, 0x00, 0x02, 0x21, 0x00, 0x02, 0x20, 0x00, 0x01, 0x21, 0x00,
    0x02, 0x20, 0x00, 0x02, 0x21, 0x00, 0x02, 0x20, 0x00, 0x02, 0x21, 0x00, 0x01, 0x20, 0x00, 0x01, 0x21, 0x00, 0x01, 0x41, 0x00, 0x09, 0x21, 0x00,
    0x01, 0x20, 0x00, 0x03, 0x21, 0x00, 0x01, 0x20, 0x00, 0x04, 0x21, 0x00, 0x02, 0x20, 0x00, 0x03, 0x21, 0x00, 0x08, 0x41, 0x00, 0x02, 0x41, 0x08,
    0x09, 0x61, 0x08, 0x01, 0x41, 0x08, 0x01, 0x41, 0x00, 0x01, 0x61, 0x08, 0x01, 0x41, 0x08, 0x03, 0x61, 0x08, 0x02, 0x61, 0x00, 0x01, 0x61, 0x08,
    0x20, 0x62, 0x08, 0x03, 0x62, 0x00, 0x01, 0x62, 0x08, 0x01, 0x62, 0x00, 0x02, 0x62, 0x08, 0x01, 0x41, 0x00, 0x01, 0x62, 0x08, 0x02, 0x62, 0x00,
    0x05, 0x62, 0x08, 0x01, 0x62, 0x00, 0x08, 0x62, 0x08, 0x01, 0x61, 0x00, 0x02, 0x62, 0x00, 0x03, 0x62, 0x08, 0x10, 0x41, 0x00, 0x01, 0x62, 0x08,
    0x0a, 0x41, 0x00, 0x03, 0x21, 0x00, 0x0d, 0x41, 0x00, 0x01, 0x21, 0x00, 0x01, 0x41, 0x00, 0x02, 0x21, 0x00, 0x0b, 0x41, 0x00, 0x03, 0x62, 0x08,
    0x05, 0x41, 0x00, 0x01, 0x61, 0x08, 0x0e, 0x41, 0x00, 0x0a, 0x21, 0x00, 0x08, 0x20, 0x00, 0x03, 0x21, 0x00, 0x01, 0x20, 0x00, 0x02, 0x21, 0x00,
    0x01, 0x41, 0x00, 0x01, 0x21, 0x00, 0x01, 0x20, 0x00, 0x03, 0x21, 0x00, 0x02, 0x20, 0x00, 0x01, 0x21, 0x00, 0x02, 0x20, 0x00, 0x02, 0x21, 0x00,
    0x02, 0x20, 0x00, 0x02, 0x21, 0x00, 0x01, 0x20, 0x00, 0x01, 0x21, 0x00, 0x01, 0x41, 0x00, 0x08, 0x21, 0x00, 0x03, 0x20, 0x00, 0x02, 0x21, 0x00,
    0x01, 0x20, 0x00, 0x08, 0x21, 0x00, 0x04, 0x41, 0x00, 0x01, 0x41, 0x08, 0x06, 0x61, 0x08, 0x08, 0x62, 0x08, 0x06, 0x61, 0x08, 0x1c, 0x62, 0x08,
    0x02, 0x62, 0x00, 0x05, 0x62, 0x08, 0x07, 0x62, 0x00, 0x01, 0x42, 0x00, 0x08, 0x62, 0x08, 0x01, 0x62, 0x00, 0x0a, 0x62, 0x08, 0x02, 0x62, 0x00,
    0x03, 0x62, 0x08, 0x01, 0x61, 0x08, 0x07, 0x41, 0x00, 0x03, 0x41, 0x08, 0x0c, 0x41, 0x00, 0x02, 0x21, 0x00, 0x01, 0x41, 0x00, 0x05, 0x21, 0x00,
    0x03, 0x41, 0x00, 0x01, 0x21, 0x00, 0x04, 0x41, 0x00, 0x01, 0x21, 0x00, 0x04, 0x41, 0x00, 0x01, 0x21, 0x00, 0x01, 0x41, 0x00, 0x02, 0x21, 0x00,
    0x0b, 0x41, 0x00, 0x01, 0x62, 0x08, 0x01, 0x61, 0x00, 0x01, 0x62, 0x08, 0x0a, 0x41, 0x00, 0x01, 0x42, 0x00, 0x09, 0x41, 0x00, 0x0a, 0x21, 0x00,
    0x05, 0x20, 0x00, 0x05, 0x21, 0x00, 0x02, 0x20, 0x00, 0x02, 0x21, 0x00, 0x01, 0x41, 0x00, 0x01, 0x21, 0x00, 0x03, 0x20, 0x00, 0x02, 0x21, 0x00,
    0x01, 0x41, 0x00, 0x01, 0x21, 0x00, 0x06, 0x20, 0x00, 0x02, 0x21, 0x00, 0x01, 0x20, 0x00, 0x01, 0x21, 0x00, 0x01, 0x41, 0x00, 0x01, 0x21, 0x00,
    0x04, 0x20, 0x00, 0x02, 0x21, 0x00, 0x03, 0x20, 0x00, 0x03, 0x21, 0x00, 0x01, 0x20, 0x00, 0x02, 0x21, 0x00, 0x01, 0x20, 0x00, 0x03, 0x21, 0x00,
    0x04, 0x41, 0x00, 0x01, 0x41, 0x08, 0x01, 0x61, 0x08, 0x01, 0x82, 0x08, 0x03, 0x82, 0x10, 0x09, 0xa2, 0x10, 0x02, 0x82, 0x10, 0x02, 0x82, 0x08,
    0x0d, 0x62, 0x08, 0x02, 0x82, 0x08, 0x03, 0x82, 0x10, 0x09, 0xa2, 0x10, 0x01, 0x82, 0x10, 0x02, 0x82, 0x08, 0x2d, 0x62, 0x08, 0x01, 0x61, 0x08,
    0x04, 0x62, 0x08, 0x01, 0x61, 0x08, 0x02, 0x62, 0x08, 0x0b, 0x41, 0x00, 0x02, 0x21, 0x00, 0x01, 0x41, 0x00, 0x05, 0x21, 0x00, 0x03, 0x41, 0x00,
    0x01, 0x21, 0x00, 0x03, 0x41, 0x00, 0x01, 0x21, 0x00, 0x05, 0x41, 0x00, 0x01, 0x21, 0x00, 0x01, 0x41, 0x00, 0x02, 0x21, 0x00, 0x0d, 0x41, 0x00,
    0x01, 0x62, 0x08, 0x01, 0x41, 0x08, 0x13, 0x41, 0x00, 0x08, 0x21, 0x00, 0x01, 0x20, 0x00, 0x03, 0x21, 0x00, 0x02, 0x20, 0x00, 0x07, 0x21, 0x00,
    0x02, 0x20, 0x00, 0x03, 0x21, 0x00, 0x03, 0x20, 0x00, 0x02, 0x21, 0x00, 0x01, 0x41, 0x00, 0x01, 0x21, 0x00, 0x06, 0x20, 0x00, 0x02, 0x21, 0x00,
    0x01, 0x20, 0x00, 0x04, 0x21, 0x00, 0x04, 0x20, 0x00, 0x01, 0x21, 0x00, 0x02, 0x20, 0x00, 0x02, 0x21, 0x00, 0x01, 0x41, 0x00, 0x01, 0x21, 0x00,
    0x02, 0x20, 0x00, 0x05, 0x21, 0x00, 0x03, 0x41, 0x00, 0x01, 0x41, 0x08, 0x02, 0x61, 0x08, 0x01, 0x41, 0x00, 0x01, 0x41, 0x08, 0x01, 0x61, 0x08,
    0x02, 0x82, 0x10, 0x05, 0xa2, 0x10, 0x02, 0x82, 0x10, 0x02, 0x61, 0x08, 0x01, 0x41, 0x00, 0x02, 0x21, 0x00, 0x0e, 0x01, 0x00, 0x02, 0x21, 0x00,
    0x02, 0x41, 0x00, 0x01, 0x61, 0x08, 0x01, 0x62, 0x08, 0x01, 0x61, 0x08, 0x05, 0x62, 0x08, 0x02, 0x41, 0x00, 0x01, 0x62, 0x08, 0x01, 0x61, 0x08,
    0x40, 0x41, 0x00, 0x09, 0x21, 0x00, 0x02, 0x41, 0x00, 0x02, 0x21, 0x00, 0x01, 0x41, 0x00, 0x02, 0x21, 0x00, 0x05, 0x41, 0x00, 0x04, 0x21, 0x00,
    0x0e, 0x41, 0x00, 0x01, 0x61, 0x08, 0x08, 0x41, 0x00, 0x01, 0x62, 0x08, 0x0a, 0x41, 0x00, 0x02, 0x21, 0x00, 0x01, 0x41, 0x00, 0x01, 0x21, 0x00,
    0x02, 0x20, 0x00, 0x0e, 0x21, 0x00, 0x04, 0x20, 0x00, 0x03, 0x21, 0x00, 0x02, 0x20, 0x00, 0x05, 0x21, 0x00, 0x05, 0x20, 0x00, 0x02, 0x21, 0x00,
    0x01, 0x20, 0x00, 0x03, 0x21, 0x00, 0x01, 0x20, 0x00, 0x01, 0x21, 0x00, 0x03, 0x20, 0x00, 0x01, 0x21, 0x00, 0x03, 0x20, 0x00, 0x01, 0x21, 0x00,
    0x02, 0x41, 0x00, 0x02, 0x20, 0x00, 0x04, 0x21, 0x00, 0x04, 0x41, 0x00, 0x02, 0x61, 0x08, 0x01, 0xe2, 0x18, 0x01, 0x87, 0x5a, 0x01, 0xc7, 0x62,
    0x01, 0xe8, 0x6a, 0x02, 0xe7, 0x6a, 0x03, 0x07, 0x73, 0x01, 0xe7, 0x72, 0x02, 0xe7, 0x6a, 0x01, 0xc7, 0x6a, 0x01, 0xa7, 0x6a, 0x01, 0xa7, 0x62,
    0x01, 0x86, 0x62, 0x02, 0x66, 0x5a, 0x04, 0x46, 0x52, 0x02, 0x66, 0x52, 0x01, 0x66, 0x5a, 0x04, 0x46, 0x52, 0x01, 0x66, 0x52, 0x03, 0x66, 0x5a,
    0x02, 0x86, 0x5a, 0x01, 0x87, 0x5a, 0x02, 0x86, 0x62, 0x05, 0xa7, 0x62, 0x01, 0x86, 0x62, 0x01, 0xa6, 0x62, 0x01, 0x66, 0x5a, 0x01, 0xa5, 0x31,
    0x01, 0x44, 0x21, 0x01, 0x04, 0x21, 0x02, 0xe4, 0x18, 0x12, 0xc3, 0x10, 0x01, 0xa3, 0x10, 0x1f, 0xc3, 0x10, 0x01, 0x62, 0x08, 0x0b, 0x41, 0x00,
    0x07, 0x21, 0x00, 0x03, 0x41, 0x00, 0x02, 0x21, 0x00, 0x02, 0x41, 0x00, 0x01, 0x21, 0x00, 0x05, 0x41, 0x00, 0x01, 0x21, 0x00, 0x03, 0x41, 0x00,
    0x01, 0x21, 0x00, 0x07, 0x41, 0x00, 0x01, 0x62, 0x08, 0x05, 0x41, 0x00, 0x01, 0x62, 0x08, 0x07, 0x41, 0x00, 0x01, 0x41, 0x08, 0x01, 0x62, 0x08,
    0x06, 0x41, 0x00, 0x01, 0x62, 0x08, 0x03, 0x41, 0x00, 0x04, 0x21, 0x00, 0x02, 0x20, 0x00, 0x04, 0x21, 0x00, 0x01, 0x20, 0x00, 0x09, 0x21, 0x00,
    0x04, 0x20, 0x00, 0x02, 0x21, 0x00, 0x03, 0x20, 0x00, 0x02, 0x21, 0x00, 0x01, 0x20, 0x00, 0x02, 0x21, 0x00, 0x05, 0x20, 0x00, 0x02, 0x21, 0x00,
    0x02, 0x20, 0x00, 0x04, 0x21, 0x00, 0x04, 0x20, 0x00, 0x01, 0x21, 0x00, 0x01, 0x20, 0x00, 0x02, 0x21, 0x00, 0x02, 0x41, 0x00, 0x02, 0x20, 0x00,
    0x03, 0x21, 0x00, 0x01, 0x41, 0x00, 0x01, 0x21, 0x00, 0x03, 0x41, 0x00, 0x01, 0x61, 0x08, 0x01, 0x21, 0x00, 0x01, 0x05, 0x4a, 0x01, 0x50, 0xee,
    0x02, 0x2f, 0xe6, 0x02, 0x0e, 0xe6, 0x02, 0x2f, 0xee, 0x01, 0x0f, 0xee, 0x02, 0xee, 0xe5, 0x02, 0x0f, 0xe6, 0x05, 0xee, 0xe5, 0x03, 0xce, 0xdd,
    0x04, 0xee, 0xe5, 0x01, 0xce, 0xe5, 0x02, 0xee, 0xe5, 0x02, 0xce, 0xe5, 0x02, 0xee, 0xe5, 0x06, 0xce, 0xe5, 0x02, 0xee, 0xe5, 0x03, 0xce, 0xe5,
    0x02, 0xee, 0xe5, 0x01, 0x4d, 0xcd, 0x01, 0x29, 0x73, 0x01, 0xa9, 0x5a, 0x01, 0x48, 0x4a, 0x01, 0xe7, 0x39, 0x01, 0xa7, 0x31, 0x02, 0x87, 0x29,
    0x03, 0x86, 0x29, 0x02, 0x66, 0x29, 0x0b, 0x86, 0x29, 0x01, 0x66, 0x29, 0x07, 0x86, 0x29, 0x03, 0x66, 0x29, 0x04, 0x86, 0x29, 0x02, 0x66, 0x29,
    0x09, 0x86, 0x29, 0x01, 0x87, 0x29, 0x01, 0xa7, 0x29, 0x02, 0xa7, 0x31, 0x01, 0xa7, 0x29, 0x01, 0xa7, 0x31, 0x01, 0xc3, 0x10, 0x01, 0x41, 0x00,
    0x01, 0x41, 0x08, 0x07, 0x41, 0x00, 0x01, 0x61, 0x08, 0x01, 0x62, 0x08, 0x01, 0x41, 0x00, 0x05, 0x21, 0x00, 0x05, 0x41, 0x00, 0x01, 0x21, 0x00,
    0x02, 0x41, 0x00, 0x02, 0x21, 0x00, 0x03, 0x41, 0x00, 0x01, 0x61, 0x08, 0x01, 0x41, 0x00, 0x02, 0x62, 0x08, 0x01, 0x41, 0x00, 0x01, 0x21, 0x00,
    0x03, 0x41, 0x00, 0x01, 0x61, 0x08, 0x01, 0x41, 0x00, 0x02, 0x62, 0x08, 0x07, 0x41, 0x00, 0x01, 0x62, 0x08, 0x07, 0x41, 0x00, 0x01, 0x62, 0x08,
    0x05, 0x41, 0x00, 0x01, 0x41, 0x08, 0x01, 0x61, 0x08, 0x02, 0x41, 0x00, 0x01, 0x61, 0x08, 0x04, 0x21, 0x00, 0x02, 0x20, 0x00, 0x02, 0x21, 0x00,
    0x01, 0x20, 0x00, 0x0a, 0x21, 0x00, 0x01, 0x20, 0x00, 0x01, 0x21, 0x00, 0x01, 0x20, 0x00, 0x05, 0x21, 0x00, 0x01, 0x41, 0x00, 0x03, 0x21, 0x00,
    0x01, 0x20, 0x00, 0x01, 0x21, 0x00, 0x04, 0x20, 0x00, 0x03, 0x21, 0x00, 0x01, 0x41, 0x00, 0x06, 0x21, 0x00, 0x03, 0x20, 0x00, 0x06, 0x21, 0x00,
    0x02, 0x41, 0x00, 0x02, 0x21, 0x00, 0x01, 0x20, 0x00, 0x01, 0x21, 0x00, 0x05, 0x41, 0x00, 0x01, 0x41, 0x08, 0x01, 0x61, 0x08, 0x01, 0x82, 0x10,
    0x01, 0xe2, 0x20, 0x01, 0x03, 0x21, 0x01, 0x43, 0x29, 0x01, 0x63, 0x31, 0x01, 0x84, 0x39, 0x01, 0xa4, 0x39, 0x04, 0x84, 0x39, 0x01, 0x84, 0x31,
    0x01, 0x64, 0x31, 0x01, 0x43, 0x29, 0x01, 0x23, 0x29, 0x01, 0x03, 0x21, 0x01, 0xe3, 0x20, 0x01, 0xe2, 0x18, 0x04, 0xc2, 0x18, 0x02, 0xe3, 0x18,
    0x06, 0xc2, 0x18, 0x01, 0xc3, 0x18, 0x02, 0xe3, 0x18, 0x01, 0xe3, 0x20, 0x01, 0x03, 0x21, 0x01, 0x23, 0x21, 0x05, 0x23, 0x29, 0x02, 0x44, 0x29,
    0x01, 0x24, 0x29, 0x01, 0x03, 0x21, 0x01, 0xc2, 0x18, 0x01, 0xa2, 0x10, 0x01, 0xa3, 0x10, 0x01, 0xa2, 0x10, 0x01, 0x82, 0x08, 0x22, 0x62, 0x08,
    0x03, 0x82, 0x08, 0x04, 0x62, 0x08, 0x01, 0x82, 0x08, 0x02, 0x62, 0x08, 0x05, 0x82, 0x08, 0x04, 0x62, 0x08, 0x05, 0x41, 0x00, 0x01, 0x62, 0x08,
    0x09, 0x41, 0x00, 0x01, 0x21, 0x00, 0x0f, 0x41, 0x00, 0x02, 0x62, 0x08, 0x02, 0x41, 0x00, 0x04, 0x62, 0x08, 0x02, 0x41, 0x00, 0x01, 0x62, 0x08,
    0x01, 0x61, 0x08, 0x06, 0x41, 0x00, 0x02, 0x62, 0x08, 0x05, 0x41, 0x00, 0x02, 0x62, 0x08, 0x01, 0x61, 0x00, 0x06, 0x41, 0x00, 0x03, 0x62, 0x08,
    0x03, 0x21, 0x00, 0x01, 0x41, 0x00, 0x01, 0x21, 0x00, 0x01, 0x20, 0x00, 0x02, 0x21, 0x00, 0x01, 0x20, 0x00, 0x05, 0x21, 0x00, 0x01, 0x20, 0x00,
    0x0c, 0x21, 0x00, 0x01, 0x41, 0x00, 0x04, 0x21, 0x00, 0x01, 0x41, 0x00, 0x01, 0x21, 0x00, 0x03, 0x20, 0x00, 0x03, 0x21, 0x00, 0x01, 0x41, 0x00,
    0x06, 0x21, 0x00, 0x01, 0x20, 0x00, 0x04, 0x21, 0x00, 0x07, 0x41, 0x00, 0x01, 0x21, 0x00, 0x01, 0x20, 0x00, 0x01, 0x21, 0x00, 0x05, 0x41, 0x00,
    0x01, 0x41, 0x08, 0x01, 0x61, 0x08, 0x02, 0x62, 0x08, 0x01, 0x82, 0x10, 0x02, 0xa2, 0x10, 0x07, 0xc2, 0x18, 0x02, 0xa2, 0x10, 0x02, 0x82, 0x10,
    0x02, 0x62, 0x08, 0x01, 0x61, 0x08, 0x01, 0x41, 0x08, 0x0a, 0x41, 0x00, 0x01, 0x61, 0x08, 0x02, 0x62, 0x08, 0x01, 0x82, 0x08, 0x01, 0x82, 0x10,
    0x08, 0xa2, 0x10, 0x04, 0x82, 0x10, 0x04, 0x62, 0x08, 0x01, 0x61, 0x08, 0x01, 0x61, 0x00, 0x03, 0x41, 0x00, 0x01, 0x41, 0x08, 0x01, 0x61, 0x08,
    0x02, 0x41, 0x08, 0x02, 0x61, 0x08, 0x01, 0x41, 0x00, 0x01, 0x61, 0x00, 0x01, 0x41, 0x00, 0x01, 0x42, 0x08, 0x01, 0x62, 0x08, 0x01, 0x61, 0x08,
    0x05, 0x41, 0x00, 0x01, 0x41, 0x08, 0x1d, 0x62, 0x08, 0x01, 0x41, 0x08, 0x02, 0x62, 0x08, 0x01, 0x41, 0x00, 0x02, 0x61, 0x08, 0x09, 0x41, 0x00,
    0x01, 0x21, 0x00, 0x0f, 0x41, 0x00, 0x01, 0x61, 0x08, 0x02, 0x62, 0x08, 0x01, 0x61, 0x08, 0x01, 0x82, 0x08, 0x02, 0x62, 0x08, 0x03, 0x41, 0x00,
    0x03, 0x62, 0x08, 0x01, 0x41, 0x00, 0x01, 0x61, 0x00, 0x01, 0x41, 0x00, 0x01, 0x62, 0x08, 0x01, 0x82, 0x08, 0x02, 0x62, 0x08, 0x01, 0x42, 0x00,
    0x03, 0x41, 0x00, 0x01, 0x62, 0x08, 0x01, 0x82, 0x08, 0x01, 0x62, 0x08, 0x03, 0x41, 0x00, 0x07, 0x62, 0x08, 0x03, 0x21, 0x00, 0x02, 0x41, 0x00,
    0x01, 0x21, 0x00, 0x01, 0x20, 0x00, 0x10, 0x21, 0x00, 0x01, 0x41, 0x00, 0x03, 0x21, 0x00, 0x04, 0x41, 0x00, 0x01, 0x21, 0x00, 0x02, 0x41, 0x00,
    0x06, 0x21, 0x00, 0x02, 0x41, 0x00, 0x07, 0x21, 0x00, 0x01, 0x41, 0x00, 0x02, 0x21, 0x00, 0x01, 0x41, 0x00, 0x01, 0x21, 0x00, 0x06, 0x41, 0x00,
    0x01, 0x21, 0x00, 0x06, 0x41, 0x00, 0x02, 0x61, 0x08, 0x01, 0x62, 0x08, 0x01, 0x82, 0x08, 0x03, 0x82, 0x10, 0x09, 0xa2, 0x10, 0x02, 0x82, 0x10,
    0x01, 0x82, 0x08, 0x01, 0x62, 0x08, 0x01, 0x82, 0x08, 0x0d, 0x62, 0x08, 0x01, 0x82, 0x08, 0x03, 0x82, 0x10, 0x05, 0xa2, 0x10, 0x02, 0x82, 0x10,
    0x03, 0xa2, 0x10, 0x01, 0x82, 0x08, 0x3b, 0x62, 0x08, 0x02, 0x61, 0x08, 0x01, 0x41, 0x00, 0x01, 0x61, 0x00, 0x0d, 0x41, 0x00, 0x01, 0x62, 0x00,
    0x01, 0x41, 0x08, 0x01, 0x61, 0x08, 0x01, 0x62, 0x08, 0x01, 0x41, 0x08, 0x02, 0x62, 0x08, 0x02, 0x41, 0x08, 0x03, 0x41, 0x00, 0x06, 0x62, 0x08,
    0x01, 0x41, 0x00, 0x08, 0x62, 0x08, 0x01, 0x82, 0x08, 0x01, 0x83, 0x08, 0x02, 0x82, 0x08, 0x01, 0xa3, 0x08, 0x02, 0xc3, 0x10, 0x02, 0xa3, 0x10,
    0x03, 0x62, 0x08, 0x02, 0x82, 0x08, 0x02, 0x83, 0x08, 0x01, 0x82, 0x08, 0x04, 0x62, 0x08, 0x06, 0x41, 0x00, 0x02, 0x21, 0x00, 0x09, 0x41, 0x00,
    0x01, 0x21, 0x00, 0x04, 0x41, 0x00, 0x02, 0x21, 0x00, 0x07, 0x41, 0x00, 0x01, 0x21, 0x00, 0x01, 0x41, 0x00, 0x01, 0x21, 0x00, 0x02, 0x41, 0x00,
    0x02, 0x21, 0x00, 0x0d, 0x41, 0x00, 0x02, 0x61, 0x08, 0x06, 0x41, 0x00, 0x01, 0x41, 0x08, 0x01, 0x61, 0x08, 0x01, 0x41, 0x08, 0x01, 0x62, 0x08,
    0x02, 0x61, 0x08, 0x06, 0x62, 0x08, 0x0b, 0x82, 0x08, 0x02, 0x62, 0x08, 0x01, 0x41, 0x00, 0x04, 0x62, 0x08, 0x01, 0x41, 0x00, 0x01, 0x61, 0x08,
    0x03, 0x62, 0x08, 0x01, 0x41, 0x00, 0x01, 0x62, 0x08, 0x01, 0x41, 0x00, 0x02, 0x62, 0x08, 0x01, 0x61, 0x08, 0x01, 0x62, 0x08, 0x01, 0x61, 0x08,
    0x05, 0x62, 0x08, 0x01, 0x82, 0x08, 0x02, 0x62, 0x08, 0x04, 0x82, 0x08, 0x06, 0x62, 0x08, 0x02, 0x41, 0x00, 0x01, 0x62, 0x08, 0x01, 0x41, 0x00,
    0x01, 0x62, 0x08, 0x02, 0x41, 0x00, 0x03, 0x62, 0x08, 0x01, 0x41, 0x00, 0x02, 0x62, 0x08, 0x01, 0x41, 0x00, 0x02, 0x62, 0x08, 0x01, 0x41, 0x00,
    0x01, 0x62, 0x00, 0x01, 0x62, 0x08, 0x01, 0x41, 0x00, 0x02, 0x62, 0x08, 0x01, 0x41, 0x00, 0x03, 0x62, 0x08, 0x01, 0x41, 0x00, 0x02, 0x62, 0x08,
    0x01, 0x41, 0x00, 0x03, 0x62, 0x08, 0x01, 0x62, 0x00, 0x01, 0x62, 0x08, 0x01, 0x61, 0x00, 0x01, 0x62, 0x08, 0x03, 0x82, 0x08, 0x04, 0x62, 0x08,
    0x02, 0x82, 0x08, 0x01, 0x62, 0x08, 0x05, 0x82, 0x08, 0x01, 0x62, 0x08, 0x04, 0x82, 0x08, 0x01, 0x62, 0x08, 0x03, 0x82, 0x08, 0x07, 0x62, 0x08,
    0x04, 0x82, 0x08, 0x02, 0x62, 0x08, 0x02, 0x82, 0x08, 0x02, 0x62, 0x08, 0x01, 0x82, 0x08, 0x02, 0x62, 0x08, 0x04, 0x82, 0x08, 0x01, 0xa3, 0x10,
    0x01, 0xc3, 0x10, 0x01, 0xa3, 0x10, 0x05, 0x82, 0x08, 0x07, 0x62, 0x08, 0x04, 0x82, 0x08, 0x02, 0xc3, 0x10, 0x01, 0xa3, 0x10, 0x03, 0x82, 0x08,
    0x02, 0xa3, 0x08, 0x05, 0x82, 0x08, 0x13, 0x62, 0x08, 0x01, 0x61, 0x08, 0x03, 0x62, 0x08, 0x02, 0x82, 0x08, 0x05, 0x62, 0x08, 0x02, 0x82, 0x08,
    0x02, 0x62, 0x08, 0x01, 0x82, 0x08, 0x04, 0x62, 0x08, 0x01, 0x82, 0x08, 0x01, 0x62, 0x08, 0x03, 0x82, 0x08, 0x03, 0x62, 0x08, 0x01, 0x82, 0x08,
    0x01, 0x62, 0x08, 0x02, 0x82, 0x08, 0x03, 0x62, 0x08, 0x04, 0x82, 0x08, 0x01, 0x83, 0x08, 0x01, 0xa3, 0x08, 0x01, 0xa3, 0x10, 0x17, 0x82, 0x08,
    0x01, 0x62, 0x08, 0x01, 0xc3, 0x10, 0x01, 0x82, 0x10, 0x01, 0x65, 0x21, 0x01, 0xe3, 0x18, 0x01, 0xa3, 0x10, 0x01, 0xc3, 0x10, 0x01, 0x41, 0x00,
    0x01, 0x66, 0x29, 0x01, 0x25, 0x21, 0x01, 0xa3, 0x10, 0x01, 0xc3, 0x10, 0x01, 0x62, 0x08, 0x01, 0x25, 0x21, 0x01, 0x41, 0x00, 0x01, 0xe4, 0x18,
    0x02, 0x82, 0x08, 0x01, 0xe4, 0x18, 0x01, 0x61, 0x08, 0x01, 0x86, 0x29, 0x01, 0xe4, 0x18, 0x01, 0xc3, 0x10, 0x01, 0x82, 0x08, 0x01, 0x25, 0x21,
    0x01, 0xc3, 0x10, 0x01, 0x82, 0x08, 0x01, 0xc3, 0x10, 0x01, 0x66, 0x29, 0x01, 0xa3, 0x10, 0x01, 0x82, 0x08, 0x01, 0x62, 0x08, 0x01, 0xe4, 0x18,
    0x01, 0x04, 0x19, 0x01, 0x25, 0x21, 0x01, 0xc3, 0x10, 0x02, 0x04, 0x19, 0x01, 0xa3, 0x08, 0x01, 0x04, 0x19, 0x01, 0x25, 0x21, 0x01, 0x41, 0x00,
    0x01, 0xe4, 0x18, 0x01, 0x62, 0x08, 0x01, 0x45, 0x21, 0x01, 0x25, 0x21, 0x01, 0x82, 0x08, 0x02, 0x62, 0x08, 0x01, 0x66, 0x29, 0x01, 0xe4, 0x18,
    0x01, 0x62, 0x08, 0x01, 0x04, 0x19, 0x01, 0xc3, 0x10, 0x01, 0xa3, 0x10, 0x01, 0xa6, 0x29, 0x02, 0xe4, 0x10, 0x01, 0x86, 0x29, 0x01, 0x82, 0x08,
    0x01, 0xc4, 0x18, 0x01, 0x66, 0x29, 0x01, 0x82, 0x08, 0x01, 0xe4, 0x18, 0x01, 0xa3, 0x10, 0x01, 0x65, 0x29, 0x01, 0x04, 0x21, 0x01, 0xa3, 0x10,
    0x01, 0x66, 0x29, 0x01, 0xe4, 0x18, 0x01, 0x82, 0x08, 0x01, 0xe4, 0x18, 0x01, 0x45, 0x21, 0x01, 0x82, 0x08, 0x02, 0x45, 0x21, 0x06, 0x82, 0x08,
    0x02, 0x83, 0x08, 0x01, 0xa3, 0x08, 0x07, 0xa3, 0x10, 0x03, 0xc3, 0x10, 0x01, 0xc4, 0x18, 0x01, 0xc4, 0x10, 0x04, 0xc3, 0x10, 0x01, 0xa3, 0x10,
    0x04, 0xc3, 0x10, 0x01, 0xa3, 0x10, 0x03, 0xc3, 0x10, 0x01, 0xc4, 0x18, 0x0c, 0xe4, 0x18, 0x01, 0x04, 0x19, 0x02, 0xe4, 0x18, 0x01, 0x04, 0x19,
    0x01, 0x04, 0x21, 0x03, 0xe4, 0x18, 0x02, 0xc4, 0x18, 0x02, 0xe4, 0x18, 0x01, 0xc3, 0x18, 0x04, 0xe4, 0x18, 0x02, 0x04, 0x19, 0x02, 0xe4, 0x18,
    0x01, 0x04, 0x21, 0x01, 0x04, 0x19, 0x07, 0x04, 0x21, 0x01, 0x24, 0x21, 0x02, 0x25, 0x21, 0x03, 0x04, 0x21, 0x02, 0x83, 0x08, 0x0b, 0xa3, 0x08,
    0x03, 0xa3, 0x10, 0x03, 0xa3, 0x08, 0x08, 0xa3, 0x10, 0x06, 0xc3, 0x10, 0x0f, 0xc4, 0x10, 0x01, 0xe4, 0x10, 0x04, 0xe4, 0x18, 0x08, 0x04, 0x19,
    0x04, 0xe4, 0x18, 0x01, 0xc4, 0x10, 0x03, 0xa3, 0x10, 0x01, 0xa3, 0x08, 0x0b, 0x82, 0x08, 0x01, 0x62, 0x08, 0x01, 0x66, 0x29, 0x01, 0xe4, 0x18,
    0x01, 0x29, 0x42, 0x01, 0x08, 0x3a, 0x01, 0xa3, 0x10, 0x01, 0x66, 0x29, 0x01, 0x62, 0x08, 0x01, 0xa7, 0x29, 0x01, 0x04, 0x19, 0x01, 0x25, 0x19,
    0x01, 0x04, 0x21, 0x01, 0x04, 0x19, 0x01, 0x8a, 0x4a, 0x01, 0x62, 0x08, 0x01, 0xa7, 0x29, 0x01, 0xe4, 0x18, 0x01, 0xc3, 0x10, 0x01, 0x86, 0x29,
    0x01, 0x62, 0x08, 0x01, 0xa7, 0x31, 0x01, 0x82, 0x08, 0x01, 0x86, 0x29, 0x01, 0xc3, 0x10, 0x01, 0xa7, 0x31, 0x01, 0x69, 0x42, 0x01, 0x04, 0x19,
    0x01, 0x45, 0x21, 0x01, 0x87, 0x29, 0x01, 0x45, 0x21, 0x02, 0x62, 0x08, 0x01, 0x45, 0x21, 0x01, 0x6a, 0x4a, 0x01, 0x69, 0x42, 0x01, 0xe4, 0x18,
    0x01, 0xc7, 0x31, 0x01, 0xa7, 0x31, 0x01, 0xc3, 0x10, 0x01, 0x04, 0x19, 0x01, 0xe8, 0x39, 0x01, 0xa3, 0x10, 0x01, 0xa7, 0x31, 0x01, 0xe4, 0x18,
    0x01, 0x86, 0x29, 0x01, 0xc3, 0x10, 0x01, 0xa3, 0x08, 0x01, 0x82, 0x08, 0x01, 0xa3, 0x10, 0x01, 0x49, 0x42, 0x01, 0x04, 0x19, 0x01, 0x42, 0x08,
    0x01, 0x6a, 0x42, 0x01, 0x25, 0x21, 0x01, 0x04, 0x19, 0x01, 0x6a, 0x4a, 0x01, 0xe4, 0x18, 0x01, 0x45, 0x21, 0x01, 0x49, 0x42, 0x01, 0x82, 0x08,
    0x01, 0x86, 0x29, 0x01, 0xab, 0x52, 0x01, 0xc3, 0x10, 0x01, 0x86, 0x29, 0x01, 0x04, 0x19, 0x01, 0x69, 0x42, 0x01, 0x66, 0x29, 0x01, 0xc3, 0x10,
    0x01, 0x49, 0x42, 0x01, 0x08, 0x3a, 0x01, 0xa3, 0x10, 0x01, 0x86, 0x29, 0x01, 0x04, 0x19, 0x01, 0xc3, 0x10, 0x01, 0x29, 0x42, 0x01, 0xa7, 0x31,
    0x09, 0xa3, 0x10, 0x03, 0xc3, 0x10, 0x01, 0xc4, 0x10, 0x04, 0xe4, 0x18, 0x01, 0x04, 0x19, 0x01, 0x04, 0x21, 0x02, 0x25, 0x21, 0x04, 0x04, 0x19,
    0x01, 0xe4, 0x18, 0x01, 0x04, 0x19, 0x04, 0x04, 0x21, 0x02, 0x24, 0x21, 0x01, 0x24, 0x29, 0x01, 0x25, 0x29, 0x01, 0x24, 0x29, 0x02, 0x25, 0x29,
    0x01, 0x24, 0x21, 0x01, 0x25, 0x29, 0x03, 0x45, 0x29, 0x01, 0x25, 0x21, 0x01, 0x24, 0x21, 0x01, 0x25, 0x21, 0x02, 0x45, 0x29, 0x02, 0x24, 0x21,
    0x01, 0x25, 0x29, 0x01, 0x25, 0x21, 0x03, 0x45, 0x29, 0x01, 0x24, 0x21, 0x01, 0x25, 0x21, 0x02, 0x04, 0x21, 0x02, 0x04, 0x19, 0x05, 0xe4, 0x18,
    0x01, 0xc4, 0x18, 0x02, 0xc4, 0x10, 0x02, 0xc3, 0x10, 0x05, 0xa3, 0x10, 0x04, 0xc3, 0x10, 0x03, 0xc4, 0x18, 0x03, 0xa3, 0x10, 0x0c, 0xc3, 0x10,
    0x01, 0xc4, 0x10, 0x01, 0xc3, 0x10, 0x09, 0xc4, 0x10, 0x01, 0xc4, 0x18, 0x0d, 0xe4, 0x18, 0x02, 0x04, 0x21, 0x04, 0xe4, 0x18, 0x01, 0xc4, 0x18,
    0x01, 0xc3, 0x18, 0x05, 0xc4, 0x18, 0x02, 0xe4, 0x18, 0x01, 0xc4, 0x18, 0x04, 0xc3, 0x10, 0x05, 0xa3, 0x10, 0x01, 0xa3, 0x08, 0x01, 0x83, 0x08,
    0x0f, 0x82, 0x08, 0x01, 0x04, 0x19, 0x01, 0xc3, 0x10, 0x01, 0xc4, 0x10, 0x01, 0x45, 0x21, 0x01, 0xa3, 0x10, 0x01, 0xc3, 0x10, 0x01, 0x82, 0x08,
    0x01, 0x04, 0x19, 0x01, 0x83, 0x08, 0x01, 0xa3, 0x10, 0x01, 0xc3, 0x10, 0x01, 0x04, 0x19, 0x01, 0x25, 0x21, 0x01, 0xa3, 0x10, 0x01, 0x04, 0x19,
    0x01, 0x66, 0x21, 0x01, 0x82, 0x08, 0x02, 0xe4, 0x18, 0x01, 0xa7, 0x31, 0x01, 0x82, 0x08, 0x01, 0xc3, 0x10, 0x01, 0xa3, 0x10, 0x01, 0xc3, 0x10,
    0x01, 0x66, 0x21, 0x01, 0xe4, 0x18, 0x01, 0xa3, 0x10, 0x01, 0x86, 0x29, 0x01, 0x04, 0x19, 0x01, 0x62, 0x08, 0x01, 0x82, 0x08, 0x01, 0xc3, 0x10,
    0x01, 0x66, 0x21, 0x01, 0x25, 0x21, 0x01, 0x62, 0x08, 0x01, 0x04, 0x19, 0x01, 0x86, 0x29, 0x01, 0xa3, 0x08, 0x01, 0xe4, 0x18, 0x01, 0x87, 0x29,
    0x01, 0xa3, 0x10, 0x01, 0x04, 0x19, 0x01, 0xa3, 0x08, 0x01, 0x66, 0x21, 0x01, 0x25, 0x21, 0x01, 0x62, 0x08, 0x01, 0x82, 0x08, 0x01, 0xa3, 0x10,
    0x01, 0xa7, 0x29, 0x01, 0x04, 0x19, 0x01, 0xc3, 0x10, 0x01, 0x45, 0x21, 0x01, 0xe4, 0x18, 0x01, 0xc3, 0x10, 0x01, 0x04, 0x19, 0x01, 0x62, 0x08,
    0x01, 0x04, 0x19, 0x01, 0xa7, 0x31, 0x01, 0xa3, 0x10, 0x01, 0x04, 0x19, 0x01, 0x66, 0x29, 0x01, 0xc3, 0x10, 0x01, 0xe4, 0x18, 0x01, 0xc3, 0x10,
    0x01, 0x86, 0x29, 0x01, 0x45, 0x21, 0x01, 0xc3, 0x10, 0x01, 0x04, 0x21, 0x01, 0x86, 0x29, 0x01, 0xa3, 0x10, 0x01, 0x45, 0x21, 0x01, 0xa7, 0x31,
    0x01, 0xc3, 0x10, 0x01, 0x66, 0x29, 0x01, 0x86, 0x29, 0x09, 0xc3, 0x10, 0x05, 0xe4, 0x18, 0x02, 0x04, 0x19, 0x01, 0x24, 0x21, 0x0c, 0x25, 0x21,
    0x01, 0x45, 0x21, 0x09, 0x45, 0x29, 0x01, 0x65, 0x29, 0x01, 0x66, 0x29, 0x01, 0x65, 0x29, 0x01, 0x65, 0x31, 0x07, 0x66, 0x31, 0x04, 0x86, 0x39,
    0x03, 0x86, 0x31, 0x02, 0x66, 0x31, 0x01, 0x65, 0x31, 0x01, 0x45, 0x29, 0x02, 0x66, 0x29, 0x05, 0x45, 0x29, 0x01, 0x65, 0x29, 0x02, 0x65, 0x31,
    0x02, 0x66, 0x31, 0x02, 0x86, 0x39, 0x08, 0x65, 0x31, 0x04, 0x82, 0x08, 0x05, 0x83, 0x08, 0x01, 0xa3, 0x08, 0x14, 0xa3, 0x10, 0x01, 0x82, 0x10,
    0x01, 0xa2, 0x10, 0x0a, 0xa3, 0x10, 0x01, 0x82, 0x10, 0x03, 0x82, 0x08, 0x11, 0x62, 0x08, 0x01, 0x62, 0x00, 0x07, 0x62, 0x08, 0x0b, 0x82, 0x08,
    0x03, 0x62, 0x08, 0x01, 0x62, 0x00, 0x08, 0x62, 0x08, 0x01, 0x62, 0x00, 0x01, 0x62, 0x08, 0x01, 0x62, 0x00, 0x05, 0x62, 0x08, 0x01, 0x82, 0x08,
    0x01, 0x62, 0x08, 0x01, 0x82, 0x08, 0x01, 0x62, 0x08, 0x01, 0x62, 0x00, 0x01, 0x62, 0x08, 0x01, 0x82, 0x08, 0x02, 0x62, 0x08, 0x01, 0x83, 0x08,
    0x02, 0x82, 0x08, 0x02, 0x62, 0x08, 0x01, 0x82, 0x08, 0x02, 0x62, 0x08, 0x02, 0x82, 0x08, 0x01, 0x62, 0x08, 0x01, 0x82, 0x08, 0x01, 0x62, 0x08,
    0x05, 0x82, 0x08, 0x01, 0x83, 0x08, 0x01, 0x82, 0x08, 0x01, 0x83, 0x08, 0x01, 0xa3, 0x08, 0x02, 0x82, 0x08, 0x02, 0x83, 0x08, 0x02, 0xa3, 0x10,
    0x01, 0x82, 0x08, 0x02, 0xa3, 0x10, 0x01, 0x82, 0x10, 0x03, 0xa3, 0x10, 0x01, 0x82, 0x10, 0x01, 0xa3, 0x10, 0x01, 0xc3, 0x10, 0x02, 0xa3, 0x10,
    0x01, 0xc3, 0x18, 0x02, 0xc3, 0x10, 0x01, 0xc3, 0x18, 0x02, 0xc3, 0x10, 0x01, 0xc4, 0x18, 0x08, 0xe4, 0x18, 0x01, 0xe4, 0x20, 0x03, 0x04, 0x21,
    0x02, 0x24, 0x21, 0x01, 0x25, 0x21, 0x02, 0x45, 0x29, 0x0a, 0x25, 0x21, 0x01, 0x25, 0x29, 0x02, 0x45, 0x29, 0x01, 0x65, 0x31, 0x01, 0x45, 0x31,
    0x02, 0x65, 0x31, 0x01, 0x86, 0x31, 0x05, 0x86, 0x39, 0x01, 0xa6, 0x39, 0x06, 0xa6, 0x41, 0x01, 0xc6, 0x41, 0x04, 0xe7, 0x49, 0x01, 0xc6, 0x49,
    0x01, 0xc7, 0x49, 0x02, 0xe7, 0x49, 0x01, 0xc7, 0x41, 0x02, 0xe7, 0x49, 0x04, 0xc7, 0x41, 0x01, 0xc6, 0x41, 0x01, 0xc7, 0x41, 0x01, 0xc7, 0x49,
    0x02, 0xe7, 0x49, 0x07, 0x07, 0x52, 0x03, 0xe7, 0x51, 0x04, 0x07, 0x52, 0x1e, 0x41, 0x00, 0x01, 0x21, 0x00, 0x16, 0x41, 0x00, 0x01, 0x41, 0x08,
    0x02, 0x61, 0x08, 0x03, 0x62, 0x08, 0x01, 0x61, 0x00, 0x01, 0x41, 0x00, 0x02, 0x41, 0x08, 0x01, 0x41, 0x00, 0x01, 0x41, 0x08, 0x0a, 0x62, 0x08,
    0x04, 0x82, 0x08, 0x19, 0x62, 0x08, 0x22, 0x82, 0x08, 0x01, 0x83, 0x08, 0x0b, 0xa3, 0x10, 0x0b, 0xc3, 0x10, 0x04, 0xc3, 0x18, 0x01, 0xe3, 0x18,
    0x01, 0xe4, 0x20, 0x04, 0x04, 0x21, 0x01, 0xe4, 0x18, 0x04, 0x04, 0x21, 0x01, 0xe4, 0x20, 0x05, 0x04, 0x21, 0x02, 0x24, 0x21, 0x01, 0x24, 0x29,
    0x01, 0x25, 0x29, 0x02, 0x45, 0x31, 0x02, 0x65, 0x39, 0x01, 0x65, 0x41, 0x02, 0x85, 0x41, 0x01, 0xa6, 0x41, 0x01, 0x86, 0x41, 0x02, 0x85, 0x41,
    0x01, 0xa6, 0x41, 0x01, 0xe6, 0x51, 0x01, 0xc6, 0x49, 0x01, 0xa6, 0x41, 0x01, 0xa5, 0x41, 0x02, 0xa6, 0x41, 0x01, 0xc6, 0x51, 0x01, 0xe7, 0x51,
    0x02, 0x07, 0x5a, 0x01, 0xe6, 0x51, 0x02, 0xc6, 0x51, 0x01, 0xe6, 0x51, 0x01, 0xe7, 0x51, 0x01, 0xe6, 0x49, 0x03, 0xc6, 0x49, 0x04, 0xa6, 0x41,
    0x02, 0x85, 0x39, 0x04, 0xa6, 0x41, 0x05, 0x86, 0x39, 0x01, 0x85, 0x39, 0x01, 0x86, 0x39, 0x04, 0xa6, 0x41, 0x02, 0xc6, 0x49, 0x02, 0x21, 0x00,
    0x06, 0x41, 0x00, 0x06, 0x21, 0x00, 0x01, 0x41, 0x00, 0x02, 0x21, 0x00, 0x02, 0x41, 0x00, 0x02, 0x21, 0x00, 0x07, 0x41, 0x00, 0x01, 0x21, 0x00,
    0x27, 0x41, 0x00, 0x01, 0x61, 0x08, 0x48, 0x62, 0x08, 0x03, 0x82, 0x08, 0x02, 0x62, 0x08, 0x0c, 0x82, 0x08, 0x08, 0x62, 0x08, 0x03, 0x82, 0x08,
    0x15, 0x62, 0x08, 0x01, 0x82, 0x08, 0x04, 0x82, 0x10, 0x01, 0xa3, 0x10, 0x01, 0xa2, 0x10, 0x01, 0xa3, 0x18, 0x01, 0xe4, 0x20, 0x01, 0x04, 0x21,
    0x01, 0xe3, 0x20, 0x02, 0xc3, 0x18, 0x01, 0xe4, 0x20, 0x02, 0x04, 0x29, 0x01, 0x24, 0x29, 0x02, 0x04, 0x29, 0x02, 0x04, 0x21, 0x02, 0x04, 0x29,
    0x01, 0x04, 0x21, 0x01, 0x24, 0x29, 0x04, 0x04, 0x21, 0x01, 0xe4, 0x20, 0x01, 0xe4, 0x18, 0x03, 0xe4, 0x20, 0x02, 0x04, 0x21, 0x01, 0xe4, 0x20,
    0x01, 0x04, 0x21, 0x01, 0xe4, 0x20, 0x07, 0x04, 0x21, 0x02, 0x24, 0x29, 0x02, 0x04, 0x21, 0x03, 0x21, 0x00, 0x02, 0x41, 0x00, 0x11, 0x21, 0x00,
    0x05, 0x41, 0x00, 0x03, 0x21, 0x00, 0x03, 0x41, 0x00, 0x06, 0x21, 0x00, 0x03, 0x41, 0x00, 0x03, 0x21, 0x00, 0x03, 0x41, 0x00, 0x03, 0x21, 0x00,
    0x13, 0x41, 0x00, 0x6d, 0x62, 0x08, 0x01, 0x61, 0x08, 0x01, 0x62, 0x08, 0x01, 0x61, 0x08, 0x0b, 0x41, 0x00, 0x06, 0x62, 0x08, 0x02, 0x82, 0x08,
    0x02, 0x62, 0x08, 0x04, 0x82, 0x10, 0x01, 0xa3, 0x10, 0x03, 0x82, 0x08, 0x03, 0x62, 0x08, 0x02, 0x82, 0x08, 0x01, 0x62, 0x08, 0x03, 0x82, 0x08,
    0x01, 0x62, 0x08, 0x01, 0x82, 0x08, 0x02, 0x82, 0x10, 0x01, 0x83, 0x10, 0x01, 0x82, 0x08, 0x01, 0x82, 0x10, 0x01, 0x83, 0x10, 0x04, 0x82, 0x08,
    0x04, 0xa3, 0x10, 0x01, 0x83, 0x08, 0x02, 0xa3, 0x10, 0x01, 0x82, 0x10, 0x03, 0x21, 0x00, 0x02, 0x41, 0x00, 0x08, 0x21, 0x00, 0x01, 0x41, 0x00,
    0x08, 0x21, 0x00, 0x01, 0x41, 0x00, 0x01, 0x21, 0x00, 0x02, 0x41, 0x00, 0x07, 0x21, 0x00, 0x01, 0x41, 0x00, 0x05, 0x21, 0x00, 0x03, 0x41, 0x00,
    0x02, 0x21, 0x00, 0x03, 0x41, 0x00, 0x04, 0x21, 0x00, 0x14, 0x41, 0x00, 0x09, 0x62, 0x08, 0x01, 0x61, 0x08, 0x5c, 0x62, 0x08, 0x01, 0x61, 0x00,
    0x01, 0x41, 0x00, 0x01, 0x61, 0x00, 0x01, 0x62, 0x08, 0x01, 0x61, 0x00, 0x0b, 0x41, 0x00, 0x01, 0x61, 0x08, 0x09, 0x41, 0x00, 0x01, 0x41, 0x08,
    0x01, 0x41, 0x00, 0x02, 0x62, 0x08, 0x01, 0x42, 0x00, 0x0d, 0x62, 0x08, 0x01, 0x82, 0x08, 0x16, 0x62, 0x08, 0x03, 0x21, 0x00, 0x02, 0x41, 0x00,
    0x04, 0x21, 0x00, 0x01, 0x41, 0x00, 0x0c, 0x21, 0x00, 0x02, 0x41, 0x00, 0x05, 0x21, 0x00, 0x01, 0x41, 0x00, 0x03, 0x21, 0x00, 0x01, 0x41, 0x00,
    0x05, 0x21, 0x00, 0x03, 0x41, 0x00, 0x02, 0x21, 0x00, 0x01, 0x41, 0x00, 0x07, 0x21, 0x00, 0x02, 0x41, 0x00, 0x01, 0x21, 0x00, 0x04, 0x41, 0x00,
    0x02, 0x21, 0x00, 0x0c, 0x41, 0x00, 0x01, 0x41, 0x08, 0x01, 0x61, 0x08, 0x02, 0x62, 0x08, 0x01, 0x62, 0x00, 0x03, 0x41, 0x00, 0x01, 0x41, 0x08,
    0x4c, 0x62, 0x08, 0x01, 0x62, 0x00, 0x01, 0x62, 0x08, 0x01, 0x62, 0x00, 0x01, 0x61, 0x00, 0x01, 0x42, 0x00, 0x01, 0x41, 0x08, 0x02, 0x61, 0x08,
    0x01, 0x61, 0x00, 0x01, 0x62, 0x00, 0x03, 0x61, 0x00, 0x01, 0x41, 0x08, 0x09, 0x41, 0x00, 0x01, 0x61, 0x00, 0x11, 0x41, 0x00, 0x01, 0x62, 0x08,
    0x02, 0x41, 0x00, 0x01, 0x61, 0x08, 0x03, 0x62, 0x08, 0x01, 0x41, 0x08, 0x04, 0x62, 0x08, 0x01, 0x62, 0x00, 0x01, 0x61, 0x00, 0x01, 0x62, 0x00,
    0x0a, 0x62, 0x08, 0x01, 0x41, 0x00, 0x01, 0x62, 0x08, 0x01, 0x41, 0x08, 0x06, 0x41, 0x00, 0x06, 0x62, 0x08, 0x01, 0x61, 0x00, 0x03, 0x21, 0x00,
    0x02, 0x41, 0x00, 0x04, 0x21, 0x00, 0x01, 0x41, 0x00, 0x0c, 0x21, 0x00, 0x02, 0x41, 0x00, 0x05, 0x21, 0x00, 0x01, 0x41, 0x00, 0x02, 0x21, 0x00,
    0x02, 0x41, 0x00, 0x05, 0x21, 0x00, 0x02, 0x41, 0x00, 0x0b, 0x21, 0x00, 0x01, 0x41, 0x00, 0x02, 0x21, 0x00, 0x04, 0x41, 0x00, 0x02, 0x21, 0x00,
    0x0f, 0x41, 0x00, 0x01, 0x62, 0x00, 0x01, 0x61, 0x00, 0x0a, 0x41, 0x00, 0x03, 0x62, 0x08, 0x04, 0x62, 0x00, 0x30, 0x62, 0x08, 0x01, 0x62, 0x00,
    0x0b, 0x62, 0x08, 0x01, 0x62, 0x00, 0x02, 0x61, 0x00, 0x01, 0x62, 0x00, 0x01, 0x61, 0x08, 0x01, 0x62, 0x00, 0x05, 0x41, 0x00, 0x02, 0x61, 0x00,
    0x1f, 0x41, 0x00, 0x01, 0x42, 0x00, 0x03, 0x41, 0x00, 0x03, 0x62, 0x08, 0x02, 0x41, 0x00, 0x02, 0x61, 0x00, 0x02, 0x41, 0x00, 0x02, 0x42, 0x00,
    0x06, 0x62, 0x08, 0x01, 0x42, 0x00, 0x01, 0x62, 0x00, 0x01, 0x62, 0x08, 0x06, 0x41, 0x00, 0x01, 0x42, 0x00, 0x04, 0x41, 0x00, 0x05, 0x62, 0x08,
    0x01, 0x61, 0x00, 0x03, 0x21, 0x00, 0x01, 0x41, 0x00, 0x04, 0x21, 0x00, 0x02, 0x41, 0x00, 0x0c, 0x21, 0x00, 0x01, 0x41, 0x00, 0x09, 0x21, 0x00,
    0x02, 0x41, 0x00, 0x05, 0x21, 0x00, 0x02, 0x41, 0x00, 0x03, 0x21, 0x00, 0x01, 0x41, 0x00, 0x07, 0x21, 0x00, 0x01, 0x41, 0x00, 0x02, 0x21, 0x00,
    0x03, 0x41, 0x00, 0x03, 0x21, 0x00, 0x0b, 0x41, 0x00, 0x01, 0x61, 0x00, 0x0e, 0x41, 0x00, 0x01, 0x61, 0x00, 0x01, 0x61, 0x08, 0x02, 0x62, 0x08,
    0x01, 0x41, 0x08, 0x04, 0x41, 0x00, 0x01, 0x61, 0x08, 0x31, 0x62, 0x08, 0x01, 0x62, 0x00, 0x08, 0x62, 0x08, 0x01, 0x62, 0x00, 0x01, 0x61, 0x08,
    0x01, 0x61, 0x00, 0x01, 0x62, 0x00, 0x01, 0x61, 0x00, 0x01, 0x62, 0x00, 0x05, 0x41, 0x00, 0x01, 0x41, 0x08, 0x02, 0x61, 0x00, 0x22, 0x41, 0x00,
    0x01, 0x41, 0x08, 0x02, 0x61, 0x08, 0x06, 0x41, 0x00, 0x01, 0x42, 0x00, 0x01, 0x42, 0x08, 0x01, 0x62, 0x00, 0x05, 0x62, 0x08, 0x01, 0x41, 0x08,
    0x01, 0x62, 0x08, 0x01, 0x62, 0x00, 0x07, 0x41, 0x00, 0x01, 0x41, 0x08, 0x03, 0x41, 0x00, 0x01, 0x42, 0x00, 0x01, 0x62, 0x08, 0x01, 0x41, 0x00,
    0x01, 0x42, 0x00, 0x02, 0x41, 0x00, 0x03, 0x21, 0x00, 0x01, 0x41, 0x00, 0x04, 0x21, 0x00, 0x02, 0x41, 0x00, 0x05, 0x21, 0x00, 0x01, 0x41, 0x00,
    0x10, 0x21, 0x00, 0x01, 0x41, 0x00, 0x05, 0x21, 0x00, 0x02, 0x41, 0x00, 0x10, 0x21, 0x00, 0x02, 0x41, 0x00, 0x03, 0x21, 0x00, 0x1c, 0x41, 0x00,
    0x01, 0x61, 0x00, 0x01, 0x61, 0x08, 0x05, 0x41, 0x00, 0x01, 0x41, 0x08, 0x01, 0x61, 0x08, 0x30, 0x62, 0x08, 0x01, 0x62, 0x00, 0x0c, 0x62, 0x08,
    0x01, 0x62, 0x00, 0x01, 0x62, 0x08, 0x04, 0x41, 0x00, 0x01, 0x61, 0x00, 0x01, 0x61, 0x08, 0x01, 0x61, 0x00, 0x01, 0x61, 0x08, 0x03, 0x62, 0x08,
    0x01, 0x61, 0x08, 0x01, 0x41, 0x00, 0x02, 0x62, 0x08, 0x01, 0x61, 0x08, 0x02, 0x41, 0x00, 0x01, 0x61, 0x00, 0x13, 0x41, 0x00, 0x02, 0x61, 0x08,
    0x01, 0x41, 0x00, 0x01, 0x41, 0x08, 0x01, 0x61, 0x08, 0x05, 0x62, 0x08, 0x01, 0x61, 0x00, 0x01, 0x41, 0x00, 0x01, 0x61, 0x00, 0x08, 0x62, 0x08,
    0x01, 0x41, 0x00, 0x01, 0x62, 0x08, 0x01, 0x61, 0x00, 0x06, 0x41, 0x00, 0x02, 0x62, 0x08, 0x02, 0x61, 0x00, 0x01, 0x61, 0x08, 0x01, 0x61, 0x00,
    0x01, 0x62, 0x00, 0x01, 0x41, 0x00, 0x02, 0x61, 0x00, 0x01, 0x41, 0x00, 0x09, 0x21, 0x00, 0x01, 0x41, 0x00, 0x05, 0x21, 0x00, 0x01, 0x41, 0x00,
    0x10, 0x21, 0x00, 0x01, 0x41, 0x00, 0x10, 0x21, 0x00, 0x01, 0x41, 0x00, 0x05, 0x21, 0x00, 0x03, 0x41, 0x00, 0x03, 0x21, 0x00, 0x03, 0x41, 0x00,
    0x02, 0x21, 0x00, 0x1f, 0x41, 0x00, 0x01, 0x41, 0x08, 0x02, 0x41, 0x00, 0x01, 0x62, 0x00, 0x3c, 0x62, 0x08, 0x01, 0x62, 0x00, 0x01, 0x61, 0x00,
    0x01, 0x41, 0x00, 0x01, 0x61, 0x08, 0x22, 0x62, 0x08, 0x02, 0x82, 0x08, 0x03, 0x62, 0x08, 0x03, 0x82, 0x10, 0x03, 0x82, 0x08, 0x0e, 0x62, 0x08,
    0x01, 0x62, 0x00, 0x01, 0x42, 0x00, 0x01, 0x41, 0x00, 0x01, 0x61, 0x00, 0x06, 0x62, 0x08, 0x01, 0x61, 0x08, 0x01, 0x62, 0x08, 0x01, 0x41, 0x08,
    0x01, 0x61, 0x08, 0x01, 0x62, 0x08, 0x01, 0x41, 0x00, 0x07, 0x21, 0x00, 0x03, 0x41, 0x00, 0x04, 0x21, 0x00, 0x02, 0x41, 0x00, 0x01, 0x21, 0x00,
    0x01, 0x41, 0x00, 0x09, 0x21, 0x00, 0x02, 0x41, 0x00, 0x03, 0x21, 0x00, 0x01, 0x41, 0x00, 0x06, 0x21, 0x00, 0x01, 0x41, 0x00, 0x08, 0x21, 0x00,
    0x01, 0x41, 0x00, 0x06, 0x21, 0x00, 0x04, 0x41, 0x00, 0x01, 0x21, 0x00, 0x04, 0x41, 0x00, 0x02, 0x21, 0x00, 0x23, 0x41, 0x00, 0x01, 0x62, 0x00,
    0x3d, 0x62, 0x08, 0x01, 0x62, 0x00, 0x17, 0x62, 0x08, 0x01, 0x61, 0x08, 0x11, 0x62, 0x08, 0x02, 0x82, 0x08, 0x11, 0x62, 0x08, 0x01, 0x41, 0x00,
    0x01, 0x62, 0x00, 0x0d, 0x62, 0x08, 0x01, 0x61, 0x00, 0x04, 0x21, 0x00, 0x02, 0x41, 0x00, 0x02, 0x21, 0x00, 0x02, 0x41, 0x00, 0x05, 0x21, 0x00,
    0x01, 0x41, 0x00, 0x01, 0x21, 0x00, 0x01, 0x41, 0x00, 0x09, 0x21, 0x00, 0x01, 0x41, 0x00, 0x04, 0x21, 0x00, 0x02, 0x41, 0x00, 0x03, 0x21, 0x00,
    0x05, 0x41, 0x00, 0x02, 0x21, 0x00, 0x02, 0x41, 0x00, 0x01, 0x21, 0x00, 0x02, 0x41, 0x00, 0x01, 0x21, 0x00, 0x03, 0x41, 0x00, 0x02, 0x21, 0x00,
    0x05, 0x41, 0x00, 0x01, 0x21, 0x00, 0x27, 0x41, 0x00, 0x01, 0x61, 0x00, 0x55, 0x62, 0x08, 0x01, 0x62, 0x00, 0x01, 0x61, 0x00, 0x04, 0x62, 0x08,
    0x01, 0x61, 0x08, 0x02, 0x62, 0x08, 0x01, 0x62, 0x00, 0x02, 0x61, 0x00, 0x03, 0x62, 0x08, 0x01, 0x41, 0x00, 0x01, 0x41, 0x08, 0x0d, 0x62, 0x08,
    0x01, 0x61, 0x08, 0x01, 0x62, 0x00, 0x06, 0x62, 0x08, 0x01, 0x42, 0x00, 0x0f, 0x62, 0x08, 0x04, 0x21, 0x00, 0x01, 0x41, 0x00, 0x01, 0x21, 0x00,
    0x04, 0x41, 0x00, 0x0b, 0x21, 0x00, 0x02, 0x41, 0x00, 0x03, 0x21, 0x00, 0x03, 0x41, 0x00, 0x02, 0x21, 0x00, 0x04, 0x41, 0x00, 0x02, 0x21, 0x00,
    0x11, 0x41, 0x00, 0x01, 0x21, 0x00, 0x2d, 0x41, 0x00, 0x01, 0x62, 0x00, 0x8b, 0x62, 0x08, 0x05, 0x21, 0x00, 0x01, 0x41, 0x00, 0x01, 0x21, 0x00,
    0x03, 0x41, 0x00, 0x05, 0x21, 0x00, 0x01, 0x41, 0x00, 0x04, 0x21, 0x00, 0x03, 0x41, 0x00, 0x02, 0x21, 0x00, 0x04, 0x41, 0x00, 0x01, 0x21, 0x00,
    0x02, 0x41, 0x00, 0x02, 0x62, 0x08, 0x01, 0x41, 0x00, 0x01, 0x21, 0x00, 0x02, 0x41, 0x00, 0x01, 0x62, 0x00, 0x06, 0x41, 0x00, 0x01, 0x62, 0x08,
    0x0a, 0x41, 0x00, 0x02, 0x62, 0x08, 0x01, 0x62, 0x00, 0x03, 0x41, 0x00, 0x01, 0x61, 0x00, 0x23, 0x41, 0x00, 0x7c, 0x62, 0x08, 0x01, 0x82, 0x08,
    0x11, 0x62, 0x08, 0x04, 0x21, 0x00, 0x06, 0x41, 0x00, 0x03, 0x21, 0x00, 0x04, 0x41, 0x00, 0x03, 0x21, 0x00, 0x06, 0x41, 0x00, 0x01, 0x61, 0x00,
    0x01, 0x62, 0x08, 0x03, 0x41, 0x00, 0x03, 0x62, 0x08, 0x03, 0x41, 0x00, 0x01, 0x42, 0x00, 0x02, 0x62, 0x00, 0x01, 0x62, 0x08, 0x01, 0x62, 0x00,
    0x01, 0x61, 0x00, 0x07, 0x62, 0x08, 0x02, 0x62, 0x00, 0x04, 0x41, 0x00, 0x03, 0x62, 0x08, 0x02, 0x41, 0x00, 0x03, 0x62, 0x08, 0x04, 0x41, 0x00,
    0x01, 0x62, 0x00, 0x07, 0x41, 0x00, 0x01, 0x61, 0x00, 0x10, 0x41, 0x00, 0x01, 0x61, 0x00, 0x02, 0x41, 0x00, 0x01, 0x42, 0x00, 0x73, 0x62, 0x08,
    0x02, 0x82, 0x08, 0x02, 0x62, 0x08, 0x01, 0x82, 0x08, 0x03, 0x62, 0x08, 0x04, 0x82, 0x08, 0x03, 0x62, 0x08, 0x01, 0x82, 0x08, 0x0c, 0x62, 0x08,
    0x04, 0x21, 0x00, 0x04, 0x41, 0x00, 0x01, 0x62, 0x08, 0x01, 0x41, 0x00, 0x02, 0x21, 0x00, 0x02, 0x41, 0x00, 0x01, 0x61, 0x00, 0x01, 0x62, 0x08,
    0x04, 0x41, 0x00, 0x03, 0x62, 0x08, 0x02, 0x41, 0x00, 0x01, 0x62, 0x00, 0x01, 0x62, 0x08, 0x01, 0x82, 0x08, 0x01, 0x62, 0x08, 0x01, 0x41, 0x00,
    0x01, 0x61, 0x00, 0x01, 0x62, 0x08, 0x02, 0x82, 0x08, 0x01, 0x62, 0x08, 0x01, 0x61, 0x00, 0x01, 0x42, 0x00, 0x21, 0x62, 0x08, 0x05, 0x41, 0x00,
    0x01, 0x62, 0x08, 0x11, 0x41, 0x00, 0x01, 0x42, 0x08, 0x02, 0x42, 0x00, 0x01, 0x62, 0x00, 0x5f, 0x62, 0x08, 0x02, 0x82, 0x08, 0x01, 0x62, 0x08,
    0x01, 0x82, 0x08, 0x04, 0x62, 0x08, 0x02, 0x82, 0x08, 0x07, 0x62, 0x08, 0x01, 0x82, 0x08, 0x02, 0x62, 0x08, 0x05, 0x82, 0x08, 0x04, 0x62, 0x08,
    0x01, 0x82, 0x08, 0x04, 0x62, 0x08, 0x02, 0x82, 0x08, 0x0c, 0x62, 0x08, 0x02, 0x41, 0x00, 0x01, 0x21, 0x00, 0x04, 0x41, 0x00, 0x01, 0x62, 0x08,
    0x01, 0x82, 0x08, 0x05, 0x41, 0x00, 0x01, 0x62, 0x08, 0x01, 0x82, 0x08, 0x01, 0x62, 0x08, 0x02, 0x41, 0x00, 0x01, 0x62, 0x00, 0x01, 0x82, 0x08,
    0x01, 0x83, 0x08, 0x01, 0x82, 0x08, 0x01, 0x62, 0x00, 0x01, 0x41, 0x00, 0x01, 0x62, 0x08, 0x01, 0x83, 0x08, 0x01, 0xa3, 0x08, 0x01, 0x83, 0x08,
    0x02, 0x62, 0x08, 0x01, 0x83, 0x08, 0x02, 0xa3, 0x08, 0x01, 0x82, 0x08, 0x04, 0x62, 0x08, 0x01, 0x82, 0x08, 0x0e, 0x62, 0x08, 0x03, 0x82, 0x08,
    0x0a, 0x62, 0x08, 0x02, 0x82, 0x08, 0x01, 0x62, 0x08, 0x01, 0x62, 0x00, 0x03, 0x41, 0x00, 0x03, 0x62, 0x08, 0x01, 0x61, 0x08, 0x06, 0x41, 0x00,
    0x01, 0x62, 0x00, 0x02, 0x41, 0x00, 0x02, 0x62, 0x08, 0x01, 0x62, 0x00, 0x01, 0x42, 0x00, 0x03, 0x62, 0x00, 0x02, 0x42, 0x00, 0x20, 0x62, 0x08,
    0x01, 0x82, 0x08, 0x3f, 0x62, 0x08, 0x05, 0x82, 0x08, 0x03, 0x62, 0x08, 0x04, 0x82, 0x08, 0x08, 0x62, 0x08, 0x05, 0x82, 0x08, 0x17, 0x62, 0x08,
    0x04, 0x41, 0x00, 0x03, 0x62, 0x08, 0x02, 0x82, 0x08, 0x01, 0x62, 0x08, 0x02, 0x41, 0x00, 0x02, 0x62, 0x08, 0x01, 0x83, 0x08, 0x02, 0xa3, 0x08,
    0x01, 0x82, 0x08, 0x01, 0x62, 0x08, 0x01, 0x82, 0x08, 0x01, 0xa3, 0x08, 0x01, 0xa3, 0x10, 0x01, 0xa3, 0x08, 0x02, 0x82, 0x08, 0x01, 0x83, 0x08,
    0x01, 0xa3, 0x10, 0x01, 0xc3, 0x10, 0x01, 0xa3, 0x10, 0x02, 0x83, 0x08, 0x01, 0xa3, 0x10, 0x02, 0xc3, 0x10, 0x01, 0xa3, 0x10, 0x01, 0xa3, 0x08,
    0x01, 0x82, 0x08, 0x02, 0x83, 0x08, 0x02, 0x82, 0x08, 0x01, 0x62, 0x08, 0x04, 0x82, 0x08, 0x03, 0x62, 0x08, 0x03, 0x83, 0x08, 0x02, 0x82, 0x08,
    0x01, 0x83, 0x08, 0x02, 0xa3, 0x10, 0x01, 0x82, 0x08, 0x09, 0x62, 0x08, 0x02, 0x82, 0x08, 0x03, 0x62, 0x08, 0x01, 0x41, 0x00, 0x02, 0x62, 0x08,
    0x01, 0x82, 0x08, 0x02, 0x62, 0x08, 0x02, 0x41, 0x00, 0x20, 0x62, 0x08, 0x01, 0x62, 0x00, 0x0e, 0x62, 0x08, 0x04, 0x82, 0x08, 0x3b, 0x62, 0x08,
    0x01, 0x82, 0x08, 0x01, 0x62, 0x08, 0x04, 0x82, 0x08, 0x0b, 0x62, 0x08, 0x03, 0x82, 0x08, 0x01, 0x62, 0x08, 0x06, 0x82, 0x08, 0x04, 0x62, 0x08,
    0x01, 0x82, 0x08, 0x13, 0x62, 0x08, 0x02, 0x41, 0x00, 0x01, 0x62, 0x08, 0x02, 0x82, 0x08, 0x01, 0x62, 0x08, 0x01, 0x83, 0x08, 0x01, 0xa3, 0x10,
    0x01, 0x82, 0x08, 0x02, 0x62, 0x08, 0x02, 0x82, 0x08, 0x03, 0xc3, 0x10, 0x01, 0xa3, 0x10, 0x01, 0x83, 0x08, 0x01, 0xa3, 0x10, 0x02, 0xc3, 0x10,
    0x01, 0xa3, 0x10, 0x01, 0x83, 0x08, 0x01, 0xa3, 0x08, 0x01, 0xa3, 0x10, 0x01, 0xc3, 0x10, 0x01, 0xc4, 0x10, 0x01, 0xc3, 0x10, 0x02, 0xa3, 0x10,
    0x01, 0xc4, 0x10, 0x03, 0xe4, 0x18, 0x02, 0xc3, 0x18, 0x01, 0xe4, 0x18, 0x01, 0xc3, 0x10, 0x02, 0xa3, 0x10, 0x01, 0x83, 0x08, 0x01, 0xa3, 0x08,
    0x02, 0xa3, 0x10, 0x01, 0xa3, 0x08, 0x01, 0x83, 0x08, 0x02, 0x82, 0x08, 0x01, 0xc3, 0x10, 0x01, 0xa3, 0x10, 0x03, 0xc3, 0x10, 0x01, 0xc4, 0x10,
    0x01, 0xc4, 0x18, 0x01, 0xe4, 0x18, 0x01, 0xa3, 0x10, 0x01, 0xa3, 0x08, 0x03, 0x82, 0x08, 0x02, 0x62, 0x08, 0x03, 0x82, 0x08, 0x02, 0x83, 0x08,
    0x01, 0xa3, 0x08, 0x02, 0x82, 0x08, 0x01, 0x62, 0x08, 0x01, 0x82, 0x08, 0x02, 0x83, 0x08, 0x02, 0x82, 0x08, 0x08, 0x62, 0x08, 0x01, 0x82, 0x08,
    0x01, 0x62, 0x08, 0x01, 0x82, 0x08, 0x25, 0x62, 0x08, 0x05, 0x82, 0x08, 0x0f, 0x62, 0x08, 0x02, 0x82, 0x08, 0x01, 0x62, 0x08, 0x02, 0x82, 0x08,
    0x01, 0x62, 0x08, 0x02, 0x82, 0x08, 0x24, 0x62, 0x08, 0x07, 0x82, 0x08, 0x01, 0x62, 0x08, 0x03, 0x82, 0x08, 0x01, 0x82, 0x10, 0x0b, 0x82, 0x08,
    0x01, 0xa3, 0x10, 0x01, 0x82, 0x10, 0x05, 0x82, 0x08, 0x01, 0x62, 0x08, 0x01, 0x82, 0x08, 0x14, 0x62, 0x08, 0x01, 0x61, 0x08, 0x01, 0x82, 0x08,
    0x02, 0xa3, 0x10, 0x01, 0xa3, 0x08, 0x02, 0xc3, 0x10, 0x01, 0xa3, 0x10, 0x02, 0x82, 0x08, 0x01, 0x83, 0x08, 0x01, 0xa3, 0x10, 0x01, 0xc3, 0x18,
    0x01, 0xc4, 0x18, 0x01, 0xe4, 0x18, 0x02, 0xc3, 0x10, 0x01, 0xc4, 0x18, 0x02, 0xe4, 0x18, 0x01, 0xc4, 0x18, 0x02, 0xa3, 0x10, 0x01, 0xc3, 0x10,
    0x02, 0xe4, 0x18, 0x01, 0xc4, 0x10, 0x01, 0xc3, 0x10, 0x01, 0xa3, 0x10, 0x01, 0xc4, 0x10, 0x02, 0xe4, 0x18, 0x03, 0x04, 0x21, 0x01, 0x24, 0x29,
    0x01, 0x04, 0x21, 0x01, 0xe4, 0x18, 0x03, 0xc4, 0x10, 0x01, 0xc3, 0x10, 0x01, 0xc4, 0x18, 0x01, 0xc3, 0x10, 0x01, 0xa3, 0x10, 0x01, 0x83, 0x08,
    0x01, 0xa3, 0x08, 0x01, 0xe4, 0x18, 0x01, 0xc4, 0x10, 0x03, 0xe4, 0x18, 0x01, 0x04, 0x19, 0x02, 0x04, 0x21, 0x01, 0xc4, 0x18, 0x01, 0xc3, 0x10,
    0x01, 0xa3, 0x10, 0x01, 0xa3, 0x08, 0x01, 0x83, 0x08, 0x05, 0x82, 0x08, 0x02, 0xa3, 0x10, 0x01, 0xc3, 0x10, 0x01, 0xa3, 0x10, 0x02, 0x82, 0x08,
    0x01, 0x83, 0x08, 0x02, 0xa3, 0x10, 0x01, 0xa3, 0x08, 0x01, 0x83, 0x08, 0x02, 0x62, 0x08, 0x0a, 0x82, 0x08, 0x05, 0x62, 0x08, 0x01, 0x82, 0x08,
    0x01, 0x62, 0x08, 0x02, 0x82, 0x08, 0x0e, 0x62, 0x08, 0x03, 0x82, 0x08, 0x0a, 0x62, 0x08, 0x02, 0x82, 0x08, 0x01, 0x83, 0x08, 0x01, 0xa3, 0x10,
    0x01, 0x83, 0x08, 0x03, 0x82, 0x08, 0x02, 0x62, 0x08, 0x03, 0x82, 0x08, 0x06, 0x62, 0x08, 0x06, 0x82, 0x08, 0x01, 0x62, 0x08, 0x05, 0x82, 0x08,
    0x20, 0x62, 0x08, 0x05, 0x82, 0x08, 0x02, 0xa3, 0x10, 0x02, 0x82, 0x08, 0x01, 0x82, 0x10, 0x01, 0xa3, 0x10, 0x01, 0xc3, 0x10, 0x01, 0xc3, 0x18,
    0x01, 0xa3, 0x10, 0x04, 0x82, 0x08, 0x01, 0xa3, 0x08, 0x01, 0xa3, 0x10, 0x03, 0x82, 0x08, 0x01, 0xa2, 0x10, 0x01, 0xa3, 0x10, 0x05, 0x82, 0x08,
    0x02, 0x62, 0x08, 0x01, 0x82, 0x08, 0x12, 0x62, 0x08, 0x01, 0xa3, 0x08, 0x01, 0x83, 0x08, 0x01, 0x82, 0x08, 0x01, 0xa3, 0x10, 0x06, 0xc3, 0x10,
    0x03, 0xa3, 0x10, 0x01, 0xc3, 0x10, 0x01, 0xc4, 0x18, 0x06, 0xe4, 0x18, 0x02, 0x04, 0x21, 0x01, 0xe4, 0x18, 0x01, 0xc3, 0x10, 0x01, 0xc4, 0x10,
    0x01, 0xe4, 0x18, 0x01, 0x04, 0x21, 0x01, 0xe4, 0x18, 0x01, 0xc3, 0x10, 0x01, 0xa3, 0x10, 0x02, 0xc3, 0x10, 0x01, 0xc4, 0x18, 0x01, 0x04, 0x21,
    0x01, 0x45, 0x31, 0x01, 0x65, 0x39, 0x01, 0x86, 0x41, 0x01, 0x65, 0x31, 0x01, 0x25, 0x21, 0x03, 0x04, 0x19, 0x03, 0xe4, 0x18, 0x01, 0xc4, 0x10,
    0x02, 0xa3, 0x10, 0x02, 0x04, 0x19, 0x01, 0xe4, 0x18, 0x02, 0x04, 0x19, 0x01, 0x04, 0x21, 0x01, 0x25, 0x21, 0x01, 0x25, 0x29, 0x01, 0x04, 0x19,
    0x02, 0xe4, 0x18, 0x02, 0xc3, 0x10, 0x06, 0xa3, 0x10, 0x03, 0xc3, 0x10, 0x01, 0xa3, 0x10, 0x01, 0x82, 0x08, 0x01, 0xc3, 0x10, 0x01, 0xe4, 0x18,
    0x01, 0xc4, 0x10, 0x02, 0xc3, 0x10, 0x04, 0xa3, 0x08, 0x05, 0xa3, 0x10, 0x01, 0x83, 0x08, 0x04, 0x82, 0x08, 0x01, 0x62, 0x08, 0x04, 0x82, 0x08,
    0x01, 0xa3, 0x08, 0x01, 0x83, 0x08, 0x01, 0x62, 0x08, 0x01, 0x82, 0x08, 0x0a, 0x62, 0x08, 0x02, 0x82, 0x08, 0x02, 0x83, 0x08, 0x03, 0x82, 0x08,
    0x01, 0x62, 0x08, 0x01, 0x82, 0x08, 0x06, 0x62, 0x08, 0x02, 0x82, 0x08, 0x01, 0x83, 0x08, 0x02, 0xa3, 0x10, 0x01, 0x82, 0x08, 0x01, 0x83, 0x08,
    0x01, 0xa3, 0x08, 0x03, 0x82, 0x08, 0x01, 0x83, 0x08, 0x02, 0x82, 0x08, 0x04, 0x62, 0x08, 0x05, 0x82, 0x08, 0x01, 0x82, 0x10, 0x06, 0x82, 0x08,
    0x01, 0x83, 0x08, 0x06, 0x82, 0x08, 0x03, 0x62, 0x08, 0x06, 0x82, 0x08, 0x0c, 0x62, 0x08, 0x08, 0x82, 0x08, 0x02, 0xa3, 0x10, 0x02, 0xc3, 0x18,
    0x03, 0xa3, 0x10, 0x01, 0xc3, 0x10, 0x01, 0xa3, 0x10, 0x01, 0xc3, 0x18, 0x02, 0xc3, 0x10, 0x06, 0xa3, 0x10, 0x01, 0x82, 0x08, 0x01, 0xa2, 0x10,
    0x02, 0xa3, 0x10, 0x05, 0x82, 0x08, 0x02, 0x62, 0x08, 0x01, 0x82, 0x08, 0x12, 0x62, 0x08, 0x01, 0xc3, 0x10, 0x02, 0xa3, 0x10, 0x0c, 0xc3, 0x10,
    0x02, 0xc4, 0x18, 0x09, 0xe4, 0x18, 0x02, 0x04, 0x21, 0x01, 0xe4, 0x18, 0x01, 0xc4, 0x10, 0x03, 0xc3, 0x10, 0x01, 0xe4, 0x18, 0x01, 0x45, 0x31,
    0x01, 0x85, 0x41, 0x01, 0xc6, 0x51, 0x01, 0xc6, 0x49, 0x01, 0x86, 0x39, 0x01, 0x25, 0x21, 0x02, 0x04, 0x21, 0x01, 0x25, 0x29, 0x01, 0x25, 0x21,
    0x01, 0x04, 0x21, 0x02, 0xe4, 0x18, 0x01, 0xc4, 0x10, 0x01, 0xe4, 0x18, 0x02, 0x04, 0x21, 0x03, 0xe4, 0x18, 0x01, 0x04, 0x19, 0x01, 0x04, 0x21,
    0x01, 0x24, 0x21, 0x01, 0x04, 0x21, 0x01, 0x04, 0x19, 0x03, 0x04, 0x21, 0x01, 0xe4, 0x18, 0x01, 0xc4, 0x10, 0x02, 0xe4, 0x18, 0x01, 0xc4, 0x10,
    0x04, 0xc3, 0x10, 0x01, 0xa3, 0x10, 0x01, 0xa3, 0x08, 0x01, 0xe4, 0x18, 0x02, 0x25, 0x21, 0x02, 0x04, 0x21, 0x01, 0xc4, 0x10, 0x03, 0xc3, 0x10,
    0x01, 0xc4, 0x18, 0x01, 0xc3, 0x10, 0x01, 0xa3, 0x10, 0x02, 0xc3, 0x10, 0x02, 0xa3, 0x10, 0x03, 0x82, 0x08, 0x01, 0x62, 0x08, 0x02, 0x82, 0x08,
    0x01, 0x83, 0x08, 0x01, 0xa3, 0x08, 0x02, 0xa3, 0x10, 0x02, 0x82, 0x08, 0x07, 0x62, 0x08, 0x02, 0x82, 0x08, 0x01, 0x83, 0x08, 0x02, 0xa3, 0x08,
    0x01, 0xa3, 0x10, 0x01, 0xc3, 0x10, 0x02, 0xa3, 0x10, 0x02, 0x82, 0x08, 0x02, 0x83, 0x08, 0x03, 0x82, 0x08, 0x02, 0x62, 0x08, 0x02, 0x82, 0x08,
    0x01, 0x83, 0x08, 0x02, 0xc3, 0x10, 0x01, 0xa3, 0x08, 0x01, 0xa3, 0x10, 0x01, 0xc3, 0x10, 0x01, 0x83, 0x08, 0x01, 0x82, 0x08, 0x01, 0x83, 0x08,
    0x01, 0xa3, 0x10, 0x01, 0x83, 0x08, 0x06, 0x82, 0x08, 0x01, 0x83, 0x08, 0x01, 0xa3, 0x10, 0x01, 0x82, 0x08, 0x01, 0x83, 0x10, 0x02, 0xa3, 0x10,
    0x04, 0x82, 0x08, 0x02, 0xa3, 0x10, 0x03, 0x82, 0x08, 0x02, 0x83, 0x08, 0x04, 0x82, 0x08, 0x01, 0x83, 0x08, 0x01, 0x82, 0x08, 0x01, 0x83, 0x08,
    0x01, 0xa3, 0x10, 0x01, 0xa3, 0x08, 0x01, 0x83, 0x08, 0x01, 0x82, 0x08, 0x09, 0x62, 0x08, 0x04, 0x82, 0x08, 0x02, 0xa3, 0x10, 0x01, 0x82, 0x08,
    0x02, 0xa3, 0x10, 0x02, 0xc3, 0x10, 0x01, 0xe3, 0x18, 0x02, 0xe4, 0x20, 0x03, 0xe4, 0x18, 0x01, 0xe4, 0x20, 0x01, 0xe4, 0x18, 0x02, 0x04, 0x21,
    0x01, 0x04, 0x19, 0x01, 0xe4, 0x18, 0x02, 0xc3, 0x18, 0x01, 0xe4, 0x18, 0x01, 0x04, 0x21, 0x01, 0xe4, 0x20, 0x01, 0xc3, 0x18, 0x01, 0xe3, 0x18,
    0x01, 0x04, 0x29, 0x01, 0x04, 0x21, 0x01, 0xc3, 0x18, 0x03, 0xa3, 0x10, 0x05, 0x82, 0x08, 0x11, 0x62, 0x08, 0x09, 0xc3, 0x10, 0x02, 0xc4, 0x10,
    0x03, 0xc3, 0x10, 0x02, 0xc4, 0x10, 0x01, 0xc4, 0x18, 0x09, 0xe4, 0x18, 0x03, 0x04, 0x21, 0x05, 0xe4, 0x18, 0x01, 0x65, 0x39, 0x01, 0xa6, 0x51,
    0x01, 0xc6, 0x51, 0x01, 0x65, 0x39, 0x01, 0x25, 0x29, 0x01, 0xe4, 0x18, 0x01, 0x04, 0x19, 0x01, 0x25, 0x29, 0x02, 0x45, 0x29, 0x01, 0x25, 0x21,
    0x01, 0x04, 0x21, 0x01, 0x24, 0x21, 0x01, 0x04, 0x21, 0x01, 0x04, 0x19, 0x02, 0x04, 0x21, 0x08, 0xe4, 0x18, 0x01, 0x25, 0x21, 0x02, 0x45, 0x29,
    0x01, 0x04, 0x21, 0x01, 0xe4, 0x18, 0x01, 0x04, 0x19, 0x01, 0x04, 0x21, 0x01, 0x04, 0x19, 0x01, 0xc4, 0x10, 0x01, 0xa3, 0x10, 0x02, 0xc3, 0x10,
    0x02, 0xa3, 0x10, 0x01, 0xe4, 0x18, 0x01, 0x25, 0x21, 0x02, 0x45, 0x29, 0x01, 0x66, 0x29, 0x01, 0x25, 0x21, 0x01, 0x04, 0x19, 0x01, 0x04, 0x21,
    0x01, 0x04, 0x19, 0x01, 0x04, 0x21, 0x01, 0xc4, 0x10, 0x01, 0xa3, 0x10, 0x02, 0xc3, 0x10, 0x02, 0xa3, 0x10, 0x05, 0x82, 0x08, 0x01, 0x83, 0x08,
    0x01, 0xa3, 0x08, 0x01, 0xa3, 0x10, 0x01, 0x83, 0x08, 0x04, 0x82, 0x08, 0x04, 0x62, 0x08, 0x02, 0x82, 0x08, 0x02, 0xa3, 0x08, 0x02, 0xc3, 0x10,
    0x02, 0xa3, 0x10, 0x01, 0xc3, 0x10, 0x01, 0xc4, 0x10, 0x01, 0xe4, 0x18, 0x02, 0x83, 0x08, 0x02, 0xa3, 0x10, 0x01, 0xa3, 0x08, 0x01, 0x83, 0x08,
    0x05, 0x82, 0x08, 0x01, 0xa3, 0x08, 0x02, 0xc3, 0x10, 0x01, 0xa3, 0x10, 0x01, 0xc4, 0x10, 0x01, 0xe4, 0x18, 0x01, 0xc3, 0x10, 0x01, 0x82, 0x08,
    0x02, 0xa3, 0x10, 0x01, 0x83, 0x08, 0x06, 0x82, 0x08, 0x05, 0xa3, 0x10, 0x01, 0x83, 0x08, 0x01, 0x82, 0x08, 0x05, 0xa3, 0x10, 0x02, 0x83, 0x08,
    0x02, 0xa3, 0x08, 0x01, 0x83, 0x08, 0x01, 0x82, 0x08, 0x01, 0xa3, 0x08, 0x01, 0xa3, 0x10, 0x02, 0xa3, 0x08, 0x01, 0x83, 0x08, 0x01, 0xa3, 0x10,
    0x01, 0xc3, 0x10, 0x01, 0xa3, 0x10, 0x01, 0xc3, 0x10, 0x01, 0xa3, 0x10, 0x02, 0x82, 0x08, 0x01, 0x62, 0x08, 0x08, 0x82, 0x08, 0x01, 0x83, 0x08,
    0x05, 0xa3, 0x10, 0x01, 0xc3, 0x18, 0x01, 0xe4, 0x18, 0x01, 0xe4, 0x20, 0x01, 0x24, 0x29, 0x02, 0x45, 0x31, 0x02, 0x04, 0x21, 0x01, 0x24, 0x29,
    0x01, 0x65, 0x31, 0x01, 0x45, 0x29, 0x01, 0x25, 0x29, 0x02, 0x04, 0x21, 0x03, 0xe4, 0x18, 0x01, 0x04, 0x21, 0x01, 0x24, 0x29, 0x01, 0x04, 0x21,
    0x01, 0xe3, 0x18, 0x01, 0x04, 0x21, 0x01, 0x24, 0x31, 0x01, 0x24, 0x29, 0x01, 0xe4, 0x20, 0x03, 0xa3, 0x10, 0x01, 0x82, 0x08, 0x01, 0x82, 0x10,
    0x01, 0xa3, 0x10, 0x02, 0x82, 0x08, 0x11, 0x62, 0x08, 0x0d, 0xc3, 0x10, 0x04, 0xc4, 0x10, 0x0a, 0xe4, 0x18, 0x02, 0x04, 0x21, 0x04, 0x04, 0x19,
    0x01, 0x04, 0x21, 0x01, 0x45, 0x39, 0x02, 0xc6, 0x51, 0x01, 0x45, 0x29, 0x01, 0xe4, 0x18, 0x01, 0xc3, 0x10, 0x01, 0xe4, 0x18, 0x01, 0x45, 0x29,
    0x02, 0x65, 0x39, 0x01, 0x45, 0x31, 0x01, 0x25, 0x29, 0x01, 0x45, 0x31, 0x01, 0x25, 0x21, 0x02, 0x04, 0x19, 0x01, 0x04, 0x21, 0x02, 0xe4, 0x18,
    0x01, 0xc4, 0x10, 0x01, 0xc3, 0x10, 0x03, 0xa3, 0x10, 0x01, 0xc4, 0x10, 0x01, 0x25, 0x29, 0x01, 0x65, 0x31, 0x01, 0x45, 0x29, 0x01, 0x25, 0x21,
    0x01, 0x04, 0x19, 0x02, 0x25, 0x21, 0x01, 0x24, 0x21, 0x01, 0xe4, 0x18, 0x01, 0xa3, 0x10, 0x01, 0xc3, 0x10, 0x01, 0xc4, 0x18, 0x01, 0xc3, 0x10,
    0x01, 0xa3, 0x10, 0x01, 0xe4, 0x18, 0x01, 0x04, 0x19, 0x01, 0x25, 0x21, 0x01, 0x45, 0x29, 0x01, 0x66, 0x31, 0x01, 0x86, 0x31, 0x02, 0x65, 0x31,
    0x02, 0x45, 0x29, 0x01, 0x04, 0x19, 0x01, 0xc4, 0x10, 0x01, 0xe4, 0x18, 0x01, 0xc3, 0x10, 0x01, 0xa3, 0x08, 0x01, 0xa3, 0x10, 0x05, 0x82, 0x08,
    0x01, 0x83, 0x08, 0x02, 0xa3, 0x10, 0x01, 0x82, 0x08, 0x03, 0xa3, 0x10, 0x01, 0x83, 0x08, 0x03, 0x62, 0x08, 0x02, 0x83, 0x08, 0x01, 0xa3, 0x10,
    0x02, 0xc3, 0x10, 0x01, 0xe4, 0x18, 0x01, 0xe4, 0x10, 0x01, 0xa3, 0x10, 0x01, 0x83, 0x08, 0x01, 0xa3, 0x10, 0x01, 0xc4, 0x10, 0x01, 0xe4, 0x18,
    0x01, 0xa3, 0x08, 0x01, 0xa3, 0x10, 0x01, 0xe4, 0x10, 0x01, 0xc3, 0x10, 0x01, 0xa3, 0x08, 0x01, 0xa3, 0x10, 0x02, 0x82, 0x08, 0x01, 0xa3, 0x08,
    0x01, 0x83, 0x08, 0x01, 0xa3, 0x08, 0x01, 0xa3, 0x10, 0x01, 0xc3, 0x10, 0x02, 0xa3, 0x10, 0x01, 0xe4, 0x18, 0x01, 0x25, 0x21, 0x01, 0xe4, 0x18,
    0x01, 0xa3, 0x08, 0x02, 0xa3, 0x10, 0x07, 0x82, 0x08, 0x04, 0xa3, 0x10, 0x01, 0x82, 0x10, 0x02, 0x82, 0x08, 0x02, 0xa3, 0x10, 0x02, 0xc3, 0x10,
    0x01, 0xa3, 0x10, 0x02, 0xa3, 0x08, 0x02, 0xa3, 0x10, 0x01, 0x83, 0x08, 0x01, 0x82, 0x08, 0x05, 0xa3, 0x10, 0x03, 0xe4, 0x18, 0x02, 0xc3, 0x10,
    0x01, 0x83, 0x08, 0x02, 0x82, 0x08, 0x04, 0x83, 0x08, 0x01, 0xa3, 0x08, 0x02, 0x83, 0x08, 0x01, 0xa3, 0x08, 0x02, 0xa3, 0x10, 0x02, 0xc3, 0x18,
    0x01, 0xc3, 0x10, 0x01, 0xc4, 0x18, 0x01, 0xe4, 0x18, 0x01, 0x04, 0x21, 0x01, 0x44, 0x31, 0x01, 0x85, 0x41, 0x02, 0xe6, 0x51, 0x01, 0x45, 0x31,
    0x01, 0x45, 0x29, 0x01, 0x65, 0x39, 0x01, 0x85, 0x41, 0x01, 0x45, 0x31, 0x01, 0x25, 0x29, 0x03, 0x04, 0x21, 0x03, 0x24, 0x29, 0x01, 0x44, 0x31,
    0x01, 0x44, 0x39, 0x01, 0x45, 0x31, 0x01, 0x85, 0x41, 0x01, 0xa5, 0x41, 0x01, 0x85, 0x41, 0x01, 0x44, 0x31, 0x02, 0xe4, 0x20, 0x01, 0xe3, 0x20,
    0x03, 0xa3, 0x10, 0x01, 0x82, 0x10, 0x05, 0x62, 0x08, 0x02, 0x82, 0x08, 0x0b, 0x62, 0x08, 0x0f, 0xc3, 0x10, 0x02, 0xc4, 0x10, 0x01, 0xc4, 0x18,
    0x0b, 0xe4, 0x18, 0x05, 0x04, 0x21, 0x01, 0x45, 0x29, 0x02, 0x65, 0x39, 0x01, 0x25, 0x21, 0x01, 0xe4, 0x18, 0x01, 0xc3, 0x10, 0x01, 0xe4, 0x18,
    0x01, 0x45, 0x39, 0x02, 0x85, 0x41, 0x01, 0x65, 0x39, 0x01, 0x45, 0x31, 0x01, 0x65, 0x31, 0x01, 0x24, 0x21, 0x03, 0x04, 0x19, 0x02, 0xe4, 0x18,
    0x01, 0xc3, 0x10, 0x01, 0xa3, 0x10, 0x01, 0x83, 0x08, 0x01, 0x82, 0x08, 0x01, 0x83, 0x08, 0x01, 0xa3, 0x10, 0x01, 0x04, 0x21, 0x01, 0x25, 0x29,
    0x01, 0x24, 0x21, 0x01, 0x04, 0x19, 0x01, 0xe4, 0x18, 0x01, 0x25, 0x29, 0x01, 0x45, 0x29, 0x01, 0x25, 0x21, 0x01, 0xc4, 0x18, 0x01, 0xa3, 0x10,
    0x01, 0xc3, 0x18, 0x01, 0xe4, 0x18, 0x01, 0xc3, 0x10, 0x01, 0xa3, 0x10, 0x01, 0xc3, 0x10, 0x01, 0xe4, 0x18, 0x01, 0x04, 0x19, 0x01, 0x25, 0x21,
    0x01, 0x66, 0x31, 0x01, 0xc7, 0x39, 0x02, 0xa6, 0x39, 0x02, 0x66, 0x31, 0x01, 0x25, 0x21, 0x01, 0xe4, 0x18, 0x01, 0x04, 0x19, 0x01, 0xc4, 0x18,
    0x01, 0xa3, 0x08, 0x01, 0x83, 0x08, 0x05, 0x82, 0x08, 0x03, 0xa3, 0x10, 0x01, 0x83, 0x08, 0x01, 0xc4, 0x10, 0x01, 0xe4, 0x18, 0x01, 0xc4, 0x10,
    0x01, 0xa3, 0x08, 0x02, 0x62, 0x08, 0x01, 0x83, 0x08, 0x01, 0xa3, 0x10, 0x02, 0xc3, 0x10, 0x02, 0xe4, 0x18, 0x01, 0x04, 0x19, 0x01, 0xe4, 0x18,
    0x01, 0xc3, 0x10, 0x01, 0x83, 0x08, 0x01, 0xa3, 0x08, 0x01, 0xc3, 0x10, 0x01, 0xc4, 0x10, 0x01, 0x82, 0x08, 0x01, 0xa3, 0x10, 0x01, 0xe4, 0x18,
    0x01, 0xc3, 0x10, 0x01, 0x83, 0x08, 0x02, 0xa3, 0x10, 0x01, 0xa3, 0x08, 0x01, 0xc3, 0x10, 0x01, 0xa3, 0x08, 0x01, 0xa3, 0x10, 0x01, 0xe4, 0x10,
    0x01, 0xc4, 0x10, 0x02, 0xa3, 0x10, 0x01, 0x04, 0x21, 0x01, 0x45, 0x21, 0x01, 0x04, 0x19, 0x01, 0xa3, 0x10, 0x01, 0xc3, 0x10, 0x01, 0xc4, 0x10,
    0x03, 0x82, 0x08, 0x01, 0x83, 0x08, 0x02, 0x82, 0x08, 0x01, 0x83, 0x08, 0x01, 0xc3, 0x10, 0x01, 0xc3, 0x18, 0x01, 0xc3, 0x10, 0x01, 0xa3, 0x10,
    0x01, 0xc3, 0x10, 0x02, 0xa3, 0x10, 0x01, 0xc3, 0x18, 0x03, 0xe4, 0x18, 0x01, 0xc4, 0x10, 0x01, 0xa3, 0x10, 0x01, 0xa3, 0x08, 0x01, 0xa3, 0x10,
    0x01, 0xc3, 0x10, 0x03, 0xa3, 0x10, 0x02, 0xc3, 0x10, 0x01, 0xc4, 0x10, 0x01, 0xe4, 0x18, 0x01, 0x04, 0x21, 0x01, 0x24, 0x21, 0x02, 0xe4, 0x18,
    0x01, 0xc4, 0x10, 0x02, 0xa3, 0x08, 0x01, 0xa3, 0x10, 0x01, 0xc3, 0x10, 0x07, 0xa3, 0x10, 0x01, 0xc3, 0x10, 0x01, 0xc3, 0x18, 0x02, 0x04, 0x21,
    0x01, 0xe4, 0x18, 0x01, 0xe4, 0x20, 0x01, 0x24, 0x29, 0x01, 0x45, 0x31, 0x01, 0xa5, 0x49, 0x01, 0x06, 0x5a, 0x01, 0x47, 0x62, 0x01, 0x67, 0x6a,
    0x02, 0xe6, 0x49, 0x01, 0x07, 0x5a, 0x01, 0x06, 0x5a, 0x01, 0x86, 0x41, 0x01, 0x65, 0x31, 0x01, 0x25, 0x29, 0x01, 0x04, 0x21, 0x03, 0x45, 0x31,
    0x01, 0x85, 0x41, 0x01, 0xa5, 0x49, 0x01, 0xc6, 0x51, 0x01, 0xa5, 0x49, 0x01, 0xe6, 0x51, 0x02, 0x06, 0x62, 0x01, 0xc6, 0x51, 0x02, 0x44, 0x31,
    0x01, 0x65, 0x39, 0x01, 0xe4, 0x20, 0x01, 0xc3, 0x18, 0x01, 0xe3, 0x20, 0x01, 0xc3, 0x18, 0x02, 0x82, 0x08, 0x01, 0xa3, 0x10, 0x02, 0x82, 0x08,
    0x01, 0xa2, 0x10, 0x03, 0x82, 0x08, 0x09, 0x62, 0x08, 0x01, 0xa3, 0x10, 0x0f, 0xc3, 0x10, 0x03, 0xc4, 0x10, 0x0b, 0xe4, 0x18, 0x02, 0x04, 0x19,
    0x02, 0x04, 0x21, 0x01, 0x24, 0x21, 0x01, 0x25, 0x29, 0x01, 0x24, 0x21, 0x01, 0x04, 0x21, 0x01, 0x04, 0x19, 0x01, 0xc4, 0x10, 0x01, 0x04, 0x21,
    0x01, 0x85, 0x41, 0x01, 0xa5, 0x49, 0x01, 0x85, 0x41, 0x03, 0x65, 0x39, 0x01, 0x25, 0x29, 0x01, 0x04, 0x19, 0x05, 0xe4, 0x18, 0x01, 0xc3, 0x10,
    0x01, 0x83, 0x08, 0x01, 0x82, 0x08, 0x01, 0x83, 0x08, 0x01, 0xa3, 0x10, 0x02, 0xe4, 0x18, 0x02, 0xc3, 0x10, 0x01, 0xe4, 0x18, 0x01, 0x04, 0x21,
    0x01, 0x25, 0x21, 0x01, 0x04, 0x21, 0x02, 0xc3, 0x18, 0x01, 0x04, 0x21, 0x01, 0x25, 0x29, 0x01, 0x04, 0x21, 0x01, 0xc3, 0x10, 0x02, 0xe4, 0x18,
    0x01, 0xc3, 0x10, 0x01, 0xe4, 0x18, 0x01, 0x66, 0x31, 0x01, 0xa7, 0x39, 0x04, 0x86, 0x31, 0x01, 0x45, 0x21, 0x01, 0xe4, 0x18, 0x01, 0x04, 0x21,
    0x01, 0x04, 0x19, 0x01, 0xc3, 0x10, 0x01, 0xa3, 0x10, 0x05, 0x82, 0x08, 0x01, 0xa3, 0x08, 0x01, 0xa3, 0x10, 0x01, 0xa3, 0x08, 0x01, 0xa3, 0x10,
    0x01, 0x04, 0x19, 0x02, 0xe4, 0x18, 0x01, 0xa3, 0x10, 0x02, 0x82, 0x08, 0x01, 0xc3, 0x10, 0x01, 0xe4, 0x18, 0x01, 0xc4, 0x10, 0x02, 0xc3, 0x10,
    0x01, 0xe4, 0x18, 0x01, 0x25, 0x21, 0x01, 0x04, 0x19, 0x01, 0xc4, 0x10, 0x01, 0xa3, 0x08, 0x01, 0x83, 0x08, 0x01, 0xa3, 0x10, 0x01, 0xc3, 0x10,
    0x01, 0x82, 0x08, 0x01, 0xa3, 0x08, 0x01, 0xc4, 0x10, 0x01, 0xc3, 0x10, 0x01, 0xa3, 0x10, 0x02, 0xc4, 0x10, 0x01, 0xc3, 0x10, 0x01, 0xe4, 0x18,
    0x01, 0xa3, 0x10, 0x01, 0xc3, 0x10, 0x01, 0x05, 0x19, 0x01, 0x04, 0x19, 0x01, 0xc3, 0x10, 0x01, 0xa3, 0x10, 0x01, 0xe4, 0x18, 0x01, 0x25, 0x21,
    0x01, 0x04, 0x19, 0x01, 0xa3, 0x10, 0x01, 0xc4, 0x10, 0x01, 0xe4, 0x18, 0x01, 0xa3, 0x08, 0x02, 0x82, 0x08, 0x03, 0x83, 0x08, 0x01, 0xa3, 0x10,
    0x01, 0xc3, 0x18, 0x01, 0xe3, 0x18, 0x01, 0xa3, 0x10, 0x01, 0xc3, 0x18, 0x01, 0xe4, 0x18, 0x02, 0xc3, 0x18, 0x01, 0xe4, 0x20, 0x03, 0x04, 0x21,
    0x01, 0xe4, 0x18, 0x02, 0xc3, 0x10, 0x01, 0xc4, 0x10, 0x01, 0xe4, 0x18, 0x02, 0xc3, 0x10, 0x01, 0xc4, 0x18, 0x02, 0xc4, 0x10, 0x01, 0xe4, 0x18,
    0x01, 0x04, 0x21, 0x02, 0x45, 0x29, 0x01, 0x25, 0x21, 0x01, 0x04, 0x19, 0x01, 0xe4, 0x18, 0x02, 0xc3, 0x10, 0x01, 0xe4, 0x18, 0x01, 0x04, 0x19,
    0x01, 0xe4, 0x18, 0x01, 0xc3, 0x10, 0x04, 0xa3, 0x10, 0x01, 0xc3, 0x10, 0x01, 0xe4, 0x18, 0x01, 0x04, 0x21, 0x01, 0x24, 0x29, 0x02, 0x04, 0x21,
    0x02, 0x24, 0x29, 0x01, 0x65, 0x39, 0x01, 0xe6, 0x59, 0x01, 0x47, 0x6a, 0x01, 0x88, 0x7a, 0x01, 0xa8, 0x7a, 0x02, 0x47, 0x6a, 0x02, 0xa8, 0x7a,
    0x01, 0x27, 0x62, 0x01, 0xa6, 0x41, 0x01, 0x65, 0x31, 0x01, 0x25, 0x29, 0x01, 0x45, 0x31, 0x01, 0x65, 0x39, 0x01, 0xa6, 0x49, 0x01, 0x27, 0x62,
    0x02, 0x47, 0x6a, 0x01, 0x06, 0x62, 0x01, 0x47, 0x6a, 0x02, 0x88, 0x72, 0x01, 0x27, 0x62, 0x01, 0xa5, 0x49, 0x01, 0xc6, 0x49, 0x01, 0xc6, 0x51,
    0x01, 0x65, 0x39, 0x02, 0x24, 0x31, 0x01, 0x04, 0x29, 0x02, 0xc3, 0x10, 0x01, 0xc3, 0x18, 0x03, 0xa3, 0x10, 0x01, 0x83, 0x10, 0x06, 0x82, 0x08,
    0x05, 0x62, 0x08, 0x0c, 0xa3, 0x10, 0x05, 0xc3, 0x10, 0x05, 0xc4, 0x10, 0x01, 0xc3, 0x10, 0x01, 0xc4, 0x18, 0x07, 0xe4, 0x18, 0x03, 0x04, 0x19,
    0x04, 0x04, 0x21, 0x01, 0x04, 0x19, 0x01, 0xe4, 0x10, 0x01, 0x04, 0x21, 0x02, 0x85, 0x41, 0x01, 0x65, 0x39, 0x02, 0x45, 0x31, 0x01, 0x45, 0x29,
    0x01, 0x25, 0x21, 0x01, 0x04, 0x21, 0x03, 0xe4, 0x18, 0x02, 0x04, 0x21, 0x01, 0xe4, 0x18, 0x01, 0xa3, 0x10, 0x02, 0x83, 0x08, 0x01, 0xa3, 0x10,
    0x01, 0xc3, 0x10, 0x02, 0xa3, 0x10, 0x01, 0xc3, 0x10, 0x01, 0xe4, 0x18, 0x01, 0x04, 0x21, 0x03, 0xe4, 0x18, 0x01, 0x04, 0x21, 0x01, 0x65, 0x39,
    0x01, 0xa6, 0x41, 0x01, 0x65, 0x31, 0x01, 0x24, 0x21, 0x01, 0x25, 0x21, 0x01, 0x24, 0x21, 0x01, 0xe4, 0x18, 0x01, 0x04, 0x19, 0x01, 0x66, 0x29,
    0x01, 0x86, 0x31, 0x02, 0x45, 0x29, 0x01, 0x66, 0x31, 0x01, 0x65, 0x29, 0x01, 0x25, 0x21, 0x01, 0xe4, 0x18, 0x01, 0x04, 0x21, 0x01, 0x25, 0x21,
    0x01, 0x04, 0x21, 0x01, 0x04, 0x19, 0x01, 0xa3, 0x10, 0x03, 0x83, 0x08, 0x01, 0x82, 0x08, 0x02, 0x83, 0x08, 0x01, 0xa3, 0x10, 0x01, 0xe4, 0x18,
    0x01, 0x04, 0x21, 0x02, 0xe4, 0x18, 0x01, 0xc4, 0x10, 0x01, 0x82, 0x08, 0x01, 0xa3, 0x10, 0x02, 0xe4, 0x18, 0x01, 0xe4, 0x10, 0x01, 0xc3, 0x10,
    0x01, 0xa3, 0x10, 0x01, 0xe4, 0x18, 0x01, 0x45, 0x21, 0x01, 0x25, 0x21, 0x01, 0xe4, 0x18, 0x01, 0xa3, 0x10, 0x01, 0x82, 0x08, 0x01, 0x83, 0x08,
    0x01, 0xa3, 0x10, 0x01, 0x82, 0x08, 0x01, 0xa3, 0x10, 0x03, 0xc3, 0x10, 0x01, 0xe4, 0x10, 0x01, 0x04, 0x19, 0x01, 0xe4, 0x18, 0x01, 0x05, 0x21,
    0x01, 0xe4, 0x18, 0x01, 0xc4, 0x10, 0x01, 0x04, 0x19, 0x01, 0x25, 0x21, 0x01, 0x04, 0x19, 0x01, 0xe4, 0x10, 0x01, 0xe4, 0x18, 0x01, 0x04, 0x19,
    0x01, 0xe4, 0x18, 0x01, 0xc3, 0x10, 0x02, 0xc4, 0x10, 0x01, 0xa3, 0x10, 0x02, 0x82, 0x08, 0x01, 0x83, 0x08, 0x03, 0xa3, 0x10, 0x02, 0xc3, 0x18,
    0x01, 0xa3, 0x10, 0x01, 0xc3, 0x18, 0x02, 0x04, 0x21, 0x01, 0x24, 0x29, 0x01, 0x45, 0x31, 0x01, 0x65, 0x39, 0x01, 0x86, 0x39, 0x01, 0x65, 0x31,
    0x01, 0x24, 0x21, 0x01, 0xe4, 0x18, 0x01, 0x04, 0x21, 0x01, 0x25, 0x21, 0x01, 0x04, 0x21, 0x02, 0xc4, 0x10, 0x01, 0x04, 0x19, 0x01, 0xe4, 0x18,
    0x01, 0xc4, 0x10, 0x01, 0x04, 0x19, 0x01, 0x45, 0x29, 0x01, 0x66, 0x31, 0x01, 0x86, 0x31, 0x01, 0x45, 0x29, 0x01, 0x25, 0x21, 0x01, 0x04, 0x21,
    0x01, 0xe4, 0x18, 0x01, 0x04, 0x19, 0x01, 0x05, 0x21, 0x01, 0x25, 0x21, 0x01, 0x05, 0x21, 0x01, 0xc4, 0x10, 0x02, 0xa3, 0x10, 0x01, 0xc3, 0x10,
    0x01, 0xc3, 0x18, 0x01, 0xe4, 0x18, 0x01, 0x04, 0x21, 0x01, 0x25, 0x29, 0x01, 0x45, 0x31, 0x03, 0x24, 0x29, 0x01, 0x25, 0x29, 0x01, 0x85, 0x41,
    0x01, 0x27, 0x6a, 0x01, 0xa8, 0x82, 0x01, 0x09, 0x93, 0x01, 0x29, 0x93, 0x01, 0xe8, 0x82, 0x01, 0xe9, 0x8a, 0x02, 0x29, 0x93, 0x01, 0xc8, 0x82,
    0x01, 0x47, 0x6a, 0x01, 0x27, 0x5a, 0x01, 0x07, 0x5a, 0x02, 0x06, 0x5a, 0x01, 0x27, 0x62, 0x01, 0x87, 0x72, 0x01, 0x88, 0x72, 0x01, 0x88, 0x7a,
    0x01, 0x67, 0x72, 0x01, 0x88, 0x72, 0x02, 0xa8, 0x7a, 0x01, 0x88, 0x72, 0x02, 0x47, 0x62, 0x01, 0x27, 0x62, 0x02, 0xc6, 0x49, 0x01, 0xe6, 0x51,
    0x01, 0xc6, 0x51, 0x01, 0x24, 0x31, 0x01, 0x04, 0x21, 0x01, 0x24, 0x31, 0x01, 0xe3, 0x18, 0x01, 0xe3, 0x20, 0x01, 0x04, 0x21, 0x01, 0xc3, 0x18,
    0x01, 0xa3, 0x10, 0x05, 0x82, 0x08, 0x05, 0x62, 0x08, 0x03, 0xa3, 0x08, 0x0c, 0xa3, 0x10, 0x06, 0xc3, 0x10, 0x01, 0xc4, 0x10, 0x02, 0xc3, 0x10,
    0x02, 0xc4, 0x10, 0x08, 0xe4, 0x18, 0x02, 0x04, 0x19, 0x03, 0x04, 0x21, 0x01, 0xe4, 0x18, 0x01, 0x04, 0x21, 0x01, 0x45, 0x31, 0x02, 0x24, 0x29,
    0x03, 0x24, 0x21, 0x02, 0x04, 0x21, 0x01, 0x04, 0x19, 0x02, 0xe4, 0x18, 0x01, 0x04, 0x21, 0x01, 0x25, 0x29, 0x01, 0x04, 0x21, 0x01, 0xe4, 0x18,
    0x01, 0xa3, 0x10, 0x01, 0x83, 0x08, 0x01, 0xa3, 0x08, 0x03, 0xa3, 0x10, 0x01, 0xc3, 0x18, 0x01, 0xe4, 0x20, 0x01, 0x04, 0x21, 0x01, 0xe4, 0x18,
    0x01, 0x04, 0x21, 0x01, 0x24, 0x29, 0x01, 0x45, 0x31, 0x01, 0x85, 0x41, 0x01, 0xe6, 0x51, 0x01, 0x85, 0x39, 0x01, 0x24, 0x21, 0x02, 0x45, 0x31,
    0x01, 0x04, 0x21, 0x01, 0x25, 0x21, 0x01, 0x45, 0x29, 0x01, 0x66, 0x29, 0x02, 0x25, 0x21, 0x01, 0x45, 0x29, 0x02, 0x25, 0x21, 0x01, 0xe4, 0x18,
    0x01, 0x04, 0x21, 0x02, 0x45, 0x29, 0x01, 0x45, 0x21, 0x01, 0xc3, 0x10, 0x02, 0xa3, 0x10, 0x01, 0x83, 0x08, 0x03, 0x82, 0x08, 0x01, 0xa3, 0x08,
    0x01, 0xe4, 0x18, 0x01, 0x24, 0x21, 0x02, 0x04, 0x19, 0x01, 0xc4, 0x10, 0x01, 0x82, 0x08, 0x01, 0xa3, 0x10, 0x01, 0xe4, 0x18, 0x01, 0xe4, 0x10,
    0x02, 0xc4, 0x10, 0x02, 0xe4, 0x18, 0x02, 0x25, 0x21, 0x01, 0x04, 0x19, 0x01, 0xc3, 0x10, 0x01, 0x83, 0x08, 0x01, 0x82, 0x08, 0x01, 0x83, 0x08,
    0x01, 0x82, 0x08, 0x01, 0xa3, 0x10, 0x01, 0xc3, 0x10, 0x03, 0xe4, 0x18, 0x01, 0x05, 0x21, 0x01, 0x25, 0x21, 0x01, 0x45, 0x21, 0x01, 0x25, 0x21,
    0x02, 0xe4, 0x18, 0x01, 0x04, 0x19, 0x03, 0x25, 0x21, 0x01, 0x04, 0x19, 0x01, 0xc4, 0x10, 0x02, 0xa3, 0x10, 0x01, 0xc3, 0x10, 0x01, 0xa3, 0x08,
    0x03, 0x82, 0x08, 0x04, 0xa3, 0x10, 0x03, 0xc3, 0x18, 0x02, 0x04, 0x21, 0x01, 0x65, 0x39, 0x01, 0x85, 0x41, 0x01, 0x86, 0x41, 0x01, 0xa6, 0x41,
    0x01, 0x86, 0x31, 0x01, 0x45, 0x29, 0x01, 0x04, 0x21, 0x01, 0x25, 0x21, 0x01, 0x65, 0x31, 0x01, 0x45, 0x29, 0x02, 0xe4, 0x18, 0x01, 0x04, 0x21,
    0x02, 0xe4, 0x18, 0x01, 0x45, 0x29, 0x03, 0x86, 0x31, 0x01, 0x66, 0x29, 0x01, 0x45, 0x21, 0x01, 0x25, 0x21, 0x01, 0x04, 0x19, 0x01, 0x04, 0x21,
    0x03, 0x25, 0x21, 0x01, 0xe4, 0x18, 0x02, 0xc3, 0x10, 0x01, 0xc4, 0x18, 0x01, 0xe4, 0x18, 0x01, 0x04, 0x21, 0x01, 0x25, 0x29, 0x01, 0x65, 0x31,
    0x01, 0x65, 0x39, 0x01, 0x65, 0x31, 0x01, 0x45, 0x31, 0x01, 0x65, 0x39, 0x01, 0x85, 0x41, 0x01, 0x27, 0x62, 0x01, 0xc8, 0x82, 0x01, 0x09, 0x93,
    0x01, 0x29, 0x93, 0x01, 0x49, 0x9b, 0x04, 0x29, 0x93, 0x01, 0xe9, 0x8a, 0x01, 0xa8, 0x82, 0x01, 0x67, 0x6a, 0x01, 0x27, 0x62, 0x02, 0x67, 0x6a,
    0x01, 0x88, 0x72, 0x02, 0xc8, 0x82, 0x01, 0xc8, 0x8a, 0x02, 0xc8, 0x82, 0x01, 0xa8, 0x82, 0x02, 0xa8, 0x7a, 0x03, 0x88, 0x72, 0x01, 0x47, 0x62,
    0x01, 0x47, 0x6a, 0x01, 0x67, 0x6a, 0x01, 0x47, 0x6a, 0x01, 0xa5, 0x49, 0x02, 0x44, 0x31, 0x01, 0xe3, 0x20, 0x01, 0x04, 0x21, 0x01, 0x24, 0x29,
    0x01, 0xe3, 0x18, 0x01, 0xa3, 0x10, 0x01, 0x82, 0x08, 0x01, 0x62, 0x08, 0x01, 0x82, 0x08, 0x02, 0x82, 0x10, 0x01, 0x82, 0x08, 0x01, 0x62, 0x08,
    0x02, 0x82, 0x08, 0x01, 0x62, 0x08, 0x01, 0x83, 0x08, 0x05, 0xa3, 0x08, 0x04, 0xa3, 0x10, 0x01, 0xa3, 0x08, 0x07, 0xa3, 0x10, 0x09, 0xc3, 0x10,
    0x01, 0xc4, 0x10, 0x02, 0xc4, 0x18, 0x08, 0xe4, 0x18, 0x01, 0x04, 0x19, 0x03, 0x04, 0x21, 0x01, 0xe4, 0x18, 0x01, 0x04, 0x19, 0x06, 0x04, 0x21,
    0x02, 0xe4, 0x18, 0x01, 0x24, 0x29, 0x01, 0x45, 0x31, 0x01, 0x25, 0x29, 0x01, 0x04, 0x21, 0x01, 0xc3, 0x10, 0x02, 0xa3, 0x10, 0x02, 0xa3, 0x08,
    0x01, 0xa3, 0x10, 0x01, 0xe4, 0x20, 0x01, 0x04, 0x21, 0x02, 0xe4, 0x20, 0x01, 0x24, 0x29, 0x02, 0x85, 0x41, 0x01, 0x65, 0x39, 0x01, 0x85, 0x41,
    0x01, 0x45, 0x29, 0x01, 0x04, 0x21, 0x02, 0x45, 0x31, 0x01, 0x04, 0x21, 0x01, 0x25, 0x29, 0x02, 0x25, 0x21, 0x01, 0x04, 0x21, 0x01, 0x04, 0x19,
    0x01, 0x04, 0x21, 0x01, 0xe4, 0x18, 0x01, 0x04, 0x19, 0x01, 0xe4, 0x18, 0x01, 0x25, 0x21, 0x01, 0x66, 0x29, 0x02, 0x66, 0x31, 0x01, 0x04, 0x21,
    0x02, 0xe4, 0x18, 0x01, 0xc3, 0x10, 0x04, 0x82, 0x08, 0x01, 0xc3, 0x10, 0x02, 0xe4, 0x18, 0x01, 0x04, 0x19, 0x01, 0xe4, 0x10, 0x01, 0x83, 0x08,
    0x01, 0xa3, 0x10, 0x01, 0xc3, 0x10, 0x03, 0xa3, 0x10, 0x01, 0xc3, 0x10, 0x01, 0xe4, 0x18, 0x01, 0x04, 0x19, 0x01, 0x04, 0x21, 0x01, 0x04, 0x19,
    0x01, 0xe4, 0x10, 0x01, 0xa3, 0x08, 0x03, 0x82, 0x08, 0x01, 0xa3, 0x08, 0x01, 0xc4, 0x10, 0x02, 0x04, 0x21, 0x01, 0x04, 0x19, 0x01, 0x25, 0x21,
    0x01, 0x45, 0x21, 0x01, 0x45, 0x29, 0x01, 0x45, 0x21, 0x01, 0x25, 0x21, 0x01, 0xe4, 0x18, 0x01, 0x04, 0x19, 0x01, 0x25, 0x21, 0x02, 0x45, 0x21,
    0x01, 0x25, 0x21, 0x01, 0xe4, 0x18, 0x01, 0xc3, 0x10, 0x02, 0xa3, 0x10, 0x01, 0xa3, 0x08, 0x03, 0x82, 0x08, 0x01, 0x82, 0x10, 0x03, 0xa3, 0x10,
    0x03, 0xe4, 0x20, 0x02, 0x24, 0x29, 0x01, 0xa5, 0x49, 0x01, 0x27, 0x62, 0x01, 0x07, 0x52, 0x01, 0xe7, 0x51, 0x01, 0xc7, 0x41, 0x01, 0x66, 0x29,
    0x01, 0x45, 0x29, 0x01, 0x65, 0x29, 0x01, 0x86, 0x31, 0x01, 0x45, 0x29, 0x02, 0x04, 0x21, 0x01, 0x45, 0x29, 0x01, 0x25, 0x21, 0x01, 0x04, 0x21,
    0x01, 0x45, 0x29, 0x01, 0x86, 0x31, 0x01, 0x66, 0x31, 0x01, 0x45, 0x29, 0x02, 0x25, 0x21, 0x05, 0x04, 0x19, 0x02, 0xe4, 0x18, 0x01, 0xc4, 0x10,
    0x01, 0xc4, 0x18, 0x02, 0xe4, 0x18, 0x01, 0x04, 0x21, 0x01, 0x24, 0x29, 0x01, 0x65, 0x39, 0x01, 0x85, 0x41, 0x01, 0xc6, 0x49, 0x01, 0xc6, 0x51,
    0x01, 0x06, 0x5a, 0x01, 0x27, 0x62, 0x01, 0x67, 0x72, 0x01, 0xc8, 0x82, 0x01, 0xe9, 0x8a, 0x01, 0x09, 0x93, 0x01, 0x29, 0x93, 0x01, 0x29, 0x9b,
    0x02, 0x29, 0x93, 0x03, 0x09, 0x93, 0x01, 0xe8, 0x8a, 0x01, 0xa8, 0x7a, 0x01, 0xc8, 0x82, 0x01, 0xe8, 0x8a, 0x05, 0x09, 0x93, 0x01, 0x09, 0x8b,
    0x01, 0xe9, 0x8a, 0x02, 0xc8, 0x82, 0x03, 0xa8, 0x7a, 0x03, 0x88, 0x72, 0x01, 0xa8, 0x7a, 0x01, 0x47, 0x6a, 0x02, 0xe6, 0x51, 0x01, 0x85, 0x41,
    0x01, 0x65, 0x41, 0x01, 0xa5, 0x49, 0x01, 0x65, 0x41, 0x01, 0x24, 0x29, 0x01, 0xe4, 0x20, 0x02, 0xa3, 0x10, 0x02, 0xa3, 0x18, 0x01, 0xa3, 0x10,
    0x03, 0x82, 0x08, 0x01, 0x62, 0x08, 0x02, 0x83, 0x08, 0x01, 0xa3, 0x08, 0x02, 0x83, 0x08, 0x07, 0xa3, 0x08, 0x08, 0xa3, 0x10, 0x09, 0xc3, 0x10,
    0x01, 0xc4, 0x10, 0x02, 0xc4, 0x18, 0x0d, 0xe4, 0x18, 0x03, 0x04, 0x19, 0x02, 0x04, 0x21, 0x01, 0x04, 0x19, 0x01, 0xe4, 0x18, 0x02, 0x25, 0x29,
    0x01, 0x25, 0x21, 0x01, 0x24, 0x21, 0x01, 0x04, 0x19, 0x01, 0xc3, 0x10, 0x01, 0xa3, 0x10, 0x01, 0xa3, 0x08, 0x01, 0x82, 0x08, 0x01, 0xc3, 0x10,
    0x01, 0xe4, 0x20, 0x01, 0x04, 0x29, 0x02, 0x04, 0x21, 0x01, 0x45, 0x31, 0x01, 0xa5, 0x49, 0x01, 0x85, 0x41, 0x02, 0x65, 0x39, 0x01, 0x45, 0x29,
    0x01, 0x04, 0x21, 0x01, 0x24, 0x31, 0x01, 0x24, 0x29, 0x01, 0xe4, 0x18, 0x01, 0x25, 0x29, 0x02, 0x04, 0x21, 0x01, 0xe4, 0x18, 0x01, 0xc4, 0x10,
    0x02, 0xe4, 0x18, 0x01, 0x04, 0x19, 0x01, 0xe4, 0x18, 0x01, 0x25, 0x21, 0x01, 0x66, 0x31, 0x02, 0x86, 0x39, 0x01, 0x45, 0x29, 0x01, 0x04, 0x19,
    0x02, 0xe4, 0x18, 0x01, 0xa3, 0x10, 0x03, 0x82, 0x08, 0x01, 0xa3, 0x10, 0x01, 0xc4, 0x10, 0x02, 0xe4, 0x18, 0x01, 0xc4, 0x10, 0x01, 0x83, 0x08,
    0x01, 0xa3, 0x10, 0x01, 0xc3, 0x10, 0x01, 0xa3, 0x08, 0x02, 0x82, 0x08, 0x01, 0x83, 0x08, 0x01, 0xa3, 0x10, 0x04, 0xe4, 0x18, 0x01, 0xa3, 0x08,
    0x03, 0x82, 0x08, 0x01, 0x83, 0x08, 0x01, 0xc3, 0x18, 0x01, 0x04, 0x21, 0x01, 0x25, 0x21, 0x01, 0x04, 0x19, 0x02, 0x45, 0x21, 0x02, 0x25, 0x21,
    0x01, 0x45, 0x29, 0x03, 0x25, 0x21, 0x01, 0x45, 0x29, 0x01, 0x46, 0x29, 0x01, 0x25, 0x21, 0x01, 0x04, 0x19, 0x01, 0xe4, 0x18, 0x01, 0xc3, 0x10,
    0x02, 0xa3, 0x08, 0x03, 0x82, 0x08, 0x01, 0xa3, 0x10, 0x03, 0xc3, 0x18, 0x01, 0x24, 0x29, 0x01, 0x24, 0x31, 0x01, 0x24, 0x29, 0x01, 0x85, 0x41,
    0x01, 0x65, 0x41, 0x01, 0x27, 0x62, 0x01, 0x88, 0x7a, 0x01, 0x48, 0x62, 0x01, 0x28, 0x5a, 0x01, 0xc7, 0x41, 0x01, 0x66, 0x31, 0x01, 0x65, 0x29,
    0x01, 0x86, 0x39, 0x01, 0xc7, 0x41, 0x01, 0x86, 0x31, 0x02, 0x45, 0x29, 0x01, 0x66, 0x29, 0x01, 0x45, 0x29, 0x02, 0x25, 0x21, 0x01, 0x45, 0x29,
    0x01, 0x25, 0x21, 0x02, 0x04, 0x19, 0x05, 0xe4, 0x18, 0x02, 0xc4, 0x10, 0x02, 0xc3, 0x10, 0x01, 0xc4, 0x18, 0x02, 0xe4, 0x18, 0x01, 0x04, 0x21,
    0x01, 0x45, 0x31, 0x02, 0x85, 0x41, 0x01, 0xe6, 0x51, 0x01, 0x27, 0x62, 0x01, 0x67, 0x72, 0x01, 0xa8, 0x7a, 0x02, 0xc8, 0x82, 0x01, 0xe9, 0x82,
    0x06, 0xe9, 0x8a, 0x01, 0xe8, 0x82, 0x01, 0xc8, 0x82, 0x03, 0xe9, 0x8a, 0x01, 0xe8, 0x8a, 0x02, 0x09, 0x93, 0x01, 0xe8, 0x8a, 0x01, 0x09, 0x8b,
    0x02, 0x09, 0x93, 0x01, 0xe9, 0x8a, 0x01, 0xe8, 0x8a, 0x01, 0xc8, 0x8a, 0x01, 0xa8, 0x7a, 0x01, 0xa8, 0x82, 0x02, 0xc8, 0x82, 0x03, 0xa8, 0x7a,
    0x01, 0x88, 0x72, 0x01, 0x47, 0x62, 0x01, 0x27, 0x5a, 0x02, 0xe6, 0x51, 0x01, 0xe6, 0x59, 0x01, 0xa5, 0x49, 0x01, 0x65, 0x39, 0x01, 0x44, 0x31,
    0x01, 0xe4, 0x20, 0x01, 0xe3, 0x18, 0x01, 0x24, 0x29, 0x01, 0x04, 0x29, 0x01, 0xe3, 0x18, 0x01, 0xa3, 0x10, 0x01, 0x82, 0x10, 0x01, 0xa2, 0x10,
    0x01, 0x82, 0x10, 0x07, 0x83, 0x08, 0x01, 0xa3, 0x08, 0x03, 0x83, 0x08, 0x05, 0xa3, 0x08, 0x09, 0xa3, 0x10, 0x05, 0xc3, 0x10, 0x02, 0xc4, 0x10,
    0x01, 0xc4, 0x18, 0x10, 0xe4, 0x18, 0x01, 0x04, 0x21, 0x01, 0x04, 0x19, 0x06, 0x04, 0x21, 0x01, 0xe4, 0x18, 0x01, 0xc4, 0x10, 0x01, 0xa3, 0x10,
    0x01, 0x83, 0x08, 0x01, 0xc3, 0x18, 0x01, 0xe4, 0x20, 0x01, 0x04, 0x29, 0x02, 0x04, 0x21, 0x01, 0x24, 0x29, 0x01, 0x85, 0x41, 0x03, 0x65, 0x39,
    0x01, 0x25, 0x29, 0x01, 0x04, 0x21, 0x01, 0x04, 0x29, 0x01, 0x04, 0x21, 0x01, 0xe4, 0x18, 0x01, 0x04, 0x21, 0x01, 0x04, 0x19, 0x01, 0x04, 0x21,
    0x01, 0xe4, 0x18, 0x01, 0xc3, 0x10, 0x02, 0xe4, 0x18, 0x01, 0x04, 0x19, 0x01, 0xe4, 0x18, 0x01, 0x04, 0x21, 0x01, 0x25, 0x29, 0x01, 0x86, 0x39,
    0x01, 0xa6, 0x39, 0x01, 0x45, 0x29, 0x02, 0x04, 0x19, 0x01, 0x04, 0x21, 0x01, 0xe4, 0x18, 0x01, 0xc3, 0x10, 0x03, 0x82, 0x08, 0x01, 0xc3, 0x10,
    0x01, 0xc4, 0x10, 0x01, 0xe4, 0x18, 0x01, 0xc3, 0x10, 0x01, 0x83, 0x08, 0x01, 0xa3, 0x10, 0x01, 0xc3, 0x10, 0x01, 0xa3, 0x10, 0x02, 0x82, 0x08,
    0x01, 0x83, 0x08, 0x01, 0xa3, 0x08, 0x02, 0xc4, 0x10, 0x02, 0xc3, 0x10, 0x01, 0xa3, 0x08, 0x01, 0x83, 0x08, 0x03, 0x82, 0x08, 0x01, 0xc3, 0x18,
    0x01, 0x04, 0x21, 0x01, 0x24, 0x21, 0x01, 0x04, 0x19, 0x02, 0x25, 0x21, 0x01, 0x04, 0x19, 0x01, 0xe4, 0x18, 0x01, 0x45, 0x21, 0x01, 0x45, 0x29,
    0x02, 0x25, 0x21, 0x02, 0x45, 0x21, 0x03, 0xe4, 0x18, 0x01, 0xc4, 0x10, 0x01, 0xa3, 0x10, 0x01, 0xa3, 0x08, 0x02, 0x82, 0x08, 0x01, 0xa3, 0x10,
    0x01, 0xc3, 0x18, 0x01, 0x04, 0x29, 0x01, 0xe4, 0x20, 0x01, 0x04, 0x29, 0x02, 0x85, 0x41, 0x01, 0x45, 0x39, 0x01, 0xa5, 0x51, 0x01, 0x27, 0x62,
    0x01, 0x68, 0x72, 0x01, 0x88, 0x72, 0x01, 0x47, 0x62, 0x01, 0xe7, 0x49, 0x01, 0xa6, 0x39, 0x02, 0x66, 0x31, 0x01, 0xc7, 0x41, 0x01, 0xe7, 0x49,
    0x01, 0x86, 0x31, 0x01, 0x66, 0x29, 0x01, 0x66, 0x31, 0x01, 0x86, 0x31, 0x01, 0x65, 0x29, 0x01, 0x25, 0x21, 0x01, 0xe4, 0x18, 0x02, 0x04, 0x19,
    0x02, 0xe4, 0x18, 0x04, 0xc4, 0x10, 0x02, 0xc3, 0x10, 0x02, 0xa3, 0x10, 0x02, 0xc3, 0x10, 0x02, 0xc3, 0x18, 0x01, 0x04, 0x21, 0x01, 0x65, 0x31,
    0x01, 0x85, 0x41, 0x01, 0xa5, 0x41, 0x01, 0x27, 0x62, 0x01, 0x67, 0x6a, 0x01, 0x68, 0x72, 0x01, 0x88, 0x72, 0x01, 0xa8, 0x7a, 0x02, 0xc8, 0x82,
    0x01, 0xa8, 0x82, 0x04, 0xa8, 0x7a, 0x01, 0x88, 0x7a, 0x02, 0x88, 0x72, 0x01, 0xa8, 0x7a, 0x02, 0xc8, 0x82, 0x02, 0xa8, 0x82, 0x02, 0xa8, 0x7a,
    0x01, 0xa8, 0x82, 0x05, 0xc8, 0x82, 0x01, 0xa8, 0x82, 0x07, 0xa8, 0x7a, 0x01, 0x88, 0x72, 0x01, 0x47, 0x6a, 0x04, 0x27, 0x62, 0x01, 0xe6, 0x51,
    0x01, 0xa5, 0x41, 0x01, 0x65, 0x39, 0x02, 0x44, 0x31, 0x01, 0x24, 0x31, 0x01, 0x04, 0x29, 0x01, 0xe4, 0x20, 0x01, 0xe3, 0x18, 0x01, 0xe3, 0x20,
    0x01, 0xc3, 0x18, 0x02, 0x82, 0x08, 0x01, 0x83, 0x08, 0x02, 0x82, 0x08, 0x05, 0x83, 0x08, 0x04, 0xa3, 0x08, 0x02, 0x83, 0x08, 0x02, 0xa3, 0x08,
    0x02, 0xa3, 0x10, 0x01, 0xa3, 0x08, 0x05, 0xa3, 0x10, 0x07, 0xc3, 0x10, 0x02, 0xc4, 0x10, 0x01, 0xc4, 0x18, 0x0d, 0xe4, 0x18, 0x01, 0x04, 0x21,
    0x02, 0x04, 0x19, 0x05, 0x04, 0x21, 0x02, 0xe4, 0x18, 0x01, 0xc3, 0x10, 0x01, 0xa3, 0x10, 0x01, 0xe4, 0x18, 0x04, 0x04, 0x21, 0x01, 0x24, 0x21,
    0x01, 0x45, 0x31, 0x03, 0x25, 0x29, 0x01, 0x04, 0x21, 0x01, 0xe4, 0x18, 0x02, 0x04, 0x21, 0x01, 0xe4, 0x18, 0x01, 0xc4, 0x18, 0x03, 0xe4, 0x18,
    0x01, 0xc3, 0x10, 0x02, 0xe4, 0x18, 0x01, 0xe4, 0x10, 0x01, 0xc4, 0x10, 0x01, 0xe4, 0x18, 0x01, 0x04, 0x21, 0x01, 0x45, 0x31, 0x01, 0x65, 0x31,
    0x01, 0x25, 0x21, 0x02, 0x04, 0x19, 0x01, 0x04, 0x21, 0x01, 0xe4, 0x18, 0x01, 0xc4, 0x18, 0x01, 0x83, 0x08, 0x02, 0x82, 0x08, 0x01, 0xa3, 0x10,
    0x01, 0xc3, 0x10, 0x01, 0xc4, 0x10, 0x01, 0xa3, 0x10, 0x01, 0x82, 0x08, 0x01, 0xa3, 0x10, 0x01, 0xc3, 0x10, 0x01, 0xa3, 0x10, 0x01, 0x83, 0x08,
    0x02, 0x82, 0x08, 0x01, 0x83, 0x08, 0x01, 0xa3, 0x10, 0x01, 0xa3, 0x08, 0x01, 0x83, 0x08, 0x01, 0xa3, 0x08, 0x01, 0x82, 0x08, 0x02, 0xa3, 0x10,
    0x01, 0xa3, 0x08, 0x01, 0x83, 0x08, 0x01, 0xe4, 0x18, 0x01, 0x25, 0x21, 0x01, 0x04, 0x21, 0x01, 0xc4, 0x10, 0x01, 0xe4, 0x18, 0x01, 0x04, 0x19,
    0x01, 0xc4, 0x10, 0x01, 0xc3, 0x10, 0x01, 0x05, 0x21, 0x01, 0x45, 0x21, 0x02, 0x25, 0x21, 0x01, 0x05, 0x21, 0x01, 0x25, 0x21, 0x01, 0xc4, 0x10,
    0x01, 0xc3, 0x10, 0x01, 0xe4, 0x18, 0x01, 0xc4, 0x10, 0x01, 0xa3, 0x10, 0x02, 0x82, 0x08, 0x01, 0x82, 0x10, 0x01, 0xa3, 0x10, 0x01, 0x04, 0x29,
    0x01, 0x44, 0x39, 0x01, 0x44, 0x31, 0x01, 0x44, 0x39, 0x01, 0xc6, 0x51, 0x02, 0xe6, 0x59, 0x01, 0x47, 0x72, 0x01, 0xe8, 0x8a, 0x01, 0x09, 0x93,
    0x01, 0xc9, 0x8a, 0x01, 0x48, 0x6a, 0x01, 0xc7, 0x49, 0x01, 0x86, 0x39, 0x01, 0x66, 0x29, 0x01, 0x66, 0x31, 0x01, 0xe7, 0x49, 0x01, 0xc7, 0x49,
    0x01, 0x66, 0x31, 0x01, 0x45, 0x29, 0x01, 0x66, 0x29, 0x01, 0x66, 0x31, 0x01, 0x45, 0x29, 0x01, 0x04, 0x19, 0x01, 0xc3, 0x10, 0x01, 0xc4, 0x18,
    0x01, 0xc4, 0x10, 0x01, 0xa3, 0x10, 0x02, 0xc3, 0x10, 0x01, 0xc4, 0x10, 0x01, 0xe4, 0x18, 0x02, 0xc3, 0x10, 0x05, 0xa3, 0x10, 0x01, 0xc3, 0x10,
    0x01, 0xc3, 0x18, 0x01, 0x04, 0x21, 0x01, 0x45, 0x31, 0x01, 0x85, 0x41, 0x01, 0xc6, 0x51, 0x01, 0x47, 0x6a, 0x05, 0x88, 0x72, 0x03, 0x68, 0x72,
    0x02, 0x67, 0x6a, 0x01, 0x47, 0x6a, 0x01, 0x27, 0x62, 0x02, 0x47, 0x62, 0x01, 0x47, 0x6a, 0x01, 0x68, 0x72, 0x02, 0x88, 0x72, 0x01, 0x68, 0x72,
    0x01, 0x68, 0x6a, 0x03, 0x88, 0x72, 0x01, 0x68, 0x72, 0x09, 0x88, 0x72, 0x01, 0x68, 0x72, 0x02, 0x68, 0x6a, 0x01, 0x88, 0x72, 0x01, 0x68, 0x6a,
    0x01, 0x67, 0x6a, 0x01, 0x68, 0x72, 0x01, 0x67, 0x6a, 0x01, 0x47, 0x62, 0x01, 0x27, 0x5a, 0x01, 0xe6, 0x51, 0x01, 0xa6, 0x49, 0x03, 0xa5, 0x49,
    0x01, 0x85, 0x41, 0x01, 0x45, 0x31, 0x01, 0x65, 0x39, 0x01, 0x24, 0x29, 0x05, 0x82, 0x08, 0x0c, 0x83, 0x08, 0x05, 0xa3, 0x08, 0x09, 0xa3, 0x10,
    0x02, 0xc3, 0x10, 0x05, 0xc4, 0x10, 0x01, 0xc3, 0x10, 0x01, 0xc4, 0x10, 0x0f, 0xe4, 0x18, 0x02, 0x04, 0x19, 0x02, 0xe4, 0x18, 0x02, 0xc3, 0x10,
    0x01, 0xe4, 0x18, 0x0c, 0x04, 0x21, 0x01, 0x04, 0x19, 0x01, 0xe4, 0x18, 0x01, 0x04, 0x19, 0x03, 0xe4, 0x18, 0x01, 0x04, 0x19, 0x01, 0x04, 0x21,
    0x01, 0x04, 0x19, 0x01, 0xe4, 0x10, 0x02, 0xc3, 0x10, 0x01, 0xe4, 0x18, 0x01, 0x04, 0x21, 0x01, 0x25, 0x21, 0x01, 0x04, 0x19, 0x01, 0xc4, 0x10,
    0x01, 0xc3, 0x10, 0x01, 0xe4, 0x18, 0x01, 0x04, 0x21, 0x01, 0xe4, 0x18, 0x01, 0xc3, 0x10, 0x01, 0xa3, 0x08, 0x01, 0x82, 0x08, 0x01, 0x83, 0x10,
    0x01, 0xa3, 0x10, 0x01, 0xc3, 0x10, 0x01, 0x83, 0x08, 0x01, 0x82, 0x08, 0x01, 0xc3, 0x10, 0x02, 0xa3, 0x10, 0x01, 0xa3, 0x08, 0x02, 0x62, 0x08,
    0x02, 0xa3, 0x10, 0x02, 0x82, 0x08, 0x01, 0x83, 0x08, 0x01, 0x82, 0x08, 0x01, 0xa3, 0x10, 0x01, 0xe4, 0x10, 0x01, 0xc4, 0x10, 0x01, 0xc3, 0x10,
    0x02, 0xe4, 0x18, 0x01, 0x04, 0x19, 0x02, 0xc3, 0x10, 0x01, 0xc4, 0x10, 0x02, 0xa3, 0x10, 0x01, 0xe4, 0x18, 0x02, 0x25, 0x21, 0x01, 0x04, 0x19,
    0x01, 0xe4, 0x18, 0x01, 0x05, 0x19, 0x01, 0xe4, 0x18, 0x01, 0xc3, 0x10, 0x01, 0xe4, 0x10, 0x01, 0xc3, 0x10, 0x01, 0x83, 0x08, 0x01, 0x82, 0x08,
    0x01, 0xa3, 0x10, 0x01, 0xc3, 0x10, 0x01, 0x04, 0x21, 0x01, 0x65, 0x41, 0x01, 0xa5, 0x49, 0x01, 0x65, 0x41, 0x01, 0xa5, 0x49, 0x01, 0x26, 0x6a,
    0x03, 0x87, 0x7a, 0x01, 0xc8, 0x8a, 0x01, 0x47, 0x6a, 0x01, 0x07, 0x62, 0x01, 0xe7, 0x51, 0x01, 0xa6, 0x39, 0x01, 0x65, 0x29, 0x02, 0x25, 0x21,
    0x01, 0x86, 0x39, 0x01, 0xa6, 0x41, 0x01, 0x45, 0x29, 0x02, 0x25, 0x21, 0x01, 0x45, 0x29, 0x01, 0x25, 0x21, 0x01, 0x04, 0x19, 0x03, 0xc3, 0x10,
    0x01, 0xa3, 0x10, 0x02, 0xc4, 0x18, 0x01, 0xe4, 0x18, 0x01, 0x24, 0x21, 0x01, 0x04, 0x21, 0x01, 0xe4, 0x18, 0x01, 0xc3, 0x10, 0x03, 0xa3, 0x10,
    0x01, 0xc3, 0x10, 0x02, 0xe4, 0x18, 0x01, 0x24, 0x29, 0x01, 0x85, 0x39, 0x01, 0xe6, 0x51, 0x01, 0x27, 0x62, 0x01, 0x47, 0x6a, 0x02, 0x67, 0x6a,
    0x02, 0x68, 0x6a, 0x01, 0x47, 0x6a, 0x02, 0x47, 0x62, 0x03, 0x27, 0x62, 0x01, 0x07, 0x5a, 0x01, 0x07, 0x52, 0x02, 0x07, 0x5a, 0x03, 0x07, 0x52,
    0x03, 0x07, 0x5a, 0x04, 0x27, 0x5a, 0x01, 0x27, 0x62, 0x02, 0x27, 0x5a, 0x01, 0x27, 0x62, 0x02, 0x47, 0x62, 0x01, 0x27, 0x62, 0x06, 0x47, 0x62,
    0x01, 0x68, 0x62, 0x05, 0x68, 0x6a, 0x01, 0x47, 0x62, 0x01, 0x27, 0x5a, 0x02, 0x47, 0x6a, 0x01, 0x27, 0x62, 0x01, 0xe6, 0x51, 0x01, 0xa5, 0x41,
    0x01, 0xc5, 0x49, 0x01, 0xa5, 0x41, 0x05, 0x82, 0x08, 0x0f, 0x83, 0x08, 0x04, 0xa3, 0x08, 0x08, 0xa3, 0x10, 0x0a, 0xc3, 0x10, 0x02, 0xc4, 0x10,
    0x13, 0xe4, 0x18, 0x09, 0x04, 0x19, 0x07, 0x04, 0x21, 0x01, 0x04, 0x19, 0x02, 0x04, 0x21, 0x01, 0x04, 0x19, 0x01, 0xe4, 0x18, 0x02, 0xc3, 0x10,
    0x01, 0xc3, 0x18, 0x02, 0x04, 0x21, 0x01, 0xe4, 0x18, 0x02, 0xc3, 0x10, 0x01, 0xe4, 0x18, 0x01, 0x04, 0x21, 0x01, 0xe4, 0x18, 0x02, 0xa3, 0x10,
    0x02, 0x82, 0x08, 0x01, 0xc3, 0x10, 0x03, 0xa3, 0x10, 0x01, 0x83, 0x08, 0x02, 0xa3, 0x10, 0x03, 0x62, 0x08, 0x02, 0xa3, 0x10, 0x01, 0x82, 0x08,
    0x01, 0x83, 0x08, 0x02, 0x82, 0x08, 0x01, 0xc3, 0x10, 0x02, 0xe4, 0x10, 0x01, 0xc3, 0x10, 0x01, 0xa3, 0x10, 0x02, 0xc3, 0x10, 0x01, 0xa3, 0x10,
    0x01, 0x82, 0x08, 0x03, 0xa3, 0x10, 0x04, 0xe4, 0x18, 0x01, 0xc3, 0x10, 0x01, 0x04, 0x19, 0x01, 0xe4, 0x18, 0x01, 0xc3, 0x10, 0x01, 0xa3, 0x10,
    0x01, 0x83, 0x08, 0x01, 0xa3, 0x08, 0x01, 0x82, 0x08, 0x02, 0xc3, 0x18, 0x01, 0x44, 0x39, 0x01, 0xe6, 0x59, 0x01, 0x06, 0x62, 0x01, 0xe6, 0x59,
    0x01, 0x47, 0x72, 0x01, 0x87, 0x82, 0x01, 0xa8, 0x8a, 0x01, 0x87, 0x7a, 0x02, 0x67, 0x72, 0x01, 0xa6, 0x41, 0x01, 0x85, 0x41, 0x01, 0x85, 0x39,
    0x01, 0x65, 0x29, 0x01, 0x25, 0x21, 0x01, 0xe4, 0x18, 0x01, 0x04, 0x21, 0x01, 0x45, 0x29, 0x01, 0x66, 0x31, 0x01, 0x25, 0x21, 0x02, 0xe4, 0x18,
    0x02, 0x04, 0x21, 0x01, 0xe4, 0x18, 0x04, 0xc3, 0x10, 0x02, 0xe4, 0x18, 0x01, 0x04, 0x21, 0x01, 0x45, 0x31, 0x01, 0x25, 0x29, 0x01, 0x04, 0x21,
    0x01, 0xe4, 0x18, 0x03, 0xa3, 0x10, 0x01, 0xc3, 0x10, 0x01, 0xe4, 0x18, 0x01, 0xe4, 0x20, 0x01, 0x24, 0x29, 0x01, 0x85, 0x41, 0x01, 0xe6, 0x51,
    0x01, 0x07, 0x5a, 0x01, 0x27, 0x62, 0x02, 0x07, 0x5a, 0x01, 0x27, 0x5a, 0x03, 0x07, 0x5a, 0x01, 0x07, 0x52, 0x02, 0xe7, 0x51, 0x01, 0x07, 0x52,
    0x01, 0xe6, 0x51, 0x01, 0xc6, 0x49, 0x01, 0xe6, 0x49, 0x03, 0xc6, 0x49, 0x09, 0xc6, 0x41, 0x02, 0xc6, 0x49, 0x01, 0xe7, 0x51, 0x05, 0x07, 0x5a,
    0x02, 0x27, 0x5a, 0x02, 0x27, 0x62, 0x01, 0x47, 0x62, 0x01, 0x48, 0x62, 0x01, 0x68, 0x62, 0x05, 0x68, 0x6a, 0x01, 0x88, 0x72, 0x01, 0x68, 0x72,
    0x01, 0x47, 0x6a, 0x01, 0x07, 0x5a, 0x01, 0xe6, 0x51, 0x01, 0x06, 0x5a, 0x01, 0xe6, 0x59, 0x08, 0x82, 0x08, 0x0e, 0x83, 0x08, 0x04, 0xa3, 0x08,
    0x08, 0xa3, 0x10, 0x0c, 0xc3, 0x10, 0x03, 0xc4, 0x10, 0x01, 0xc4, 0x18, 0x19, 0xe4, 0x18, 0x02, 0x04, 0x19, 0x01, 0x04, 0x21, 0x02, 0x04, 0x19,
    0x01, 0x04, 0x21, 0x02, 0x04, 0x19, 0x02, 0xe4, 0x18, 0x01, 0xc3, 0x10, 0x01, 0xe4, 0x18, 0x02, 0x04, 0x21, 0x01, 0xe4, 0x18, 0x02, 0xc3, 0x10,
    0x01, 0xe4, 0x18, 0x01, 0xe4, 0x20, 0x01, 0xe4, 0x18, 0x01, 0x66, 0x29, 0x01, 0xe4, 0x18, 0x01, 0xc3, 0x18, 0x01, 0x45, 0x21, 0x01, 0xe4, 0x18,
    0x01, 0x86, 0x31, 0x01, 0x25, 0x21, 0x01, 0xc3, 0x10, 0x01, 0x66, 0x29, 0x01, 0x04, 0x19, 0x01, 0xa3, 0x10, 0x01, 0x24, 0x21, 0x01, 0x82, 0x08,
    0x01, 0x04, 0x19, 0x01, 0x25, 0x21, 0x01, 0xe4, 0x10, 0x01, 0xa3, 0x08, 0x01, 0x82, 0x08, 0x01, 0xc3, 0x10, 0x01, 0x83, 0x08, 0x01, 0xa3, 0x10,
    0x01, 0x04, 0x19, 0x01, 0xe4, 0x18, 0x01, 0x25, 0x21, 0x01, 0x86, 0x29, 0x02, 0xc3, 0x10, 0x01, 0x62, 0x08, 0x02, 0xe4, 0x18, 0x01, 0x83, 0x08,
    0x01, 0xa3, 0x10, 0x01, 0xe4, 0x18, 0x01, 0x66, 0x21, 0x01, 0xa3, 0x10, 0x01, 0xc3, 0x10, 0x01, 0xe4, 0x18, 0x01, 0x05, 0x19, 0x01, 0xc7, 0x31,
    0x01, 0xe4, 0x18, 0x01, 0x25, 0x21, 0x01, 0x66, 0x29, 0x01, 0x82, 0x08, 0x01, 0x45, 0x21, 0x01, 0x24, 0x29, 0x01, 0x65, 0x39, 0x01, 0x27, 0x62,
    0x01, 0xe8, 0x8a, 0x01, 0x87, 0x7a, 0x01, 0xa8, 0x7a, 0x01, 0x47, 0x72, 0x01, 0x88, 0x82, 0x01, 0xc8, 0x8a, 0x01, 0x67, 0x72, 0x01, 0x27, 0x6a,
    0x01, 0x06, 0x62, 0x01, 0x65, 0x31, 0x01, 0x45, 0x31, 0x01, 0x45, 0x29, 0x01, 0x24, 0x21, 0x03, 0xe4, 0x18, 0x01, 0x04, 0x21, 0x01, 0x25, 0x21,
    0x01, 0x04, 0x21, 0x01, 0xc4, 0x18, 0x01, 0xc3, 0x10, 0x02, 0xe4, 0x18, 0x01, 0xc4, 0x10, 0x03, 0xc3, 0x10, 0x01, 0xc3, 0x18, 0x01, 0x04, 0x21,
    0x01, 0x24, 0x29, 0x01, 0x45, 0x31, 0x02, 0x85, 0x39, 0x01, 0x45, 0x31, 0x01, 0x24, 0x29, 0x01, 0xe4, 0x18, 0x02, 0xc3, 0x10, 0x01, 0x04, 0x21,
    0x01, 0x24, 0x29, 0x01, 0x25, 0x29, 0x01, 0x45, 0x31, 0x01, 0xa5, 0x41, 0x01, 0xc6, 0x49, 0x05, 0xe6, 0x51, 0x01, 0xe6, 0x49, 0x01, 0xc6, 0x49,
    0x01, 0xe6, 0x49, 0x07, 0xc6, 0x49, 0x0d, 0xa6, 0x41, 0x02, 0xc6, 0x41, 0x01, 0xc6, 0x49, 0x03, 0xe7, 0x49, 0x02, 0xe7, 0x51, 0x03, 0x07, 0x52,
    0x01, 0x07, 0x5a, 0x03, 0x27, 0x5a, 0x01, 0x27, 0x62, 0x02, 0x47, 0x62, 0x01, 0x47, 0x6a, 0x05, 0x68, 0x6a, 0x01, 0x88, 0x72, 0x01, 0x68, 0x6a,
    0x11, 0x82, 0x08, 0x0a, 0x83, 0x08, 0x04, 0xa3, 0x08, 0x08, 0xa3, 0x10, 0x0e, 0xc3, 0x10, 0x01, 0xc3, 0x18, 0x01, 0xc3, 0x10, 0x01, 0xc4, 0x10,
    0x14, 0xe4, 0x18, 0x01, 0x04, 0x19, 0x03, 0xe4, 0x18, 0x02, 0x04, 0x19, 0x02, 0x04, 0x21, 0x03, 0xe4, 0x18, 0x02, 0x04, 0x21, 0x01, 0xe4, 0x18,
    0x02, 0xc3, 0x18, 0x01, 0xe4, 0x18, 0x01, 0x04, 0x21, 0x01, 0x25, 0x29, 0x01, 0xcb, 0x5a, 0x01, 0x66, 0x31, 0x01, 0xa7, 0x31, 0x01, 0x49, 0x42,
    0x01, 0xc3, 0x18, 0x01, 0x8a, 0x52, 0x01, 0xe8, 0x39, 0x01, 0x45, 0x21, 0x01, 0x28, 0x42, 0x01, 0x86, 0x29, 0x01, 0xe4, 0x18, 0x01, 0x8a, 0x4a,
    0x01, 0xc3, 0x10, 0x01, 0xa7, 0x31, 0x01, 0xab, 0x52, 0x01, 0xe4, 0x10, 0x01, 0x83, 0x08, 0x01, 0x62, 0x08, 0x01, 0x08, 0x3a, 0x01, 0x45, 0x29,
    0x01, 0xc3, 0x10, 0x01, 0x08, 0x3a, 0x01, 0x66, 0x21, 0x01, 0x86, 0x29, 0x01, 0x08, 0x3a, 0x01, 0xe4, 0x18, 0x01, 0x86, 0x29, 0x01, 0xe4, 0x10,
    0x01, 0xa7, 0x29, 0x01, 0x86, 0x29, 0x01, 0xa3, 0x08, 0x01, 0x83, 0x08, 0x01, 0xa3, 0x10, 0x01, 0x29, 0x3a, 0x01, 0xa3, 0x10, 0x01, 0xe4, 0x18,
    0x01, 0xc8, 0x31, 0x01, 0xe4, 0x18, 0x01, 0x8a, 0x4a, 0x01, 0x66, 0x21, 0x01, 0x45, 0x21, 0x01, 0xa7, 0x31, 0x01, 0x82, 0x08, 0x01, 0x69, 0x4a,
    0x01, 0x85, 0x41, 0x01, 0x69, 0x62, 0x01, 0x6c, 0x83, 0x01, 0x2a, 0x8b, 0x01, 0xc8, 0x82, 0x01, 0x0a, 0x7b, 0x01, 0xc6, 0x59, 0x01, 0x67, 0x72,
    0x01, 0xa8, 0x82, 0x01, 0x27, 0x62, 0x01, 0xe6, 0x51, 0x01, 0xc6, 0x49, 0x02, 0x45, 0x31, 0x01, 0x45, 0x29, 0x01, 0x04, 0x21, 0x03, 0xe4, 0x18,
    0x01, 0x04, 0x21, 0x01, 0x25, 0x29, 0x01, 0x04, 0x21, 0x01, 0xe4, 0x18, 0x01, 0xc3, 0x10, 0x02, 0xe4, 0x18, 0x01, 0xc4, 0x10, 0x01, 0xc3, 0x10,
    0x01, 0xe4, 0x18, 0x01, 0xc4, 0x18, 0x01, 0xe4, 0x18, 0x01, 0x45, 0x29, 0x01, 0x45, 0x31, 0x01, 0x85, 0x39, 0x01, 0xa6, 0x41, 0x01, 0x85, 0x41,
    0x01, 0x65, 0x39, 0x01, 0x45, 0x31, 0x01, 0x04, 0x21, 0x01, 0xe4, 0x18, 0x01, 0xc3, 0x10, 0x01, 0xe4, 0x18, 0x01, 0x24, 0x29, 0x01, 0x45, 0x29,
    0x01, 0x65, 0x31, 0x01, 0xa6, 0x41, 0x02, 0xe6, 0x51, 0x03, 0xc6, 0x49, 0x01, 0xc6, 0x41, 0x01, 0xa6, 0x41, 0x01, 0xc6, 0x41, 0x08, 0xa6, 0x41,
    0x01, 0x86, 0x39, 0x09, 0xa6, 0x41, 0x01, 0xa6, 0x39, 0x01, 0x86, 0x39, 0x03, 0xa6, 0x41, 0x01, 0xc6, 0x41, 0x01, 0xc6, 0x49, 0x02, 0xc6, 0x41,
    0x02, 0xc6, 0x49, 0x01, 0xe6, 0x49, 0x02, 0xe7, 0x51, 0x03, 0x07, 0x52, 0x02, 0x07, 0x5a, 0x01, 0x27, 0x5a, 0x02, 0x27, 0x62, 0x01, 0x47, 0x62,
    0x01, 0x47, 0x6a, 0x03, 0x68, 0x6a, 0x02, 0x88, 0x72, 0x01, 0x62, 0x08, 0x1a, 0x82, 0x08, 0x04, 0x83, 0x08, 0x01, 0xa3, 0x08, 0x0e, 0xa3, 0x10,
    0x02, 0xc3, 0x10, 0x02, 0xa3, 0x10, 0x09, 0xc3, 0x10, 0x01, 0xc4, 0x10, 0x01, 0xc3, 0x10, 0x01, 0xc4, 0x10, 0x02, 0xc4, 0x18, 0x1d, 0xe4, 0x18,
    0x01, 0x04, 0x21, 0x01, 0x24, 0x29, 0x01, 0x86, 0x31, 0x01, 0x24, 0x29, 0x01, 0x45, 0x29, 0x01, 0xc7, 0x39, 0x01, 0x25, 0x21, 0x01, 0x86, 0x31,
    0x01, 0x25, 0x21, 0x01, 0xc3, 0x18, 0x01, 0x45, 0x29, 0x01, 0xe4, 0x18, 0x01, 0xc3, 0x10, 0x01, 0x25, 0x21, 0x01, 0xe4, 0x10, 0x01, 0xe4, 0x18,
    0x01, 0x45, 0x21, 0x01, 0xa3, 0x10, 0x01, 0x82, 0x08, 0x01, 0x83, 0x08, 0x03, 0xc3, 0x10, 0x01, 0x86, 0x29, 0x01, 0x05, 0x19, 0x01, 0x04, 0x19,
    0x01, 0x25, 0x21, 0x01, 0x82, 0x08, 0x01, 0xe4, 0x18, 0x01, 0xc3, 0x10, 0x01, 0x25, 0x21, 0x01, 0x04, 0x19, 0x02, 0x82, 0x08, 0x01, 0x62, 0x08,
    0x01, 0xe4, 0x18, 0x02, 0xa3, 0x10, 0x01, 0x04, 0x19, 0x01, 0xe4, 0x18, 0x01, 0x66, 0x21, 0x01, 0xe4, 0x18, 0x01, 0xc3, 0x10, 0x01, 0xe4, 0x18,
    0x01, 0xc3, 0x18, 0x01, 0x86, 0x31, 0x01, 0xa6, 0x49, 0x01, 0xa5, 0x41, 0x01, 0x07, 0x52, 0x01, 0x67, 0x72, 0x01, 0x87, 0x7a, 0x01, 0x48, 0x5a,
    0x01, 0x65, 0x39, 0x01, 0x06, 0x62, 0x01, 0x47, 0x72, 0x01, 0xe6, 0x59, 0x01, 0xa6, 0x49, 0x01, 0xc6, 0x49, 0x02, 0x85, 0x41, 0x01, 0x65, 0x39,
    0x01, 0x25, 0x21, 0x01, 0xe4, 0x18, 0x01, 0xc3, 0x18, 0x01, 0xe4, 0x18, 0x01, 0x24, 0x29, 0x01, 0x44, 0x31, 0x01, 0x04, 0x21, 0x01, 0xc4, 0x18,
    0x01, 0xc4, 0x10, 0x01, 0xc4, 0x18, 0x01, 0xc3, 0x10, 0x01, 0xa3, 0x10, 0x01, 0xc3, 0x10, 0x01, 0xe4, 0x18, 0x01, 0xc3, 0x18, 0x01, 0xe4, 0x18,
    0x01, 0x45, 0x29, 0x01, 0x45, 0x31, 0x03, 0x65, 0x39, 0x02, 0x65, 0x31, 0x01, 0x45, 0x31, 0x01, 0x25, 0x29, 0x01, 0x25, 0x21, 0x01, 0x25, 0x29,
    0x01, 0x45, 0x29, 0x0a, 0x65, 0x31, 0x02, 0x86, 0x39, 0x02, 0x85, 0x39, 0x01, 0x86, 0x41, 0x04, 0xa6, 0x41, 0x05, 0xc6, 0x49, 0x02, 0xa6, 0x41,
    0x01, 0xa6, 0x49, 0x06, 0xa6, 0x41, 0x01, 0xc6, 0x41, 0x05, 0xc6, 0x49, 0x01, 0xe6, 0x49, 0x02, 0xe7, 0x51, 0x03, 0x07, 0x52, 0x01, 0x07, 0x5a,
    0x01, 0x07, 0x52, 0x02, 0xe7, 0x51, 0x01, 0x07, 0x52, 0x01, 0xe7, 0x51, 0x01, 0x07, 0x52, 0x02, 0x07, 0x5a, 0x02, 0x27, 0x62, 0x02, 0x47, 0x62,
    0x06, 0x62, 0x08, 0x18, 0x82, 0x08, 0x02, 0x83, 0x08, 0x02, 0x82, 0x08, 0x02, 0x83, 0x08, 0x01, 0xa3, 0x08, 0x11, 0xa3, 0x10, 0x10, 0xc3, 0x10,
    0x02, 0xc4, 0x10, 0x01, 0xc4, 0x18, 0x01, 0xe4, 0x18, 0x01, 0xc4, 0x18, 0x02, 0xe4, 0x18, 0x01, 0xc4, 0x18, 0x01, 0xe4, 0x18, 0x01, 0xc4, 0x18,
    0x01, 0xc4, 0x10, 0x01, 0xc4, 0x18, 0x0b, 0xe4, 0x18, 0x06, 0x04, 0x21, 0x01, 0x24, 0x21, 0x03, 0x04, 0x21, 0x03, 0xe4, 0x18, 0x01, 0xa3, 0x10,
    0x01, 0xc3, 0x10, 0x01, 0xa3, 0x10, 0x01, 0xa3, 0x08, 0x01, 0xa3, 0x10, 0x01, 0x83, 0x08, 0x01, 0x82, 0x08, 0x02, 0x62, 0x08, 0x01, 0x83, 0x08,
    0x01, 0xa3, 0x08, 0x01, 0xc4, 0x10, 0x01, 0xa3, 0x10, 0x01, 0x83, 0x08, 0x01, 0xa3, 0x10, 0x03, 0x82, 0x08, 0x05, 0x62, 0x08, 0x01, 0x82, 0x08,
    0x01, 0xa3, 0x10, 0x01, 0xc4, 0x10, 0x01, 0x04, 0x19, 0x01, 0xc3, 0x10, 0x02, 0xa3, 0x10, 0x01, 0xc3, 0x10, 0x01, 0xe4, 0x20, 0x01, 0x04, 0x29,
    0x01, 0xa5, 0x49, 0x01, 0x44, 0x39, 0x01, 0x44, 0x31, 0x01, 0xe6, 0x61, 0x01, 0xe6, 0x59, 0x01, 0x44, 0x31, 0x01, 0x04, 0x21, 0x01, 0xc6, 0x51,
    0x01, 0x47, 0x72, 0x01, 0x06, 0x5a, 0x01, 0xe6, 0x51, 0x01, 0x06, 0x5a, 0x02, 0xa6, 0x49, 0x01, 0x65, 0x39, 0x01, 0x24, 0x21, 0x01, 0x04, 0x21,
    0x01, 0xe4, 0x18, 0x01, 0x04, 0x21, 0x01, 0x45, 0x39, 0x01, 0x65, 0x39, 0x01, 0x24, 0x21, 0x03, 0xe4, 0x18, 0x02, 0xc3, 0x10, 0x01, 0xe4, 0x18,
    0x01, 0xe4, 0x20, 0x01, 0xe4, 0x18, 0x01, 0x24, 0x21, 0x01, 0x45, 0x29, 0x06, 0x65, 0x31, 0x01, 0x45, 0x31, 0x01, 0x45, 0x29, 0x01, 0x25, 0x29,
    0x01, 0x45, 0x29, 0x01, 0x45, 0x31, 0x02, 0x86, 0x39, 0x02, 0x85, 0x39, 0x03, 0x65, 0x31, 0x01, 0x45, 0x31, 0x04, 0x65, 0x31, 0x01, 0x65, 0x39,
    0x02, 0x85, 0x39, 0x01, 0x86, 0x41, 0x01, 0xa6, 0x41, 0x01, 0xa6, 0x49, 0x02, 0xc6, 0x49, 0x01, 0xa6, 0x49, 0x07, 0xa6, 0x41, 0x01, 0x86, 0x41,
    0x04, 0x86, 0x39, 0x01, 0xa6, 0x41, 0x04, 0xc6, 0x49, 0x01, 0xe6, 0x49, 0x01, 0xe6, 0x51, 0x02, 0x07, 0x52, 0x01, 0x07, 0x5a, 0x01, 0x07, 0x52,
    0x02, 0x07, 0x5a, 0x01, 0xe7, 0x51, 0x01, 0xe6, 0x51, 0x03, 0xc6, 0x49, 0x03, 0xe6, 0x49, 0x02, 0xe6, 0x51, 0x02, 0xe7, 0x51, 0x06, 0x62, 0x08,
    0x01, 0x82, 0x08, 0x07, 0x62, 0x08, 0x15, 0x82, 0x08, 0x04, 0x83, 0x08, 0x01, 0xa3, 0x10, 0x01, 0xa3, 0x08, 0x01, 0x83, 0x08, 0x01, 0xa3, 0x08,
    0x13, 0xa3, 0x10, 0x0e, 0xc3, 0x10, 0x05, 0xc4, 0x10, 0x01, 0xc3, 0x10, 0x01, 0xc4, 0x18, 0x0b, 0xe4, 0x18, 0x07, 0x04, 0x21, 0x01, 0x04, 0x19,
    0x04, 0x04, 0x21, 0x01, 0xc4, 0x18, 0x01, 0xc3, 0x18, 0x01, 0xa3, 0x10, 0x02, 0xc3, 0x10, 0x01, 0xa3, 0x10, 0x01, 0xa3, 0x08, 0x03, 0x82, 0x08,
    0x02, 0xa3, 0x10, 0x01, 0x86, 0x29, 0x01, 0x25, 0x19, 0x01, 0xe4, 0x10, 0x01, 0x86, 0x29, 0x01, 0x62, 0x08, 0x02, 0x82, 0x08, 0x03, 0x62, 0x08,
    0x02, 0x82, 0x08, 0x01, 0xa3, 0x10, 0x01, 0xc4, 0x10, 0x01, 0xe4, 0x18, 0x01, 0xc4, 0x10, 0x01, 0xa3, 0x10, 0x01, 0xc3, 0x18, 0x01, 0xe4, 0x20,
    0x02, 0x04, 0x29, 0x01, 0x85, 0x41, 0x01, 0x24, 0x29, 0x01, 0x04, 0x29, 0x01, 0xa5, 0x51, 0x01, 0xa5, 0x49, 0x01, 0x44, 0x31, 0x01, 0x24, 0x31,
    0x01, 0x06, 0x62, 0x01, 0x67, 0x72, 0x01, 0x06, 0x5a, 0x02, 0xe6, 0x51, 0x01, 0xa6, 0x49, 0x01, 0x85, 0x41, 0x01, 0x24, 0x29, 0x01, 0xe4, 0x18,
    0x02, 0x04, 0x21, 0x01, 0x24, 0x29, 0x01, 0x85, 0x41, 0x01, 0xa5, 0x49, 0x01, 0x45, 0x29, 0x03, 0x04, 0x21, 0x03, 0xe4, 0x18, 0x02, 0x04, 0x21,
    0x01, 0x24, 0x21, 0x06, 0x45, 0x29, 0x01, 0x45, 0x31, 0x01, 0x25, 0x29, 0x01, 0x24, 0x29, 0x01, 0x04, 0x21, 0x01, 0x24, 0x21, 0x01, 0x25, 0x21,
    0x03, 0x45, 0x29, 0x05, 0x25, 0x29, 0x02, 0x45, 0x29, 0x01, 0x45, 0x31, 0x02, 0x65, 0x31, 0x04, 0x65, 0x39, 0x01, 0x85, 0x41, 0x02, 0xa5, 0x41,
    0x01, 0x85, 0x39, 0x01, 0x65, 0x39, 0x03, 0x85, 0x41, 0x01, 0xc6, 0x49, 0x01, 0xa6, 0x49, 0x02, 0xa6, 0x41, 0x01, 0x86, 0x39, 0x01, 0x85, 0x39,
    0x02, 0x86, 0x39, 0x04, 0xa6, 0x41, 0x03, 0xc6, 0x49, 0x02, 0xa6, 0x49, 0x05, 0xc6, 0x49, 0x0b, 0xa6, 0x41, 0x05, 0x62, 0x08, 0x01, 0x82, 0x08,
    0x0a, 0x62, 0x08, 0x0b, 0x82, 0x08, 0x02, 0x62, 0x08, 0x0e, 0x82, 0x08, 0x08, 0x83, 0x08, 0x04, 0xa3, 0x08, 0x01, 0xa3, 0x10, 0x01, 0xa3, 0x08,
    0x02, 0xa3, 0x10, 0x01, 0xa3, 0x08, 0x07, 0xa3, 0x10, 0x10, 0xc3, 0x10, 0x02, 0xc3, 0x18, 0x03, 0xe4, 0x18, 0x01, 0xe3, 0x18, 0x01, 0xc3, 0x18,
    0x01, 0xc4, 0x18, 0x04, 0xe4, 0x18, 0x01, 0xe4, 0x20, 0x04, 0x04, 0x21, 0x02, 0xe4, 0x18, 0x04, 0x04, 0x21, 0x01, 0xc4, 0x18, 0x01, 0xc3, 0x18,
    0x01, 0xc3, 0x10, 0x02, 0xc3, 0x18, 0x01, 0xa3, 0x10, 0x01, 0xa3, 0x08, 0x02, 0x82, 0x08, 0x01, 0x83, 0x08, 0x01, 0xa3, 0x10, 0x01, 0x83, 0x08,
    0x01, 0xa7, 0x29, 0x01, 0xe4, 0x10, 0x01, 0xe4, 0x18, 0x01, 0x86, 0x29, 0x01, 0x41, 0x00, 0x06, 0x62, 0x08, 0x01, 0x82, 0x08, 0x01, 0x83, 0x08,
    0x01, 0xa3, 0x10, 0x01, 0xc3, 0x10, 0x02, 0xa3, 0x10, 0x01, 0x04, 0x21, 0x01, 0x44, 0x31, 0x01, 0x24, 0x29, 0x01, 0x04, 0x21, 0x01, 0x44, 0x31,
    0x01, 0xc3, 0x18, 0x01, 0xe4, 0x20, 0x01, 0x85, 0x49, 0x01, 0xa5, 0x49, 0x02, 0x44, 0x31, 0x01, 0xe6, 0x59, 0x01, 0x06, 0x62, 0x01, 0xa5, 0x49,
    0x01, 0xa5, 0x41, 0x01, 0x85, 0x41, 0x01, 0x65, 0x41, 0x01, 0x65, 0x39, 0x01, 0x04, 0x21, 0x01, 0xc3, 0x18, 0x02, 0xe4, 0x18, 0x01, 0x24, 0x29,
    0x01, 0x65, 0x39, 0x01, 0x85, 0x41, 0x01, 0x45, 0x29, 0x04, 0x04, 0x21, 0x01, 0x04, 0x19, 0x01, 0xe4, 0x18, 0x02, 0x04, 0x21, 0x01, 0x24, 0x21,
    0x04, 0x25, 0x21, 0x02, 0x25, 0x29, 0x03, 0x24, 0x29, 0x03, 0x25, 0x29, 0x01, 0x24, 0x21, 0x03, 0x04, 0x21, 0x03, 0x24, 0x21, 0x01, 0x25, 0x21,
    0x02, 0x25, 0x29, 0x01, 0x45, 0x29, 0x06, 0x45, 0x31, 0x01, 0x65, 0x39, 0x02, 0x85, 0x41, 0x01, 0x65, 0x39, 0x01, 0x65, 0x31, 0x01, 0x85, 0x39,
    0x02, 0x65, 0x39, 0x01, 0xa5, 0x41, 0x01, 0xa6, 0x41, 0x03, 0x85, 0x39, 0x01, 0x65, 0x39, 0x01, 0x85, 0x39, 0x01, 0x86, 0x41, 0x01, 0xa6, 0x41,
    0x01, 0xc6, 0x49, 0x01, 0xa6, 0x49, 0x01, 0x86, 0x41, 0x02, 0x86, 0x39, 0x01, 0x85, 0x39, 0x02, 0xa6, 0x41, 0x01, 0x86, 0x41, 0x04, 0xa6, 0x41,
    0x01, 0x85, 0x41, 0x01, 0x86, 0x39, 0x01, 0x86, 0x41, 0x05, 0x85, 0x39, 0x01, 0x86, 0x41, 0x02, 0x85, 0x39, 0x17, 0x62, 0x08, 0x03, 0x82, 0x08,
    0x04, 0x62, 0x08, 0x10, 0x82, 0x08, 0x02, 0x83, 0x08, 0x01, 0x82, 0x08, 0x0b, 0x83, 0x08, 0x02, 0xa3, 0x08, 0x09, 0xa3, 0x10, 0x08, 0xc3, 0x10,
    0x05, 0xc3, 0x18, 0x01, 0xe3, 0x18, 0x02, 0xe4, 0x18, 0x01, 0xc4, 0x18, 0x01, 0xc3, 0x18, 0x03, 0xc3, 0x10, 0x01, 0xc3, 0x18, 0x02, 0xe4, 0x18,
    0x02, 0xe4, 0x20, 0x01, 0xe4, 0x18, 0x02, 0xe4, 0x20, 0x06, 0xe4, 0x18, 0x01, 0xc4, 0x18, 0x02, 0xc3, 0x18, 0x01, 0xc4, 0x18, 0x01, 0xc3, 0x18,
    0x01, 0xc3, 0x10, 0x01, 0xa3, 0x10, 0x02, 0x82, 0x08, 0x01, 0xa3, 0x10, 0x01, 0xc3, 0x10, 0x01, 0xc3, 0x18, 0x01, 0xc3, 0x10, 0x01, 0xa3, 0x08,
    0x02, 0x82, 0x08, 0x09, 0x62, 0x08, 0x01, 0x82, 0x08, 0x01, 0x83, 0x08, 0x02, 0xa3, 0x08, 0x01, 0x04, 0x29, 0x01, 0x44, 0x39, 0x02, 0x04, 0x29,
    0x01, 0x65, 0x41, 0x02, 0x04, 0x29, 0x01, 0x65, 0x39, 0x01, 0x44, 0x39, 0x01, 0x04, 0x29, 0x01, 0x24, 0x31, 0x02, 0xa5, 0x49, 0x01, 0x44, 0x31,
    0x01, 0x24, 0x29, 0x01, 0x24, 0x31, 0x01, 0x44, 0x31, 0x01, 0x24, 0x31, 0x01, 0xe4, 0x18, 0x01, 0xc3, 0x10, 0x01, 0xe4, 0x18, 0x01, 0x04, 0x21,
    0x01, 0x24, 0x29, 0x01, 0x24, 0x31, 0x01, 0x24, 0x29, 0x01, 0x24, 0x21, 0x03, 0x04, 0x21, 0x01, 0x04, 0x19, 0x02, 0xe4, 0x18, 0x01, 0x04, 0x19,
    0x12, 0x04, 0x21, 0x02, 0x24, 0x21, 0x03, 0x04, 0x21, 0x01, 0x24, 0x21, 0x06, 0x25, 0x21, 0x02, 0x25, 0x29, 0x01, 0x24, 0x29, 0x04, 0x25, 0x29,
    0x01, 0x45, 0x29, 0x01, 0x25, 0x29, 0x01, 0x45, 0x31, 0x01, 0x65, 0x31, 0x02, 0x45, 0x31, 0x01, 0x45, 0x29, 0x01, 0x45, 0x31, 0x02, 0x65, 0x31,
    0x01, 0x85, 0x39, 0x02, 0x85, 0x41, 0x01, 0x85, 0x39, 0x01, 0x65, 0x39, 0x01, 0x65, 0x31, 0x02, 0x65, 0x39, 0x03, 0x85, 0x39, 0x01, 0x65, 0x39,
    0x08, 0x65, 0x31, 0x01, 0x65, 0x39, 0x01, 0x85, 0x39, 0x02, 0x85, 0x41, 0x01, 0x85, 0x39, 0x21, 0x62, 0x08, 0x05, 0x82, 0x08, 0x02, 0x62, 0x08,
    0x0b, 0x82, 0x08, 0x03, 0x83, 0x08, 0x03, 0x82, 0x08, 0x01, 0x83, 0x08, 0x02, 0x82, 0x08, 0x02, 0x83, 0x08, 0x03, 0xa3, 0x08, 0x09, 0xa3, 0x10,
    0x02, 0xc3, 0x10, 0x04, 0xa3, 0x10, 0x03, 0xc3, 0x10, 0x02, 0xa3, 0x10, 0x03, 0xc3, 0x10, 0x02, 0xa3, 0x10, 0x04, 0xc3, 0x10, 0x07, 0xc3, 0x18,
    0x01, 0xc3, 0x10, 0x0a, 0xc3, 0x18, 0x01, 0xa3, 0x10, 0x01, 0x83, 0x08, 0x02, 0xa3, 0x10, 0x01, 0xc3, 0x10, 0x01, 0xc3, 0x18, 0x01, 0xc3, 0x10,
    0x01, 0xa3, 0x10, 0x07, 0x62, 0x08, 0x01, 0x82, 0x08, 0x05, 0x62, 0x08, 0x01, 0x82, 0x08, 0x01, 0x83, 0x08, 0x01, 0x04, 0x21, 0x01, 0x24, 0x39,
    0x02, 0xe3, 0x20, 0x01, 0x65, 0x39, 0x01, 0x24, 0x31, 0x01, 0x04, 0x29, 0x01, 0x44, 0x31, 0x01, 0x04, 0x21, 0x01, 0xe4, 0x20, 0x01, 0x44, 0x31,
    0x01, 0xa5, 0x49, 0x01, 0x85, 0x41, 0x01, 0x24, 0x29, 0x01, 0xe3, 0x18, 0x01, 0xe4, 0x20, 0x01, 0x24, 0x31, 0x01, 0x04, 0x29, 0x02, 0xc3, 0x10,
    0x01, 0xc4, 0x18, 0x01, 0x04, 0x21, 0x02, 0x24, 0x29, 0x02, 0x04, 0x21, 0x08, 0x04, 0x19, 0x04, 0x04, 0x21, 0x01, 0x04, 0x19, 0x01, 0xe4, 0x18,
    0x01, 0xe4, 0x20, 0x04, 0x04, 0x21, 0x01, 0xe4, 0x18, 0x01, 0x04, 0x19, 0x0a, 0x04, 0x21, 0x03, 0x24, 0x21, 0x0a, 0x04, 0x21, 0x02, 0x24, 0x21,
    0x01, 0x24, 0x29, 0x02, 0x25, 0x29, 0x01, 0x24, 0x29, 0x02, 0x45, 0x29, 0x01, 0x45, 0x31, 0x03, 0x65, 0x31, 0x01, 0x65, 0x39, 0x01, 0x65, 0x31,
    0x03, 0x45, 0x31, 0x03, 0x65, 0x31, 0x01, 0x45, 0x31, 0x04, 0x45, 0x29, 0x02, 0x45, 0x31, 0x01, 0x65, 0x31, 0x01, 0x45, 0x31, 0x02, 0x65, 0x31,
    0x01, 0x65, 0x39, 0x01, 0x85, 0x41, 0x01, 0x85, 0x39, 0x01, 0x65, 0x39, 0x28, 0x62, 0x08, 0x17, 0x82, 0x08, 0x02, 0x83, 0x08, 0x02, 0xa3, 0x08,
    0x01, 0x83, 0x08, 0x02, 0xa3, 0x08, 0x09, 0xa3, 0x10, 0x0a, 0xc3, 0x10, 0x04, 0xa3, 0x10, 0x01, 0xc3, 0x10, 0x02, 0xc3, 0x18, 0x02, 0xc3, 0x10,
    0x02, 0xc3, 0x18, 0x08, 0xc3, 0x10, 0x01, 0xc3, 0x18, 0x01, 0xe4, 0x18, 0x01, 0xc4, 0x18, 0x02, 0xc3, 0x10, 0x04, 0xa3, 0x10, 0x01, 0xc3, 0x10,
    0x02, 0xa3, 0x10, 0x01, 0x82, 0x08, 0x06, 0x62, 0x08, 0x01, 0x82, 0x08, 0x07, 0x62, 0x08, 0x01, 0xe3, 0x20, 0x01, 0x24, 0x31, 0x01, 0xe4, 0x20,
    0x01, 0x04, 0x29, 0x01, 0x65, 0x39, 0x01, 0x24, 0x31, 0x01, 0x04, 0x29, 0x01, 0x24, 0x31, 0x01, 0xe4, 0x18, 0x01, 0xc4, 0x18, 0x01, 0x24, 0x29,
    0x01, 0x44, 0x39, 0x01, 0x24, 0x31, 0x01, 0xe3, 0x18, 0x01, 0xc3, 0x10, 0x01, 0xc3, 0x18, 0x01, 0x04, 0x21, 0x01, 0xe4, 0x20, 0x01, 0xc3, 0x18,
    0x01, 0xc3, 0x10, 0x10, 0xe4, 0x18, 0x01, 0x04, 0x19, 0x01, 0x04, 0x21, 0x0d, 0xe4, 0x18, 0x01, 0x04, 0x19, 0x02, 0x04, 0x21, 0x01, 0x04, 0x19,
    0x0f, 0x04, 0x21, 0x02, 0x24, 0x21, 0x04, 0x24, 0x29, 0x04, 0x45, 0x31, 0x01, 0x65, 0x31, 0x02, 0x65, 0x39, 0x01, 0x45, 0x31, 0x05, 0x25, 0x29,
    0x02, 0x25, 0x21, 0x02, 0x24, 0x21, 0x02, 0x25, 0x29, 0x02, 0x45, 0x29, 0x02, 0x45, 0x31, 0x02, 0x65, 0x31, 0x01, 0x65, 0x39, 0x01, 0x85, 0x39,
    0x01, 0x85, 0x41, 0x01, 0x65, 0x39, 0x27, 0x62, 0x08, 0x06, 0x82, 0x08, 0x01, 0x62, 0x08, 0x10, 0x82, 0x08, 0x07, 0x83, 0x08, 0x10, 0xa3, 0x10,
    0x03, 0xc3, 0x10, 0x05, 0xa3, 0x10, 0x08, 0xc3, 0x10, 0x07, 0xa3, 0x10, 0x04, 0xc3, 0x10, 0x09, 0xa3, 0x10, 0x01, 0x82, 0x08, 0x05, 0x62, 0x08,
    0x01, 0x82, 0x08, 0x07, 0x62, 0x08, 0x01, 0xc3, 0x18, 0x02, 0x04, 0x29, 0x01, 0x44, 0x39, 0x01, 0x85, 0x49, 0x01, 0x24, 0x31, 0x01, 0x04, 0x29,
    0x01, 0x24, 0x31, 0x02, 0xe4, 0x18, 0x01, 0x24, 0x29, 0x01, 0x44, 0x31, 0x01, 0x24, 0x29, 0x01, 0xc3, 0x18, 0x01, 0xa3, 0x10, 0x01, 0xc3, 0x18,
    0x02, 0xe4, 0x20, 0x02, 0xc3, 0x10, 0x03, 0xe4, 0x18, 0x01, 0xe4, 0x20, 0x1c, 0xe4, 0x18, 0x02, 0x04, 0x19, 0x02, 0xe4, 0x18, 0x06, 0x04, 0x19,
    0x03, 0xe4, 0x18, 0x06, 0x04, 0x21, 0x01, 0x04, 0x19, 0x08, 0x04, 0x21, 0x01, 0x24, 0x21, 0x04, 0x24, 0x29, 0x01, 0x24, 0x21, 0x01, 0x25, 0x21,
    0x02, 0x24, 0x21, 0x01, 0x04, 0x21, 0x03, 0x24, 0x21, 0x03, 0x24, 0x29, 0x01, 0x25, 0x29, 0x01, 0x45, 0x29, 0x02, 0x45, 0x31, 0x02, 0x65, 0x31,
    0x03, 0x65, 0x39, 0x26, 0x62, 0x08, 0x03, 0x82, 0x08, 0x05, 0x62, 0x08, 0x10, 0x82, 0x08, 0x01, 0x83, 0x08, 0x03, 0x82, 0x08, 0x06, 0x83, 0x08,
    0x10, 0xa3, 0x10, 0x01, 0xa3, 0x08, 0x01, 0x83, 0x08, 0x03, 0xa3, 0x08, 0x11, 0xa3, 0x10, 0x01, 0xc3, 0x10, 0x0a, 0xa3, 0x10, 0x02, 0x82, 0x08,
    0x0c, 0x62, 0x08, 0x01, 0xc3, 0x18, 0x01, 0x24, 0x31, 0x01, 0x44, 0x39, 0x01, 0x65, 0x41, 0x01, 0x65, 0x39, 0x01, 0x04, 0x29, 0x02, 0xe4, 0x20,
    0x02, 0xc3, 0x10, 0x01, 0x04, 0x21, 0x01, 0x24, 0x31, 0x01, 0x24, 0x29, 0x01, 0xe4, 0x18, 0x02, 0xc3, 0x10, 0x01, 0xe4, 0x18, 0x01, 0xc3, 0x18,
    0x01, 0xc3, 0x10, 0x01, 0xc4, 0x10, 0x01, 0xc4, 0x18, 0x05, 0xe4, 0x18, 0x01, 0xc4, 0x10, 0x02, 0xc4, 0x18, 0x09, 0xe4, 0x18, 0x02, 0xc4, 0x18,
    0x06, 0xe4, 0x18, 0x02, 0xc4, 0x18, 0x12, 0xe4, 0x18, 0x01, 0x04, 0x19, 0x10, 0x04, 0x21, 0x01, 0x04, 0x19, 0x0c, 0x04, 0x21, 0x02, 0x24, 0x21,
    0x03, 0x24, 0x29, 0x01, 0x25, 0x29, 0x01, 0x45, 0x29, 0x02, 0x45, 0x31, 0x01, 0x62, 0x00, 0x2d, 0x62, 0x08, 0x01, 0x82, 0x08, 0x02, 0x62, 0x08,
    0x16, 0x82, 0x08, 0x01, 0x83, 0x08, 0x01, 0x82, 0x08, 0x01, 0x83, 0x08, 0x01, 0xa3, 0x08, 0x0a, 0xa3, 0x10, 0x01, 0xa3, 0x08, 0x03, 0xa3, 0x10,
    0x03, 0xa3, 0x08, 0x05, 0x83, 0x08, 0x03, 0xa3, 0x08, 0x15, 0xa3, 0x10, 0x01, 0x83, 0x08, 0x02, 0x82, 0x08, 0x0a, 0x62, 0x08, 0x01, 0x82, 0x08,
    0x01, 0xa3, 0x10, 0x01, 0xc3, 0x20, 0x01, 0x04, 0x29, 0x01, 0x65, 0x41, 0x01, 0x44, 0x31, 0x01, 0xe4, 0x20, 0x01, 0xe3, 0x18, 0x01, 0xe4, 0x18,
    0x01, 0xa3, 0x10, 0x01, 0xc3, 0x10, 0x01, 0xe4, 0x18, 0x01, 0x04, 0x21, 0x01, 0x24, 0x29, 0x01, 0xe4, 0x18, 0x01, 0xc3, 0x10, 0x01, 0xc3, 0x18,
    0x01, 0xe4, 0x20, 0x01, 0xe4, 0x18, 0x01, 0xc3, 0x10, 0x02, 0xc4, 0x18, 0x01, 0xe4, 0x18, 0x01, 0xc4, 0x18, 0x02, 0xe4, 0x18, 0x01, 0xc4, 0x10,
    0x03, 0xc3, 0x10, 0x01, 0xc4, 0x10, 0x01, 0xc4, 0x18, 0x03, 0xe4, 0x18, 0x01, 0xe4, 0x10, 0x02, 0xe4, 0x18, 0x01, 0xc4, 0x18, 0x08, 0xc4, 0x10,
    0x04, 0xc3, 0x10, 0x01, 0xc4, 0x10, 0x01, 0xc3, 0x10, 0x01, 0xc4, 0x18, 0x12, 0xe4, 0x18, 0x04, 0x04, 0x19, 0x02, 0xe4, 0x18, 0x06, 0x04, 0x21,
    0x04, 0x04, 0x19, 0x0e, 0x04, 0x21, 0x03, 0x24, 0x21, 0x01, 0x04, 0x21, 0x02, 0x62, 0x00, 0x01, 0x62, 0x08, 0x01, 0x62, 0x00, 0x02, 0x62, 0x08,
    0x03, 0x62, 0x00, 0x24, 0x62, 0x08, 0x03, 0x82, 0x08, 0x04, 0x62, 0x08, 0x0e, 0x82, 0x08, 0x01, 0x83, 0x08, 0x08, 0x82, 0x08, 0x03, 0x83, 0x08,
    0x03, 0x82, 0x08, 0x03, 0x83, 0x08, 0x05, 0x82, 0x08, 0x06, 0x83, 0x08, 0x01, 0x82, 0x08, 0x05, 0x83, 0x08, 0x03, 0xa3, 0x08, 0x01, 0xa3, 0x10,
    0x04, 0xa3, 0x08, 0x0d, 0xa3, 0x10, 0x01, 0xa3, 0x08, 0x01, 0x83, 0x08, 0x01, 0x82, 0x08, 0x07, 0x62, 0x08, 0x03, 0x82, 0x08, 0x02, 0xa3, 0x10,
    0x01, 0xe3, 0x20, 0x01, 0x04, 0x29, 0x01, 0xe4, 0x20, 0x03, 0xc3, 0x18, 0x02, 0xa3, 0x10, 0x01, 0xc3, 0x10, 0x01, 0xc3, 0x18, 0x01, 0xe4, 0x18,
    0x12, 0xc3, 0x10, 0x07, 0xc4, 0x10, 0x04, 0xc3, 0x10, 0x01, 0xc4, 0x10, 0x06, 0xc3, 0x10, 0x02, 0xc4, 0x10, 0x04, 0xc3, 0x10, 0x02, 0xc4, 0x18,
    0x02, 0xc4, 0x10, 0x01, 0xc4, 0x18, 0x1b, 0xe4, 0x18, 0x01, 0x04, 0x19, 0x05, 0xe4, 0x18, 0x0c, 0x04, 0x21, 0x01, 0x41, 0x00, 0x01, 0x62, 0x00,
    0x01, 0x61, 0x00, 0x03, 0x62, 0x00, 0x02, 0x41, 0x00, 0x01, 0x62, 0x00, 0x01, 0x62, 0x08, 0x02, 0x42, 0x08, 0x01, 0x62, 0x00, 0x07, 0x62, 0x08,
    0x01, 0x62, 0x00, 0x18, 0x62, 0x08, 0x02, 0x82, 0x08, 0x08, 0x62, 0x08, 0x0c, 0x82, 0x08, 0x01, 0x83, 0x08, 0x07, 0x82, 0x08, 0x01, 0x83, 0x08,
    0x0d, 0x82, 0x08, 0x05, 0x83, 0x08, 0x03, 0x82, 0x08, 0x0b, 0x83, 0x08, 0x04, 0xa3, 0x08, 0x03, 0xa3, 0x10, 0x02, 0xa3, 0x08, 0x01, 0x83, 0x08,
    0x01, 0xa3, 0x08, 0x02, 0xa3, 0x10, 0x02, 0xa3, 0x08, 0x01, 0x83, 0x08, 0x01, 0x82, 0x08, 0x03, 0x62, 0x08, 0x02, 0x41, 0x08, 0x02, 0x62, 0x08,
    0x01, 0x82, 0x08, 0x02, 0x82, 0x10, 0x01, 0x82, 0x08, 0x02, 0xa3, 0x10, 0x02, 0xc3, 0x18, 0x05, 0xa3, 0x10, 0x05, 0xc3, 0x10, 0x01, 0xa3, 0x10,
    0x0d, 0xc3, 0x10, 0x01, 0xa3, 0x10, 0x02, 0xc3, 0x10, 0x02, 0xc4, 0x10, 0x18, 0xc3, 0x10, 0x04, 0xc4, 0x10, 0x01, 0xe4, 0x18, 0x02, 0xc4, 0x18,
    0x28, 0xe4, 0x18, 0x0b, 0x41, 0x00, 0x01, 0x42, 0x00, 0x01, 0x41, 0x08, 0x02, 0x41, 0x00, 0x01, 0x62, 0x00, 0x04, 0x62, 0x08, 0x01, 0x41, 0x00,
    0x01, 0x62, 0x00, 0x25, 0x62, 0x08, 0x1f, 0x82, 0x08, 0x01, 0x83, 0x08, 0x0b, 0x82, 0x08, 0x01, 0x83, 0x08, 0x06, 0x82, 0x08, 0x10, 0x83, 0x08,
    0x02, 0x82, 0x08, 0x02, 0x62, 0x08, 0x02, 0x41, 0x08, 0x01, 0x62, 0x08, 0x03, 0x82, 0x08, 0x01, 0x83, 0x10, 0x02, 0xa3, 0x10, 0x01, 0xa3, 0x08,
    0x0f, 0xa3, 0x10, 0x01, 0xc3, 0x10, 0x0c, 0xa3, 0x10, 0x02, 0xc3, 0x10, 0x01, 0xa3, 0x10, 0x1f, 0xc3, 0x10, 0x01, 0xc3, 0x18, 0x01, 0xc4, 0x18,
    0x02, 0xe4, 0x18, 0x01, 0xc4, 0x18, 0x03, 0xe4, 0x18, 0x03, 0xc4, 0x18, 0x03, 0xc3, 0x18, 0x02, 0xc4, 0x18, 0x02, 0xe4, 0x18, 0x01, 0xc4, 0x18,
    0x14, 0xe4, 0x18, 0x10, 0x41, 0x00, 0x01, 0x41, 0x08, 0x03, 0x41, 0x00, 0x01, 0x61, 0x00, 0x01, 0x41, 0x00, 0x02, 0x41, 0x08, 0x02, 0x62, 0x08,
    0x01, 0x62, 0x00, 0x01, 0x62, 0x08, 0x01, 0x62, 0x00, 0x01, 0x62, 0x08, 0x02, 0x62, 0x00, 0x05, 0x62, 0x08, 0x01, 0x62, 0x00, 0x1a, 0x62, 0x08,
    0x04, 0x82, 0x08, 0x09, 0x62, 0x08, 0x21, 0x82, 0x08, 0x03, 0x83, 0x08, 0x04, 0x82, 0x08, 0x08, 0x83, 0x08, 0x02, 0x82, 0x08, 0x02, 0x62, 0x08,
    0x01, 0x41, 0x08, 0x02, 0x62, 0x08, 0x03, 0x82, 0x08, 0x01, 0x83, 0x08, 0x01, 0xa3, 0x08, 0x01, 0xa3, 0x10, 0x01, 0xa3, 0x08, 0x01, 0x83, 0x08,
    0x01, 0xa3, 0x08, 0x2b, 0xa3, 0x10, 0x01, 0xc3, 0x10, 0x09, 0xa3, 0x10, 0x06, 0xc3, 0x10, 0x01, 0xc3, 0x18, 0x02, 0xe4, 0x18, 0x01, 0xc4, 0x18,
    0x01, 0xc3, 0x18, 0x07, 0xc3, 0x10, 0x01, 0xc4, 0x18, 0x02, 0xc3, 0x18, 0x02, 0xc3, 0x10, 0x03, 0xc3, 0x18, 0x01, 0xc4, 0x18, 0x01, 0xc3, 0x18,
    0x01, 0xc4, 0x18, 0x0e, 0xe4, 0x18, 0x01, 0xc4, 0x18, 0x01, 0xe3, 0x18, 0x01, 0xe4, 0x18, 0x0f, 0x41, 0x00, 0x02, 0x41, 0x08, 0x04, 0x41, 0x00,
    0x01, 0x42, 0x00, 0x02, 0x42, 0x08, 0x04, 0x62, 0x08, 0x04, 0x41, 0x00, 0x02, 0x62, 0x08, 0x01, 0x42, 0x08, 0x03, 0x41, 0x00, 0x01, 0x62, 0x00,
    0x26, 0x62, 0x08, 0x04, 0x82, 0x08, 0x01, 0x62, 0x08, 0x1c, 0x82, 0x08, 0x04, 0x83, 0x08, 0x03, 0x82, 0x08, 0x04, 0x83, 0x08, 0x02, 0x82, 0x08,
    0x01, 0x83, 0x08, 0x01, 0x82, 0x08, 0x01, 0x83, 0x08, 0x02, 0x82, 0x08, 0x03, 0x62, 0x08, 0x04, 0x82, 0x08, 0x07, 0x83, 0x08, 0x04, 0xa3, 0x08,
    0x31, 0xa3, 0x10, 0x01, 0xc3, 0x10, 0x01, 0xa3, 0x10, 0x04, 0xc3, 0x10, 0x03, 0xc3, 0x18, 0x13, 0xc3, 0x10, 0x01, 0xc3, 0x18, 0x01, 0xc3, 0x10,
    0x01, 0xc3, 0x18, 0x03, 0xc4, 0x18, 0x01, 0xc4, 0x10, 0x01, 0xc4, 0x18, 0x02, 0xc3, 0x18, 0x03, 0xc4, 0x18, 0x01, 0xe4, 0x18, 0x01, 0xc4, 0x18,
    0x01, 0xc3, 0x18, 0x01, 0xe4, 0x18, 0x13, 0x41, 0x00, 0x01, 0x42, 0x00, 0x01, 0x41, 0x00, 0x04, 0x62, 0x00, 0x01, 0x62, 0x08, 0x01, 0x62, 0x00,
    0x01, 0x41, 0x08, 0x04, 0x41, 0x00, 0x01, 0x42, 0x00, 0x01, 0x62, 0x08, 0x01, 0x42, 0x08, 0x02, 0x41, 0x00, 0x01, 0x42, 0x00, 0x02, 0x62, 0x00,
    0x24, 0x62, 0x08, 0x01, 0x82, 0x08, 0x06, 0x62, 0x08, 0x0a, 0x82, 0x08, 0x02, 0x62, 0x08, 0x0c, 0x82, 0x08, 0x01, 0x62, 0x08, 0x14, 0x82, 0x08,
    0x04, 0x62, 0x08, 0x08, 0x82, 0x08, 0x07, 0x83, 0x08, 0x01, 0xa3, 0x08, 0x02, 0x83, 0x08, 0x03, 0xa3, 0x08, 0x03, 0xa3, 0x10, 0x01, 0xa3, 0x08,
    0x01, 0xa3, 0x10, 0x02, 0xa3, 0x08, 0x1c, 0xa3, 0x10, 0x03, 0xa3, 0x08, 0x07, 0xa3, 0x10, 0x03, 0xc3, 0x10, 0x02, 0xc3, 0x18, 0x1a, 0xc3, 0x10,
    0x01, 0xc4, 0x10, 0x06, 0xc3, 0x10, 0x01, 0xc3, 0x18, 0x02, 0xe4, 0x18, 0x01, 0xc3, 0x18,
};
static const unsigned int rb_splash_bg_rle_len = sizeof(rb_splash_bg_rle);
#endif
