/* Generated by tools/graphics/make-splash-mark.py from Reborn's boot layout.
 * Images are RGB888 runs (count, red, green, blue) decoded from Reborn's own
 * rendering; the phase table maps milestone names to coarse bar positions.
 * Do not edit by hand. */
#ifndef REBORN_SPLASH_MARK_H
#define REBORN_SPLASH_MARK_H
#define RB_BG 0x090b0du
#define RB_BAR_X 168u
#define RB_BAR_Y 190u
#define RB_BAR_W 144u
#define RB_BAR_H 2u
#define RB_BAR_TRACK 0x2b3036u
#define RB_BAR_FILL 0xf2f0ebu
#define RB_LABEL_X 175u
#define RB_LABEL_Y 206u
#define RB_LABEL_W 131u
#define RB_LABEL_H 13u
typedef struct { unsigned short x, y, w, h; unsigned offset, length; } rb_image;
typedef struct { const char *token; unsigned short fill; unsigned char label; } rb_phase;
static const unsigned char rb_art_rle[] = {
    0x01, 0x19, 0x1a, 0x1c, 0x01, 0x32, 0x33, 0x34, 0x01, 0x41, 0x42, 0x42, 0x06, 0x44, 0x45, 0x46,
    0x01, 0x43, 0x44, 0x44, 0x01, 0x3f, 0x40, 0x40, 0x01, 0x39, 0x3a, 0x3a, 0x01, 0x2e, 0x30, 0x31,
    0x01, 0x1d, 0x1f, 0x20, 0x01, 0x10, 0x12, 0x14, 0x1d, 0x09, 0x0b, 0x0d, 0x01, 0x1d, 0x1f, 0x20,
    0x01, 0x3b, 0x3c, 0x3d, 0x01, 0x43, 0x44, 0x44, 0x01, 0x2f, 0x31, 0x32, 0x01, 0x19, 0x1a, 0x1c,
    0x01, 0x0a, 0x0c, 0x0e, 0x45, 0x09, 0x0b, 0x0d, 0x01, 0x44, 0x45, 0x46, 0x01, 0xa3, 0xa3, 0xa0,
    0x01, 0xdd, 0xdb, 0xd7, 0x05, 0xeb, 0xe9, 0xe4, 0x01, 0xea, 0xe8, 0xe3, 0x01, 0xe2, 0xe1, 0xdc,
    0x01, 0xd3, 0xd1, 0xcd, 0x01, 0xbb, 0xba, 0xb7, 0x01, 0x96, 0x95, 0x93, 0x01, 0x56, 0x56, 0x56,
    0x01, 0x25, 0x27, 0x28, 0x1d, 0x09, 0x0b, 0x0d, 0x01, 0x55, 0x56, 0x55, 0x01, 0xc6, 0xc5, 0xc1,
    0x01, 0xe3, 0xe2, 0xdd, 0x01, 0x9a, 0x9a, 0x97, 0x01, 0x43, 0x44, 0x45, 0x01, 0x0c, 0x0e, 0x10,
    0x45, 0x09, 0x0b, 0x0d, 0x01, 0x46, 0x47, 0x47, 0x01, 0xa9, 0xa8, 0xa5, 0x01, 0xe4, 0xe3, 0xde,
    0x06, 0xf2, 0xf0, 0xeb, 0x01, 0xef, 0xed, 0xe8, 0x01, 0xeb, 0xe9, 0xe4, 0x01, 0xe2, 0xe1, 0xdc,
    0x01, 0xd6, 0xd4, 0xd0, 0x01, 0xc0, 0xbf, 0xbb, 0x01, 0x8d, 0x8d, 0x8b, 0x01, 0x45, 0x46, 0x46,
    0x01, 0x17, 0x18, 0x1a, 0x1b, 0x09, 0x0b, 0x0d, 0x01, 0x58, 0x58, 0x58, 0x01, 0xcd, 0xcb, 0xc7,
    0x01, 0xeb, 0xe9, 0xe4, 0x01, 0x9f, 0x9e, 0x9c, 0x01, 0x45, 0x46, 0x46, 0x01, 0x0c, 0x0e, 0x10,
    0x45, 0x09, 0x0b, 0x0d, 0x01, 0x46, 0x47, 0x47, 0x01, 0xa9, 0xa8, 0xa5, 0x02, 0xe4, 0xe3, 0xde,
    0x01, 0xc8, 0xc7, 0xc3, 0x01, 0x99, 0x99, 0x97, 0x02, 0x98, 0x97, 0x95, 0x01, 0x98, 0x98, 0x96,
    0x01, 0x9f, 0x9e, 0x9c, 0x01, 0xad, 0xac, 0xa9, 0x01, 0xc2, 0xc1, 0xbe, 0x01, 0xe5, 0xe3, 0xdf,
    0x01, 0xed, 0xec, 0xe7, 0x01, 0xd2, 0xd1, 0xcd, 0x01, 0x92, 0x92, 0x90, 0x01, 0x32, 0x33, 0x34,
    0x01, 0x0f, 0x11, 0x13, 0x1a, 0x09, 0x0b, 0x0d, 0x01, 0x58, 0x58, 0x58, 0x01, 0xcd, 0xcb, 0xc7,
    0x01, 0xeb, 0xe9, 0xe4, 0x01, 0x9f, 0x9e, 0x9c, 0x01, 0x45, 0x46, 0x46, 0x01, 0x0c, 0x0e, 0x10,
    0x45, 0x09, 0x0b, 0x0d, 0x01, 0x46, 0x47, 0x47, 0x01, 0xa9, 0xa8, 0xa5, 0x01, 0xe4, 0xe3, 0xde,
    0x01, 0xce, 0xcd, 0xc9, 0x01, 0x86, 0x86, 0x84, 0x01, 0x0e, 0x10, 0x12, 0x02, 0x09, 0x0b, 0x0d,
    0x01, 0x0c, 0x0e, 0x10, 0x01, 0x1a, 0x1c, 0x1e, 0x01, 0x39, 0x3b, 0x3b, 0x01, 0x6e, 0x6f, 0x6e,
    0x01, 0xc2, 0xc0, 0xbd, 0x01, 0xe3, 0xe2, 0xdd, 0x01, 0xf1, 0xef, 0xea, 0x01, 0xe0, 0xde, 0xda,
    0x01, 0x59, 0x5a, 0x5a, 0x01, 0x1d, 0x1f, 0x20, 0x1a, 0x09, 0x0b, 0x0d, 0x01, 0x58, 0x58, 0x58,
    0x01, 0xcd, 0xcb, 0xc7, 0x01, 0xeb, 0xe9, 0xe4, 0x01, 0x9f, 0x9e, 0x9c, 0x01, 0x45, 0x46, 0x46,
    0x01, 0x0c, 0x0e, 0x10, 0x45, 0x09, 0x0b, 0x0d, 0x01, 0x46, 0x47, 0x47, 0x01, 0xa9, 0xa8, 0xa5,
    0x01, 0xe4, 0xe3, 0xde, 0x01, 0xce, 0xcd, 0xc9, 0x01, 0x86, 0x86, 0x84, 0x01, 0x0e, 0x10, 0x12,
    0x02, 0x09, 0x0b, 0x0d, 0x01, 0x0a, 0x0c, 0x0e, 0x01, 0x0d, 0x0f, 0x10, 0x01, 0x13, 0x15, 0x17,
    0x01, 0x28, 0x2a, 0x2b, 0x01, 0x56, 0x56, 0x56, 0x01, 0xbd, 0xbc, 0xb9, 0x01, 0xf2, 0xf0, 0xeb,
    0x01, 0xe7, 0xe5, 0xe1, 0x01, 0x85, 0x85, 0x83, 0x01, 0x39, 0x3b, 0x3b, 0x1a, 0x09, 0x0b, 0x0d,
    0x01, 0x58, 0x58, 0x58, 0x01, 0xcd, 0xcb, 0xc7, 0x01, 0xeb, 0xe9, 0xe4, 0x01, 0x9f, 0x9e, 0x9c,
    0x01, 0x45, 0x46, 0x46, 0x01, 0x0c, 0x0e, 0x10, 0x45, 0x09, 0x0b, 0x0d, 0x01, 0x46, 0x47, 0x47,
    0x01, 0xa9, 0xa8, 0xa5, 0x01, 0xe4, 0xe3, 0xde, 0x01, 0xce, 0xcd, 0xc9, 0x01, 0x86, 0x86, 0x84,
    0x01, 0x0e, 0x10, 0x12, 0x05, 0x09, 0x0b, 0x0d, 0x01, 0x0e, 0x10, 0x12, 0x01, 0x20, 0x21, 0x23,
    0x01, 0xa4, 0xa4, 0xa1, 0x01, 0xed, 0xeb, 0xe6, 0x01, 0xea, 0xe8, 0xe3, 0x01, 0x9f, 0x9e, 0x9c,
    0x01, 0x49, 0x4a, 0x4a, 0x1a, 0x09, 0x0b, 0x0d, 0x01, 0x58, 0x58, 0x58, 0x01, 0xcd, 0xcb, 0xc7,
    0x01, 0xeb, 0xe9, 0xe4, 0x01, 0x9f, 0x9e, 0x9c, 0x01, 0x45, 0x46, 0x46, 0x01, 0x0c, 0x0e, 0x10,
    0x45, 0x09, 0x0b, 0x0d, 0x01, 0x46, 0x47, 0x47, 0x01, 0xa9, 0xa8, 0xa5, 0x01, 0xe4, 0xe3, 0xde,
    0x01, 0xce, 0xcd, 0xc9, 0x01, 0x86, 0x86, 0x84, 0x01, 0x0e, 0x10, 0x12, 0x07, 0x09, 0x0b, 0x0d,
    0x01, 0x97, 0x96, 0x94, 0x01, 0xe7, 0xe5, 0xe1, 0x01, 0xeb, 0xe9, 0xe4, 0x01, 0xab, 0xaa, 0xa7,
    0x01, 0x50, 0x51, 0x51, 0x09, 0x09, 0x0b, 0x0d, 0x01, 0x10, 0x12, 0x14, 0x01, 0x1c, 0x1e, 0x1f,
    0x01, 0x2c, 0x2d, 0x2e, 0x01, 0x35, 0x36, 0x37, 0x01, 0x3b, 0x3c, 0x3d, 0x01, 0x3e, 0x3f, 0x3f,
    0x01, 0x3d, 0x3e, 0x3f, 0x01, 0x38, 0x39, 0x39, 0x01, 0x2e, 0x30, 0x31, 0x01, 0x21, 0x22, 0x24,
    0x01, 0x12, 0x14, 0x16, 0x01, 0x0a, 0x0c, 0x0e, 0x05, 0x09, 0x0b, 0x0d, 0x01, 0x58, 0x58, 0x58,
    0x01, 0xcd, 0xcb, 0xc7, 0x01, 0xeb, 0xe9, 0xe4, 0x01, 0x9f, 0x9e, 0x9c, 0x01, 0x47, 0x48, 0x48,
    0x01, 0x14, 0x16, 0x17, 0x01, 0x23, 0x25, 0x26, 0x01, 0x31, 0x33, 0x33, 0x01, 0x3a, 0x3b, 0x3c,
    0x01, 0x3d, 0x3e, 0x3f, 0x01, 0x3c, 0x3d, 0x3e, 0x01, 0x36, 0x37, 0x38, 0x01, 0x2b, 0x2c, 0x2d,
    0x01, 0x19, 0x1a, 0x1c, 0x01, 0x0d, 0x0f, 0x10, 0x0a, 0x09, 0x0b, 0x0d, 0x01, 0x15, 0x17, 0x18,
    0x01, 0x23, 0x24, 0x25, 0x01, 0x31, 0x33, 0x33, 0x01, 0x39, 0x3a, 0x3a, 0x01, 0x3c, 0x3d, 0x3e,
    0x01, 0x3e, 0x3f, 0x3f, 0x01, 0x3a, 0x3b, 0x3c, 0x01, 0x33, 0x34, 0x35, 0x01, 0x28, 0x2a, 0x2b,
    0x01, 0x17, 0x18, 0x1a, 0x01, 0x0e, 0x0f, 0x11, 0x07, 0x09, 0x0b, 0x0d, 0x01, 0x1b, 0x1d, 0x1e,
    0x01, 0x37, 0x38, 0x39, 0x01, 0x3e, 0x3f, 0x3f, 0x01, 0x2c, 0x2d, 0x2e, 0x01, 0x19, 0x1b, 0x1d,
    0x01, 0x11, 0x13, 0x15, 0x01, 0x23, 0x24, 0x25, 0x01, 0x30, 0x32, 0x32, 0x01, 0x39, 0x3b, 0x3b,
    0x01, 0x3d, 0x3e, 0x3f, 0x01, 0x3b, 0x3c, 0x3d, 0x01, 0x2d, 0x2e, 0x2f, 0x01, 0x0c, 0x0e, 0x10,
    0x01, 0x09, 0x0b, 0x0d, 0x01, 0x1b, 0x1d, 0x1e, 0x01, 0x37, 0x38, 0x39, 0x01, 0x3e, 0x3f, 0x3f,
    0x01, 0x2c, 0x2d, 0x2e, 0x01, 0x19, 0x1a, 0x1c, 0x01, 0x0f, 0x11, 0x13, 0x01, 0x22, 0x23, 0x25,
    0x01, 0x2f, 0x31, 0x32, 0x01, 0x39, 0x3b, 0x3b, 0x01, 0x3d, 0x3e, 0x3f, 0x01, 0x3c, 0x3d, 0x3e,
    0x01, 0x38, 0x39, 0x39, 0x01, 0x2e, 0x30, 0x31, 0x01, 0x1b, 0x1d, 0x1e, 0x01, 0x0e, 0x10, 0x12,
    0x03, 0x09, 0x0b, 0x0d, 0x01, 0x46, 0x47, 0x47, 0x01, 0xa9, 0xa8, 0xa5, 0x01, 0xe4, 0xe3, 0xde,
    0x01, 0xce, 0xcd, 0xc9, 0x01, 0x86, 0x86, 0x84, 0x01, 0x0e, 0x10, 0x12, 0x07, 0x09, 0x0b, 0x0d,
    0x01, 0x98, 0x97, 0x95, 0x01, 0xe8, 0xe6, 0xe1, 0x01, 0xeb, 0xe9, 0xe4, 0x01, 0xa6, 0xa5, 0xa3,
    0x01, 0x4e, 0x4e, 0x4e, 0x09, 0x09, 0x0b, 0x0d, 0x01, 0x25, 0x27, 0x28, 0x01, 0x55, 0x56, 0x55,
    0x01, 0x96, 0x95, 0x93, 0x01, 0xbb, 0xba, 0xb7, 0x01, 0xd4, 0xd2, 0xce, 0x01, 0xdf, 0xdd, 0xd9,
    0x01, 0xda, 0xd9, 0xd4, 0x01, 0xc6, 0xc5, 0xc1, 0x01, 0xa2, 0xa1, 0x9e, 0x01, 0x6b, 0x6b, 0x6a,
    0x01, 0x2d, 0x2e, 0x2f, 0x01, 0x0d, 0x0f, 0x10, 0x05, 0x09, 0x0b, 0x0d, 0x01, 0x58, 0x58, 0x58,
    0x01, 0xcd, 0xcb, 0xc7, 0x01, 0xeb, 0xe9, 0xe4, 0x01, 0x9f, 0x9e, 0x9c, 0x01, 0x4e, 0x4e, 0x4e,
    0x01, 0x2e, 0x30, 0x31, 0x01, 0x74, 0x74, 0x73, 0x01, 0xac, 0xab, 0xa8, 0x01, 0xd0, 0xcf, 0xcb,
    0x01, 0xdc, 0xda, 0xd6, 0x01, 0xd7, 0xd5, 0xd1, 0x01, 0xbf, 0xbe, 0xba, 0x01, 0x92, 0x92, 0x90,
    0x01, 0x47, 0x48, 0x48, 0x01, 0x19, 0x1a, 0x1c, 0x09, 0x09, 0x0b, 0x0d, 0x01, 0x0b, 0x0d, 0x0f,
    0x01, 0x39, 0x3a, 0x3a, 0x01, 0x72, 0x72, 0x71, 0x01, 0xac, 0xab, 0xa8, 0x01, 0xc9, 0xc8, 0xc4,
    0x01, 0xda, 0xd9, 0xd4, 0x01, 0xdf, 0xdd, 0xd9, 0x01, 0xd2, 0xd1, 0xcd, 0x01, 0xb4, 0xb3, 0xb0,
    0x01, 0x85, 0x85, 0x83, 0x01, 0x40, 0x41, 0x41, 0x01, 0x1a, 0x1c, 0x1e, 0x07, 0x09, 0x0b, 0x0d,
    0x01, 0x53, 0x54, 0x54, 0x01, 0xc2, 0xc0, 0xbd, 0x01, 0xde, 0xdc, 0xd8, 0x01, 0x97, 0x96, 0x94,
    0x01, 0x4a, 0x4b, 0x4b, 0x01, 0x2b, 0x2c, 0x2d, 0x01, 0x6f, 0x70, 0x6f, 0x01, 0xa8, 0xa7, 0xa4,
    0x01, 0xcc, 0xca, 0xc6, 0x01, 0xdb, 0xda, 0xd5, 0x01, 0xd3, 0xd1, 0xcd, 0x01, 0x9b, 0x9b, 0x98,
    0x01, 0x13, 0x15, 0x17, 0x01, 0x09, 0x0b, 0x0d, 0x01, 0x53, 0x54, 0x54, 0x01, 0xc2, 0xc0, 0xbd,
    0x01, 0xde, 0xdc, 0xd8, 0x01, 0x97, 0x96, 0x94, 0x01, 0x48, 0x49, 0x49, 0x01, 0x24, 0x26, 0x27,
    0x01, 0x6c, 0x6c, 0x6b, 0x01, 0xa6, 0xa5, 0xa3, 0x01, 0xcd, 0xcc, 0xc8, 0x01, 0xdc, 0xda, 0xd6,
    0x01, 0xd9, 0xd8, 0xd3, 0x01, 0xc6, 0xc5, 0xc1, 0x01, 0x9f, 0x9e, 0x9c, 0x01, 0x52, 0x53, 0x53,
    0x01, 0x20, 0x21, 0x23, 0x03, 0x09, 0x0b, 0x0d, 0x01, 0x46, 0x47, 0x47, 0x01, 0xa9, 0xa8, 0xa5,
    0x01, 0xe4, 0xe3, 0xde, 0x01, 0xce, 0xcd, 0xc9, 0x01, 0x86, 0x86, 0x84, 0x01, 0x0e, 0x10, 0x12,
    0x05, 0x09, 0x0b, 0x0d, 0x01, 0x11, 0x13, 0x15, 0x01, 0x2b, 0x2c, 0x2d, 0x01, 0xaa, 0xa9, 0xa6,
    0x01, 0xee, 0xec, 0xe8, 0x01, 0xe8, 0xe6, 0xe1, 0x01, 0x91, 0x91, 0x8f, 0x01, 0x41, 0x42, 0x42,
    0x07, 0x09, 0x0b, 0x0d, 0x01, 0x14, 0x16, 0x17, 0x01, 0x51, 0x52, 0x52, 0x01, 0x8d, 0x8d, 0x8b,
    0x01, 0xbd, 0xbc, 0xb9, 0x01, 0xd5, 0xd3, 0xcf, 0x01, 0xe2, 0xe1, 0xdc, 0x01, 0xec, 0xea, 0xe5,
    0x01, 0xf0, 0xee, 0xe9, 0x01, 0xee, 0xec, 0xe8, 0x01, 0xe7, 0xe5, 0xe1, 0x01, 0xd9, 0xd8, 0xd3,
    0x01, 0xc5, 0xc4, 0xc0, 0x01, 0x98, 0x98, 0x96, 0x01, 0x58, 0x59, 0x59, 0x01, 0x11, 0x13, 0x15,
    0x01, 0x0b, 0x0d, 0x0f, 0x03, 0x09, 0x0b, 0x0d, 0x01, 0x58, 0x58, 0x58, 0x01, 0xcd, 0xcb, 0xc7,
    0x01, 0xeb, 0xe9, 0xe4, 0x01, 0xb3, 0xb2, 0xaf, 0x01, 0x8a, 0x8a, 0x88, 0x01, 0xa9, 0xa8, 0xa5,
    0x01, 0xc7, 0xc6, 0xc2, 0x01, 0xdd, 0xdb, 0xd7, 0x01, 0xeb, 0xe9, 0xe4, 0x01, 0xef, 0xed, 0xe8,
    0x01, 0xed, 0xeb, 0xe6, 0x01, 0xe4, 0xe3, 0xde, 0x01, 0xd4, 0xd2, 0xce, 0x01, 0xb1, 0xb0, 0xad,
    0x01, 0x73, 0x73, 0x72, 0x01, 0x23, 0x24, 0x25, 0x01, 0x0f, 0x11, 0x13, 0x05, 0x09, 0x0b, 0x0d,
    0x01, 0x0c, 0x0e, 0x10, 0x01, 0x1d, 0x1f, 0x20, 0x01, 0x69, 0x69, 0x68, 0x01, 0xa1, 0xa0, 0x9e,
    0x01, 0xc8, 0xc7, 0xc3, 0x01, 0xdd, 0xdb, 0xd7, 0x01, 0xe8, 0xe6, 0xe1, 0x01, 0xee, 0xec, 0xe8,
    0x01, 0xf0, 0xee, 0xe9, 0x01, 0xeb, 0xe9, 0xe4, 0x01, 0xe0, 0xde, 0xda, 0x01, 0xcf, 0xce, 0xca,
    0x01, 0xb6, 0xb5, 0xb2, 0x01, 0x74, 0x74, 0x73, 0x01, 0x38, 0x39, 0x39, 0x06, 0x09, 0x0b, 0x0d,
    0x01, 0x58, 0x58, 0x58, 0x01, 0xcd, 0xcb, 0xc7, 0x01, 0xeb, 0xe9, 0xe4, 0x01, 0xb3, 0xb2, 0xaf,
    0x01, 0x89, 0x89, 0x87, 0x01, 0xa7, 0xa6, 0xa4, 0x01, 0xc5, 0xc4, 0xc0, 0x01, 0xdc, 0xda, 0xd6,
    0x01, 0xe9, 0xe7, 0xe2, 0x01, 0xee, 0xec, 0xe8, 0x01, 0xe2, 0xe0, 0xdb, 0x01, 0xa4, 0xa4, 0xa1,
    0x01, 0x14, 0x16, 0x17, 0x01, 0x09, 0x0b, 0x0d, 0x01, 0x58, 0x58, 0x58, 0x01, 0xcd, 0xcb, 0xc7,
    0x01, 0xeb, 0xe9, 0xe4, 0x01, 0xb1, 0xb0, 0xad, 0x01, 0x85, 0x85, 0x83, 0x01, 0xa2, 0xa1, 0x9e,
    0x01, 0xc2, 0xc1, 0xbe, 0x01, 0xdb, 0xda, 0xd5, 0x01, 0xea, 0xe8, 0xe3, 0x01, 0xef, 0xed, 0xe8,
    0x01, 0xed, 0xec, 0xe7, 0x01, 0xe7, 0xe5, 0xe1, 0x01, 0xd8, 0xd7, 0xd3, 0x01, 0xb8, 0xb7, 0xb3,
    0x01, 0x76, 0x76, 0x75, 0x01, 0x21, 0x22, 0x24, 0x01, 0x0e, 0x10, 0x12, 0x01, 0x09, 0x0b, 0x0d,
    0x01, 0x46, 0x47, 0x47, 0x01, 0xa9, 0xa8, 0xa5, 0x01, 0xe4, 0xe3, 0xde, 0x01, 0xce, 0xcd, 0xc9,
    0x01, 0x86, 0x86, 0x84, 0x01, 0x0e, 0x10, 0x12, 0x02, 0x09, 0x0b, 0x0d, 0x01, 0x0a, 0x0c, 0x0e,
    0x01, 0x0f, 0x11, 0x13, 0x01, 0x1d, 0x1f, 0x20, 0x01, 0x3a, 0x3b, 0x3c, 0x01, 0x73, 0x73, 0x72,
    0x01, 0xc8, 0xc7, 0xc3, 0x01, 0xef, 0xed, 0xe8, 0x01, 0xdd, 0xdb, 0xd7, 0x01, 0x6c, 0x6c, 0x6b,
    0x01, 0x2a, 0x2b, 0x2c, 0x06, 0x09, 0x0b, 0x0d, 0x01, 0x1a, 0x1c, 0x1e, 0x01, 0x42, 0x43, 0x43,
    0x01, 0x9c, 0x9c, 0x99, 0x01, 0xd2, 0xd1, 0xcd, 0x01, 0xe4, 0xe3, 0xde, 0x01, 0xca, 0xc8, 0xc5,
    0x01, 0xb4, 0xb3, 0xb0, 0x01, 0xa6, 0xa5, 0xa3, 0x01, 0xa1, 0xa0, 0x9e, 0x01, 0xa4, 0xa4, 0xa1,
    0x01, 0xb1, 0xb0, 0xad, 0x01, 0xc6, 0xc5, 0xc1, 0x01, 0xe6, 0xe4, 0xe0, 0x01, 0xd9, 0xd8, 0xd3,
    0x01, 0x9f, 0x9e, 0x9c, 0x01, 0x43, 0x44, 0x45, 0x01, 0x17, 0x18, 0x1a, 0x03, 0x09, 0x0b, 0x0d,
    0x01, 0x58, 0x58, 0x58, 0x01, 0xcd, 0xcb, 0xc7, 0x01, 0xeb, 0xe9, 0xe4, 0x01, 0xd1, 0xd0, 0xcc,
    0x01, 0xc2, 0xc0, 0xbd, 0x01, 0xe3, 0xe2, 0xdd, 0x01, 0xc6, 0xc5, 0xc1, 0x01, 0xaf, 0xae, 0xab,
    0x02, 0xa1, 0xa0, 0x9e, 0x01, 0xad, 0xac, 0xa9, 0x01, 0xc3, 0xc2, 0xbf, 0x01, 0xe5, 0xe3, 0xdf,
    0x01, 0xe8, 0xe6, 0xe1, 0x01, 0xba, 0xb9, 0xb6, 0x01, 0x66, 0x67, 0x66, 0x01, 0x21, 0x22, 0x24,
    0x01, 0x0a, 0x0c, 0x0e, 0x04, 0x09, 0x0b, 0x0d, 0x01, 0x22, 0x23, 0x25, 0x01, 0x57, 0x57, 0x57,
    0x01, 0xb5, 0xb4, 0xb1, 0x01, 0xe0, 0xde, 0xda, 0x01, 0xe5, 0xe3, 0xdf, 0x01, 0xc7, 0xc6, 0xc2,
    0x01, 0xb0, 0xaf, 0xac, 0x01, 0xa3, 0xa3, 0xa0, 0x01, 0xa1, 0xa0, 0x9e, 0x01, 0xaa, 0xa9, 0xa6,
    0x01, 0xc3, 0xc2, 0xbf, 0x01, 0xdf, 0xdd, 0xd9, 0x01, 0xf1, 0xef, 0xea, 0x01, 0xc0, 0xbf, 0xbb,
    0x01, 0x77, 0x77, 0x75, 0x01, 0x23, 0x24, 0x25, 0x01, 0x0e, 0x10, 0x12, 0x04, 0x09, 0x0b, 0x0d,
    0x01, 0x58, 0x58, 0x58, 0x01, 0xcd, 0xcb, 0xc7, 0x01, 0xeb, 0xe9, 0xe4, 0x01, 0xd0, 0xcf, 0xcb,
    0x01, 0xc0, 0xbf, 0xbb, 0x01, 0xe0, 0xde, 0xda, 0x01, 0xc4, 0xc3, 0xbf, 0x01, 0xae, 0xae, 0xab,
    0x01, 0xa2, 0xa1, 0x9e, 0x01, 0x9e, 0x9d, 0x9b, 0x01, 0x93, 0x93, 0x90, 0x01, 0x6c, 0x6c, 0x6b,
    0x01, 0x10, 0x12, 0x14, 0x01, 0x09, 0x0b, 0x0d, 0x01, 0x58, 0x58, 0x58, 0x01, 0xcd, 0xcb, 0xc7,
    0x01, 0xeb, 0xe9, 0xe4, 0x01, 0xcf, 0xce, 0xca, 0x01, 0xbd, 0xbc, 0xb9, 0x01, 0xdc, 0xda, 0xd6,
    0x01, 0xc4, 0xc3, 0xbf, 0x01, 0xb1, 0xb0, 0xad, 0x01, 0xa4, 0xa4, 0xa1, 0x01, 0xa3, 0xa2, 0x9f,
    0x01, 0xad, 0xad, 0xaa, 0x01, 0xc3, 0xc2, 0xbf, 0x01, 0xe7, 0xe5, 0xe1, 0x01, 0xea, 0xe8, 0xe3,
    0x01, 0xb7, 0xb6, 0xb2, 0x01, 0x58, 0x58, 0x58, 0x01, 0x1b, 0x1d, 0x1e, 0x01, 0x09, 0x0b, 0x0d,
    0x01, 0x46, 0x47, 0x47, 0x01, 0xa9, 0xa8, 0xa5, 0x01, 0xe4, 0xe3, 0xde, 0x01, 0xd1, 0xd0, 0xcc,
    0x01, 0x8e, 0x8e, 0x8c, 0x01, 0x20, 0x21, 0x23, 0x02, 0x1b, 0x1d, 0x1e, 0x01, 0x1e, 0x20, 0x21,
    0x01, 0x2c, 0x2d, 0x2e, 0x01, 0x4d, 0x4d, 0x4d, 0x01, 0x83, 0x82, 0x81, 0x01, 0xd5, 0xd3, 0xcf,
    0x01, 0xe8, 0xe6, 0xe1, 0x01, 0xe2, 0xe1, 0xdc, 0x01, 0xbf, 0xbe, 0xba, 0x01, 0x3a, 0x3b, 0x3c,
    0x01, 0x0e, 0x10, 0x12, 0x05, 0x09, 0x0b, 0x0d, 0x01, 0x0a, 0x0c, 0x0e, 0x01, 0x3c, 0x3d, 0x3e,
    0x01, 0x8f, 0x8f, 0x8d, 0x01, 0xe0, 0xde, 0xda, 0x01, 0xe6, 0xe4, 0xe0, 0x01, 0xc2, 0xc0, 0xbd,
    0x01, 0x7a, 0x7a, 0x79, 0x01, 0x44, 0x45, 0x46, 0x01, 0x22, 0x23, 0x25, 0x01, 0x13, 0x15, 0x17,
    0x01, 0x1c, 0x1e, 0x1f, 0x01, 0x3c, 0x3d, 0x3e, 0x01, 0x73, 0x73, 0x72, 0x01, 0xc5, 0xc4, 0xc0,
    0x01, 0xe5, 0xe3, 0xdf, 0x01, 0xd6, 0xd4, 0xd0, 0x01, 0x99, 0x99, 0x97, 0x01, 0x2c, 0x2d, 0x2e,
    0x01, 0x0a, 0x0c, 0x0e, 0x02, 0x09, 0x0b, 0x0d, 0x01, 0x58, 0x58, 0x58, 0x01, 0xcd, 0xcb, 0xc7,
    0x01, 0xeb, 0xe9, 0xe4, 0x01, 0xf2, 0xf0, 0xeb, 0x01, 0xe8, 0xe6, 0xe1, 0x01, 0xcd, 0xcc, 0xc8,
    0x01, 0x78, 0x78, 0x76, 0x01, 0x39, 0x3a, 0x3a, 0x01, 0x14, 0x16, 0x17, 0x01, 0x13, 0x15, 0x17,
    0x01, 0x31, 0x33, 0x33, 0x01, 0x6b, 0x6b, 0x6a, 0x01, 0xc3, 0xc2, 0xbf, 0x01, 0xe4, 0xe3, 0xde,
    0x01, 0xe7, 0xe5, 0xe1, 0x01, 0xc5, 0xc4, 0xc0, 0x01, 0x3f, 0x40, 0x40, 0x01, 0x10, 0x12, 0x14,
    0x03, 0x09, 0x0b, 0x0d, 0x01, 0x0b, 0x0d, 0x0f, 0x01, 0x4a, 0x4b, 0x4b, 0x01, 0xac, 0xab, 0xa8,
    0x01, 0xe4, 0xe3, 0xde, 0x01, 0xeb, 0xe9, 0xe4, 0x01, 0xc7, 0xc6, 0xc2, 0x01, 0x74, 0x74, 0x73,
    0x01, 0x3a, 0x3b, 0x3c, 0x01, 0x19, 0x1b, 0x1d, 0x01, 0x12, 0x14, 0x16, 0x01, 0x2a, 0x2b, 0x2c,
    0x01, 0x6b, 0x6b, 0x6a, 0x01, 0xb2, 0xb1, 0xae, 0x01, 0xe9, 0xe7, 0xe2, 0x01, 0xf0, 0xee, 0xe9,
    0x01, 0xbc, 0xbb, 0xb8, 0x01, 0x57, 0x57, 0x57, 0x01, 0x1a, 0x1c, 0x1e, 0x04, 0x09, 0x0b, 0x0d,
    0x01, 0x58, 0x58, 0x58, 0x01, 0xcd, 0xcb, 0xc7, 0x01, 0xeb, 0xe9, 0xe4, 0x01, 0xf2, 0xf0, 0xeb,
    0x01, 0xe6, 0xe4, 0xe0, 0x01, 0xc5, 0xc4, 0xc0, 0x01, 0x72, 0x72, 0x71, 0x01, 0x37, 0x38, 0x39,
    0x01, 0x15, 0x17, 0x18, 0x01, 0x0c, 0x0e, 0x10, 0x04, 0x09, 0x0b, 0x0d, 0x01, 0x58, 0x58, 0x58,
    0x01, 0xcd, 0xcb, 0xc7, 0x01, 0xeb, 0xe9, 0xe4, 0x01, 0xf1, 0xef, 0xea, 0x01, 0xe5, 0xe3, 0xdf,
    0x01, 0xc4, 0xc3, 0xbf, 0x01, 0x74, 0x74, 0x73, 0x01, 0x3b, 0x3c, 0x3d, 0x01, 0x1d, 0x1f, 0x20,
    0x01, 0x19, 0x1a, 0x1c, 0x01, 0x33, 0x34, 0x35, 0x01, 0x6d, 0x6d, 0x6c, 0x01, 0xcb, 0xc9, 0xc6,
    0x01, 0xe7, 0xe5, 0xe1, 0x01, 0xdb, 0xda, 0xd5, 0x01, 0xa5, 0xa5, 0xa2, 0x01, 0x2d, 0x2e, 0x2f,
    0x01, 0x09, 0x0b, 0x0d, 0x01, 0x46, 0x47, 0x47, 0x01, 0xa9, 0xa8, 0xa5, 0x01, 0xe4, 0xe3, 0xde,
    0x01, 0xeb, 0xe9, 0xe4, 0x01, 0xdb, 0xda, 0xd5, 0x01, 0xc2, 0xc0, 0xbd, 0x02, 0xc1, 0xc0, 0xbc,
    0x01, 0xc2, 0xc0, 0xbd, 0x01, 0xc4, 0xc3, 0xbf, 0x01, 0xcd, 0xcb, 0xc7, 0x01, 0xd8, 0xd7, 0xd3,
    0x01, 0xec, 0xea, 0xe5, 0x01, 0xd7, 0xd5, 0xd1, 0x01, 0x9f, 0x9e, 0x9c, 0x01, 0x4c, 0x4d, 0x4d,
    0x01, 0x1a, 0x1c, 0x1e, 0x01, 0x0a, 0x0c, 0x0e, 0x05, 0x09, 0x0b, 0x0d, 0x01, 0x14, 0x16, 0x17,
    0x01, 0x65, 0x66, 0x65, 0x01, 0xd6, 0xd4, 0xd0, 0x01, 0xed, 0xeb, 0xe6, 0x01, 0xa9, 0xa8, 0xa5,
    0x01, 0x58, 0x59, 0x59, 0x01, 0x24, 0x26, 0x27, 0x01, 0x17, 0x18, 0x1a, 0x01, 0x0e, 0x10, 0x12,
    0x01, 0x0c, 0x0e, 0x10, 0x01, 0x0e, 0x0f, 0x11, 0x01, 0x15, 0x17, 0x18, 0x01, 0x28, 0x2a, 0x2b,
    0x01, 0x52, 0x53, 0x53, 0x01, 0xb8, 0xb7, 0xb4, 0x01, 0xe9, 0xe7, 0xe2, 0x01, 0xd1, 0xd0, 0xcc,
    0x01, 0x48, 0x49, 0x49, 0x01, 0x15, 0x17, 0x18, 0x02, 0x09, 0x0b, 0x0d, 0x01, 0x58, 0x58, 0x58,
    0x01, 0xcd, 0xcb, 0xc7, 0x01, 0xeb, 0xe9, 0xe4, 0x01, 0xf1, 0xef, 0xea, 0x01, 0xc9, 0xc8, 0xc4,
    0x01, 0x5b, 0x5c, 0x5b, 0x01, 0x2d, 0x2e, 0x2f, 0x01, 0x14, 0x16, 0x17, 0x02, 0x0c, 0x0e, 0x10,
    0x01, 0x12, 0x14, 0x16, 0x01, 0x26, 0x28, 0x29, 0x01, 0x50, 0x51, 0x51, 0x01, 0xba, 0xb9, 0xb6,
    0x01, 0xee, 0xec, 0xe8, 0x01, 0xe0, 0xde, 0xda, 0x01, 0x72, 0x72, 0x71, 0x01, 0x2e, 0x2f, 0x30,
    0x03, 0x09, 0x0b, 0x0d, 0x01, 0x1c, 0x1e, 0x1f, 0x01, 0x70, 0x70, 0x6f, 0x01, 0xe2, 0xe0, 0xdb,
    0x01, 0xef, 0xed, 0xe8, 0x01, 0xba, 0xb9, 0xb6, 0x01, 0x70, 0x70, 0x6f, 0x01, 0x24, 0x26, 0x27,
    0x01, 0x14, 0x16, 0x17, 0x01, 0x0d, 0x0f, 0x10, 0x01, 0x0b, 0x0d, 0x0f, 0x01, 0x10, 0x12, 0x14,
    0x01, 0x20, 0x21, 0x23, 0x01, 0x4f, 0x50, 0x50, 0x01, 0xb9, 0xb8, 0xb5, 0x01, 0xe2, 0xe0, 0xdb,
    0x01, 0xdb, 0xda, 0xd5, 0x01, 0xa5, 0xa5, 0xa2, 0x01, 0x2d, 0x2e, 0x2f, 0x04, 0x09, 0x0b, 0x0d,
    0x01, 0x58, 0x58, 0x58, 0x01, 0xcd, 0xcb, 0xc7, 0x01, 0xeb, 0xe9, 0xe4, 0x01, 0xef, 0xed, 0xe8,
    0x01, 0xc2, 0xc1, 0xbe, 0x01, 0x4e, 0x4f, 0x4f, 0x01, 0x28, 0x2a, 0x2b, 0x01, 0x13, 0x15, 0x17,
    0x01, 0x0c, 0x0e, 0x10, 0x01, 0x0a, 0x0c, 0x0e, 0x04, 0x09, 0x0b, 0x0d, 0x01, 0x58, 0x58, 0x58,
    0x01, 0xcd, 0xcb, 0xc7, 0x01, 0xeb, 0xe9, 0xe4, 0x01, 0xea, 0xe8, 0xe3, 0x01, 0xba, 0xb9, 0xb6,
    0x01, 0x48, 0x49, 0x49, 0x01, 0x26, 0x28, 0x29, 0x01, 0x15, 0x17, 0x18, 0x01, 0x0e, 0x0f, 0x11,
    0x01, 0x0d, 0x0f, 0x10, 0x01, 0x13, 0x15, 0x17, 0x01, 0x2e, 0x2f, 0x30, 0x01, 0x6f, 0x70, 0x6f,
    0x01, 0xc7, 0xc6, 0xc2, 0x01, 0xec, 0xea, 0xe5, 0x01, 0xce, 0xcd, 0xc9, 0x01, 0x39, 0x3b, 0x3b,
    0x01, 0x0b, 0x0d, 0x0f, 0x01, 0x46, 0x47, 0x47, 0x01, 0xa9, 0xa8, 0xa5, 0x01, 0xe4, 0xe3, 0xde,
    0x08, 0xf2, 0xf0, 0xeb, 0x01, 0xf0, 0xee, 0xe9, 0x01, 0xec, 0xea, 0xe5, 0x01, 0xa9, 0xa8, 0xa5,
    0x01, 0x5f, 0x5f, 0x5f, 0x01, 0x19, 0x1b, 0x1d, 0x01, 0x0d, 0x0f, 0x10, 0x06, 0x09, 0x0b, 0x0d,
    0x01, 0x30, 0x32, 0x32, 0x01, 0x88, 0x88, 0x86, 0x01, 0xec, 0xea, 0xe5, 0x01, 0xde, 0xdc, 0xd8,
    0x01, 0x7a, 0x7a, 0x79, 0x01, 0x22, 0x23, 0x25, 0x01, 0x0a, 0x0c, 0x0e, 0x05, 0x09, 0x0b, 0x0d,
    0x01, 0x0e, 0x0f, 0x11, 0x01, 0x1c, 0x1e, 0x1f, 0x01, 0x96, 0x95, 0x93, 0x01, 0xe0, 0xde, 0xda,
    0x01, 0xe4, 0xe3, 0xde, 0x01, 0x67, 0x67, 0x67, 0x01, 0x26, 0x28, 0x29, 0x02, 0x09, 0x0b, 0x0d,
    0x01, 0x58, 0x58, 0x58, 0x01, 0xcd, 0xcb, 0xc7, 0x01, 0xeb, 0xe9, 0xe4, 0x01, 0xdd, 0xdb, 0xd7,
    0x01, 0x9f, 0x9e, 0x9c, 0x01, 0x24, 0x26, 0x27, 0x01, 0x10, 0x12, 0x14, 0x04, 0x09, 0x0b, 0x0d,
    0x01, 0x0e, 0x0f, 0x11, 0x01, 0x1b, 0x1d, 0x1e, 0x01, 0x8d, 0x8d, 0x8b, 0x01, 0xd8, 0xd6, 0xd2,
    0x01, 0xea, 0xe8, 0xe3, 0x01, 0x9e, 0x9d, 0x9b, 0x01, 0x48, 0x49, 0x49, 0x03, 0x09, 0x0b, 0x0d,
    0x01, 0x39, 0x3b, 0x3b, 0x01, 0x91, 0x91, 0x8f, 0x01, 0xf0, 0xee, 0xe9, 0x01, 0xea, 0xe8, 0xe3,
    0x01, 0x8d, 0x8c, 0x8a, 0x01, 0x32, 0x33, 0x34, 0x01, 0x0b, 0x0d, 0x0f, 0x04, 0x09, 0x0b, 0x0d,
    0x01, 0x0a, 0x0c, 0x0e, 0x01, 0x24, 0x26, 0x27, 0x01, 0x74, 0x74, 0x73, 0x01, 0xc9, 0xc8, 0xc4,
    0x01, 0xec, 0xea, 0xe5, 0x01, 0xcf, 0xce, 0xca, 0x01, 0x43, 0x44, 0x44, 0x01, 0x11, 0x13, 0x15,
    0x03, 0x09, 0x0b, 0x0d, 0x01, 0x58, 0x58, 0x58, 0x01, 0xcd, 0xcb, 0xc7, 0x01, 0xeb, 0xe9, 0xe4,
    0x01, 0xd7, 0xd5, 0xd1, 0x01, 0x95, 0x94, 0x92, 0x01, 0x1d, 0x1f, 0x20, 0x01, 0x0e, 0x0f, 0x11,
    0x07, 0x09, 0x0b, 0x0d, 0x01, 0x58, 0x58, 0x58, 0x01, 0xcd, 0xcb, 0xc7, 0x01, 0xeb, 0xe9, 0xe4,
    0x01, 0xd0, 0xcf, 0xcb, 0x01, 0x8a, 0x8a, 0x88, 0x01, 0x19, 0x1a, 0x1c, 0x01, 0x0d, 0x0f, 0x10,
    0x04, 0x09, 0x0b, 0x0d, 0x01, 0x15, 0x17, 0x18, 0x01, 0x38, 0x39, 0x39, 0x01, 0xb3, 0xb2, 0xaf,
    0x01, 0xf1, 0xef, 0xea, 0x01, 0xdf, 0xdd, 0xd9, 0x01, 0x48, 0x49, 0x49, 0x01, 0x12, 0x14, 0x16,
    0x01, 0x46, 0x47, 0x47, 0x01, 0xa9, 0xa8, 0xa5, 0x01, 0xe4, 0xe3, 0xde, 0x01, 0xeb, 0xe9, 0xe4,
    0x01, 0xdb, 0xda, 0xd5, 0x01, 0xc2, 0xc0, 0xbd, 0x01, 0xc1, 0xc0, 0xbc, 0x01, 0xc2, 0xc0, 0xbd,
    0x01, 0xc3, 0xc2, 0xbf, 0x01, 0xc9, 0xc8, 0xc4, 0x01, 0xd7, 0xd5, 0xd1, 0x01, 0xe2, 0xe1, 0xdc,
    0x01, 0xe7, 0xe5, 0xe1, 0x01, 0x98, 0x97, 0x95, 0x01, 0x4d, 0x4d, 0x4d, 0x01, 0x14, 0x16, 0x17,
    0x01, 0x0c, 0x0e, 0x10, 0x06, 0x09, 0x0b, 0x0d, 0x01, 0x50, 0x51, 0x51, 0x01, 0xa4, 0xa4, 0xa1,
    0x01, 0xed, 0xec, 0xe7, 0x01, 0xd4, 0xd2, 0xce, 0x01, 0x7d, 0x7d, 0x7c, 0x05, 0x39, 0x3b, 0x3b,
    0x04, 0x3a, 0x3b, 0x3c, 0x01, 0x98, 0x97, 0x95, 0x01, 0xd8, 0xd7, 0xd3, 0x01, 0xe6, 0xe4, 0xe0,
    0x01, 0x81, 0x81, 0x7f, 0x01, 0x37, 0x38, 0x39, 0x02, 0x09, 0x0b, 0x0d, 0x01, 0x58, 0x58, 0x58,
    0x01, 0xcd, 0xcb, 0xc7, 0x01, 0xeb, 0xe9, 0xe4, 0x01, 0xc3, 0xc2, 0xbf, 0x01, 0x77, 0x77, 0x75,
    0x01, 0x0e, 0x10, 0x12, 0x07, 0x09, 0x0b, 0x0d, 0x01, 0x66, 0x67, 0x66, 0x01, 0xb8, 0xb7, 0xb4,
    0x01, 0xed, 0xec, 0xe7, 0x01, 0xc0, 0xbf, 0xbb, 0x01, 0x5d, 0x5e, 0x5d, 0x03, 0x09, 0x0b, 0x0d,
    0x01, 0x57, 0x57, 0x57, 0x01, 0xaa, 0xa9, 0xa6, 0x01, 0xee, 0xec, 0xe8, 0x01, 0xd9, 0xd8, 0xd3,
    0x01, 0x68, 0x68, 0x68, 0x01, 0x0d, 0x0f, 0x10, 0x06, 0x09, 0x0b, 0x0d, 0x01, 0x13, 0x15, 0x17,
    0x01, 0x32, 0x33, 0x34, 0x01, 0xaf, 0xae, 0xab, 0x01, 0xf1, 0xef, 0xea, 0x01, 0xe3, 0xe2, 0xdd,
    0x01, 0x59, 0x5a, 0x5a, 0x01, 0x1d, 0x1f, 0x20, 0x03, 0x09, 0x0b, 0x0d, 0x01, 0x58, 0x58, 0x58,
    0x01, 0xcd, 0xcb, 0xc7, 0x01, 0xeb, 0xe9, 0xe4, 0x01, 0xba, 0xb9, 0xb6, 0x01, 0x6b, 0x6b, 0x6a,
    0x01, 0x0e, 0x0f, 0x11, 0x08, 0x09, 0x0b, 0x0d, 0x01, 0x58, 0x58, 0x58, 0x01, 0xcd, 0xcb, 0xc7,
    0x01, 0xeb, 0xe9, 0xe4, 0x01, 0xb3, 0xb2, 0xaf, 0x01, 0x60, 0x60, 0x60, 0x01, 0x0e, 0x0f, 0x11,
    0x05, 0x09, 0x0b, 0x0d, 0x01, 0x0d, 0x0f, 0x10, 0x01, 0x17, 0x18, 0x1a, 0x01, 0xa6, 0xa5, 0xa3,
    0x01, 0xf2, 0xf0, 0xeb, 0x01, 0xe2, 0xe1, 0xdc, 0x01, 0x54, 0x55, 0x54, 0x01, 0x19, 0x1b, 0x1d,
    0x01, 0x46, 0x47, 0x47, 0x01, 0xa9, 0xa8, 0xa5, 0x01, 0xe4, 0xe3, 0xde, 0x01, 0xd1, 0xd0, 0xcc,
    0x01, 0x8e, 0x8e, 0x8c, 0x01, 0x20, 0x21, 0x23, 0x01, 0x1b, 0x1d, 0x1e, 0x01, 0x1e, 0x20, 0x21,
    0x01, 0x25, 0x27, 0x28, 0x01, 0x3d, 0x3e, 0x3f, 0x01, 0x79, 0x79, 0x78, 0x01, 0xbc, 0xbb, 0xb8,
    0x01, 0xed, 0xeb, 0xe6, 0x01, 0xe7, 0xe5, 0xe1, 0x01, 0xa4, 0xa4, 0xa1, 0x01, 0x38, 0x39, 0x39,
    0x01, 0x14, 0x16, 0x17, 0x06, 0x09, 0x0b, 0x0d, 0x01, 0x66, 0x67, 0x66, 0x01, 0xb8, 0xb7, 0xb3,
    0x01, 0xf2, 0xf0, 0xeb, 0x01, 0xee, 0xec, 0xe8, 0x01, 0xe5, 0xe3, 0xdf, 0x02, 0xdd, 0xdb, 0xd7,
    0x03, 0xde, 0xdc, 0xd8, 0x03, 0xdf, 0xdd, 0xd9, 0x01, 0xe0, 0xde, 0xda, 0x01, 0xe9, 0xe7, 0xe2,
    0x01, 0xef, 0xed, 0xe8, 0x01, 0xe8, 0xe6, 0xe1, 0x01, 0x8d, 0x8d, 0x8b, 0x01, 0x3e, 0x3f, 0x3f,
    0x02, 0x09, 0x0b, 0x0d, 0x01, 0x58, 0x58, 0x58, 0x01, 0xcd, 0xcb, 0xc7, 0x01, 0xeb, 0xe9, 0xe4,
    0x01, 0xb0, 0xaf, 0xac, 0x01, 0x5d, 0x5e, 0x5d, 0x01, 0x0d, 0x0f, 0x10, 0x07, 0x09, 0x0b, 0x0d,
    0x01, 0x50, 0x51, 0x51, 0x01, 0xa3, 0xa3, 0xa0, 0x01, 0xef, 0xed, 0xe8, 0x01, 0xd5, 0xd3, 0xcf,
    0x01, 0x6b, 0x6b, 0x6a, 0x03, 0x09, 0x0b, 0x0d, 0x01, 0x6a, 0x6a, 0x69, 0x01, 0xba, 0xb9, 0xb6,
    0x01, 0xeb, 0xe9, 0xe4, 0x01, 0xc1, 0xc0, 0xbc, 0x01, 0x58, 0x59, 0x59, 0x07, 0x09, 0x0b, 0x0d,
    0x01, 0x0b, 0x0d, 0x0f, 0x01, 0x10, 0x12, 0x14, 0x01, 0xa2, 0xa1, 0x9e, 0x01, 0xef, 0xed, 0xe8,
    0x01, 0xe5, 0xe3, 0xdf, 0x01, 0x6f, 0x70, 0x6f, 0x01, 0x2b, 0x2c, 0x2d, 0x03, 0x09, 0x0b, 0x0d,
    0x01, 0x58, 0x58, 0x58, 0x01, 0xcd, 0xcb, 0xc7, 0x01, 0xeb, 0xe9, 0xe4, 0x01, 0xac, 0xab, 0xa8,
    0x01, 0x56, 0x56, 0x56, 0x01, 0x0d, 0x0f, 0x10, 0x08, 0x09, 0x0b, 0x0d, 0x01, 0x58, 0x58, 0x58,
    0x01, 0xcd, 0xcb, 0xc7, 0x01, 0xeb, 0xe9, 0xe4, 0x01, 0xa4, 0xa4, 0xa1, 0x01, 0x4c, 0x4d, 0x4d,
    0x01, 0x0c, 0x0e, 0x10, 0x06, 0x09, 0x0b, 0x0d, 0x01, 0x0a, 0x0c, 0x0e, 0x01, 0xa1, 0xa0, 0x9e,
    0x01, 0xf0, 0xee, 0xe9, 0x01, 0xe3, 0xe2, 0xdd, 0x01, 0x58, 0x59, 0x59, 0x01, 0x1d, 0x1f, 0x20,
    0x01, 0x46, 0x47, 0x47, 0x01, 0xa9, 0xa8, 0xa5, 0x01, 0xe4, 0xe3, 0xde, 0x01, 0xce, 0xcd, 0xc9,
    0x01, 0x86, 0x86, 0x84, 0x01, 0x0e, 0x10, 0x12, 0x01, 0x09, 0x0b, 0x0d, 0x01, 0x0a, 0x0c, 0x0e,
    0x01, 0x0d, 0x0f, 0x10, 0x01, 0x17, 0x18, 0x1a, 0x01, 0x2f, 0x31, 0x32, 0x01, 0x62, 0x62, 0x61,
    0x01, 0xc1, 0xc0, 0xbc, 0x01, 0xe2, 0xe1, 0xdc, 0x01, 0xd1, 0xd0, 0xcc, 0x01, 0x91, 0x91, 0x8f,
    0x01, 0x2a, 0x2b, 0x2c, 0x01, 0x0b, 0x0d, 0x0f, 0x05, 0x09, 0x0b, 0x0d, 0x01, 0x70, 0x70, 0x6f,
    0x01, 0xbf, 0xbe, 0xba, 0x02, 0xf2, 0xf0, 0xeb, 0x06, 0xf1, 0xef, 0xea, 0x06, 0xf2, 0xf0, 0xeb,
    0x01, 0xe9, 0xe7, 0xe2, 0x01, 0x92, 0x92, 0x90, 0x01, 0x41, 0x42, 0x42, 0x02, 0x09, 0x0b, 0x0d,
    0x01, 0x58, 0x58, 0x58, 0x01, 0xcd, 0xcb, 0xc7, 0x01, 0xeb, 0xe9, 0xe4, 0x01, 0xa7, 0xa6, 0xa4,
    0x01, 0x50, 0x51, 0x51, 0x01, 0x0c, 0x0e, 0x10, 0x07, 0x09, 0x0b, 0x0d, 0x01, 0x43, 0x44, 0x45,
    0x01, 0x97, 0x96, 0x94, 0x01, 0xf0, 0xee, 0xe9, 0x01, 0xdd, 0xdb, 0xd7, 0x01, 0x70, 0x70, 0x6f,
    0x03, 0x09, 0x0b, 0x0d, 0x01, 0x71, 0x71, 0x70, 0x01, 0xc1, 0xc0, 0xbc, 0x01, 0xe8, 0xe6, 0xe1,
    0x01, 0xb1, 0xb0, 0xad, 0x01, 0x4f, 0x50, 0x50, 0x08, 0x09, 0x0b, 0x0d, 0x01, 0x0a, 0x0c, 0x0e,
    0x01, 0x9a, 0x9a, 0x97, 0x01, 0xea, 0xe8, 0xe3, 0x01, 0xe6, 0xe4, 0xe0, 0x01, 0x78, 0x79, 0x77,
    0x01, 0x30, 0x32, 0x32, 0x03, 0x09, 0x0b, 0x0d, 0x01, 0x58, 0x58, 0x58, 0x01, 0xcd, 0xcb, 0xc7,
    0x01, 0xeb, 0xe9, 0xe4, 0x01, 0xa3, 0xa2, 0x9f, 0x01, 0x4b, 0x4c, 0x4c, 0x01, 0x0c, 0x0e, 0x10,
    0x08, 0x09, 0x0b, 0x0d, 0x01, 0x58, 0x58, 0x58, 0x01, 0xcd, 0xcb, 0xc7, 0x01, 0xeb, 0xe9, 0xe4,
    0x01, 0xa0, 0x9f, 0x9d, 0x01, 0x47, 0x48, 0x48, 0x01, 0x0c, 0x0e, 0x10, 0x07, 0x09, 0x0b, 0x0d,
    0x01, 0xa0, 0x9f, 0x9d, 0x01, 0xf0, 0xee, 0xe9, 0x01, 0xe3, 0xe2, 0xdd, 0x01, 0x5a, 0x5b, 0x5a,
    0x01, 0x1d, 0x1f, 0x20, 0x01, 0x46, 0x47, 0x47, 0x01, 0xa9, 0xa8, 0xa5, 0x01, 0xe4, 0xe3, 0xde,
    0x01, 0xce, 0xcd, 0xc9, 0x01, 0x86, 0x86, 0x84, 0x01, 0x0e, 0x10, 0x12, 0x04, 0x09, 0x0b, 0x0d,
    0x01, 0x0a, 0x0c, 0x0e, 0x01, 0x25, 0x27, 0x28, 0x01, 0x7a, 0x7a, 0x79, 0x01, 0xcb, 0xc9, 0xc6,
    0x01, 0xe9, 0xe7, 0xe2, 0x01, 0xcf, 0xce, 0xca, 0x01, 0x52, 0x53, 0x53, 0x01, 0x1b, 0x1d, 0x1e,
    0x05, 0x09, 0x0b, 0x0d, 0x01, 0x71, 0x71, 0x70, 0x01, 0xc1, 0xc0, 0xbc, 0x01, 0xee, 0xec, 0xe8,
    0x01, 0xdb, 0xda, 0xd5, 0x01, 0xb9, 0xb8, 0xb5, 0x0b, 0xa2, 0xa1, 0x9e, 0x01, 0x9c, 0x9c, 0x99,
    0x01, 0x64, 0x65, 0x64, 0x01, 0x2e, 0x30, 0x31, 0x02, 0x09, 0x0b, 0x0d, 0x01, 0x58, 0x58, 0x58,
    0x01, 0xcd, 0xcb, 0xc7, 0x01, 0xeb, 0xe9, 0xe4, 0x01, 0xa6, 0xa5, 0xa3, 0x01, 0x4f, 0x50, 0x50,
    0x01, 0x0c, 0x0e, 0x10, 0x07, 0x09, 0x0b, 0x0d, 0x01, 0x43, 0x44, 0x45, 0x01, 0x97, 0x96, 0x94,
    0x01, 0xf0, 0xee, 0xe9, 0x01, 0xde, 0xdc, 0xd8, 0x01, 0x71, 0x71, 0x70, 0x03, 0x09, 0x0b, 0x0d,
    0x01, 0x72, 0x72, 0x71, 0x01, 0xc1, 0xc0, 0xbc, 0x01, 0xe8, 0xe6, 0xe1, 0x01, 0xb1, 0xb0, 0xad,
    0x01, 0x4f, 0x50, 0x50, 0x08, 0x09, 0x0b, 0x0d, 0x01, 0x0a, 0x0c, 0x0e, 0x01, 0x99, 0x99, 0x97,
    0x01, 0xea, 0xe8, 0xe3, 0x01, 0xe6, 0xe4, 0xe0, 0x01, 0x78, 0x79, 0x77, 0x01, 0x31, 0x33, 0x33,
    0x03, 0x09, 0x0b, 0x0d, 0x01, 0x58, 0x58, 0x58, 0x01, 0xcd, 0xcb, 0xc7, 0x01, 0xeb, 0xe9, 0xe4,
    0x01, 0x9f, 0x9e, 0x9c, 0x01, 0x45, 0x46, 0x46, 0x01, 0x0c, 0x0e, 0x10, 0x08, 0x09, 0x0b, 0x0d,
    0x01, 0x58, 0x58, 0x58, 0x01, 0xcd, 0xcb, 0xc7, 0x01, 0xeb, 0xe9, 0xe4, 0x01, 0x9f, 0x9e, 0x9c,
    0x01, 0x45, 0x46, 0x46, 0x01, 0x0c, 0x0e, 0x10, 0x07, 0x09, 0x0b, 0x0d, 0x01, 0xa0, 0x9f, 0x9d,
    0x01, 0xf0, 0xee, 0xe9, 0x01, 0xe3, 0xe2, 0xdd, 0x01, 0x5a, 0x5b, 0x5a, 0x01, 0x1d, 0x1f, 0x20,
    0x01, 0x46, 0x47, 0x47, 0x01, 0xa9, 0xa8, 0xa5, 0x01, 0xe4, 0xe3, 0xde, 0x01, 0xce, 0xcd, 0xc9,
    0x01, 0x86, 0x86, 0x84, 0x01, 0x0e, 0x10, 0x12, 0x05, 0x09, 0x0b, 0x0d, 0x01, 0x10, 0x12, 0x14,
    0x01, 0x25, 0x27, 0x28, 0x01, 0xa7, 0xa6, 0xa4, 0x01, 0xed, 0xeb, 0xe6, 0x01, 0xe8, 0xe6, 0xe1,
    0x01, 0x8a, 0x8a, 0x88, 0x01, 0x3b, 0x3c, 0x3d, 0x05, 0x09, 0x0b, 0x0d, 0x01, 0x6a, 0x6a, 0x69,
    0x01, 0xba, 0xb9, 0xb6, 0x01, 0xe8, 0xe6, 0xe1, 0x01, 0xb1, 0xb0, 0xad, 0x01, 0x50, 0x51, 0x51,
    0x10, 0x09, 0x0b, 0x0d, 0x01, 0x58, 0x58, 0x58, 0x01, 0xcd, 0xcb, 0xc7, 0x01, 0xeb, 0xe9, 0xe4,
    0x01, 0xb0, 0xaf, 0xac, 0x01, 0x5c, 0x5d, 0x5c, 0x01, 0x0d, 0x0f, 0x10, 0x07, 0x09, 0x0b, 0x0d,
    0x01, 0x4f, 0x50, 0x50, 0x01, 0xa3, 0xa2, 0x9f, 0x01, 0xef, 0xed, 0xe8, 0x01, 0xd6, 0xd4, 0xd0,
    0x01, 0x6c, 0x6c, 0x6b, 0x03, 0x09, 0x0b, 0x0d, 0x01, 0x6a, 0x6a, 0x69, 0x01, 0xbb, 0xba, 0xb7,
    0x01, 0xeb, 0xe9, 0xe4, 0x01, 0xc0, 0xbf, 0xbb, 0x01, 0x58, 0x58, 0x58, 0x07, 0x09, 0x0b, 0x0d,
    0x01, 0x0b, 0x0d, 0x0f, 0x01, 0x0f, 0x11, 0x13, 0x01, 0xa1, 0xa0, 0x9e, 0x01, 0xef, 0xed, 0xe8,
    0x01, 0xe5, 0xe3, 0xdf, 0x01, 0x70, 0x70, 0x6f, 0x01, 0x2c, 0x2d, 0x2e, 0x03, 0x09, 0x0b, 0x0d,
    0x01, 0x58, 0x58, 0x58, 0x01, 0xcd, 0xcb, 0xc7, 0x01, 0xeb, 0xe9, 0xe4, 0x01, 0x9f, 0x9e, 0x9c,
    0x01, 0x45, 0x46, 0x46, 0x01, 0x0c, 0x0e, 0x10, 0x08, 0x09, 0x0b, 0x0d, 0x01, 0x58, 0x58, 0x58,
    0x01, 0xcd, 0xcb, 0xc7, 0x01, 0xeb, 0xe9, 0xe4, 0x01, 0x9f, 0x9e, 0x9c, 0x01, 0x45, 0x46, 0x46,
    0x01, 0x0c, 0x0e, 0x10, 0x07, 0x09, 0x0b, 0x0d, 0x01, 0xa0, 0x9f, 0x9d, 0x01, 0xf0, 0xee, 0xe9,
    0x01, 0xe3, 0xe2, 0xdd, 0x01, 0x5a, 0x5b, 0x5a, 0x01, 0x1d, 0x1f, 0x20, 0x01, 0x46, 0x47, 0x47,
    0x01, 0xa9, 0xa8, 0xa5, 0x01, 0xe4, 0xe3, 0xde, 0x01, 0xce, 0xcd, 0xc9, 0x01, 0x86, 0x86, 0x84,
    0x01, 0x0e, 0x10, 0x12, 0x05, 0x09, 0x0b, 0x0d, 0x01, 0x0b, 0x0d, 0x0f, 0x01, 0x10, 0x12, 0x14,
    0x01, 0x79, 0x79, 0x78, 0x01, 0xc7, 0xc6, 0xc2, 0x01, 0xee, 0xec, 0xe8, 0x01, 0xc7, 0xc6, 0xc2,
    0x01, 0x64, 0x65, 0x64, 0x01, 0x0b, 0x0d, 0x0f, 0x04, 0x09, 0x0b, 0x0d, 0x01, 0x55, 0x56, 0x55,
    0x01, 0xa9, 0xa8, 0xa5, 0x01, 0xed, 0xec, 0xe7, 0x01, 0xd4, 0xd2, 0xce, 0x01, 0x64, 0x65, 0x64,
    0x01, 0x0b, 0x0d, 0x0f, 0x0f, 0x09, 0x0b, 0x0d, 0x01, 0x58, 0x58, 0x58, 0x01, 0xcd, 0xcb, 0xc7,
    0x01, 0xeb, 0xe9, 0xe4, 0x01, 0xc2, 0xc1, 0xbe, 0x01, 0x76, 0x76, 0x75, 0x01, 0x0e, 0x10, 0x12,
    0x07, 0x09, 0x0b, 0x0d, 0x01, 0x65, 0x66, 0x65, 0x01, 0xb8, 0xb7, 0xb3, 0x01, 0xed, 0xec, 0xe7,
    0x01, 0xc1, 0xc0, 0xbc, 0x01, 0x5e, 0x5f, 0x5e, 0x03, 0x09, 0x0b, 0x0d, 0x01, 0x58, 0x59, 0x59,
    0x01, 0xac, 0xab, 0xa8, 0x01, 0xee, 0xec, 0xe8, 0x01, 0xd8, 0xd7, 0xd3, 0x01, 0x67, 0x67, 0x67,
    0x01, 0x0d, 0x0f, 0x10, 0x06, 0x09, 0x0b, 0x0d, 0x01, 0x13, 0x15, 0x17, 0x01, 0x31, 0x33, 0x33,
    0x01, 0xaf, 0xae, 0xab, 0x01, 0xf1, 0xef, 0xea, 0x01, 0xe3, 0xe2, 0xdd, 0x01, 0x5b, 0x5c, 0x5b,
    0x01, 0x1e, 0x20, 0x21, 0x03, 0x09, 0x0b, 0x0d, 0x01, 0x58, 0x58, 0x58, 0x01, 0xcd, 0xcb, 0xc7,
    0x01, 0xeb, 0xe9, 0xe4, 0x01, 0x9f, 0x9e, 0x9c, 0x01, 0x45, 0x46, 0x46, 0x01, 0x0c, 0x0e, 0x10,
    0x08, 0x09, 0x0b, 0x0d, 0x01, 0x58, 0x58, 0x58, 0x01, 0xcd, 0xcb, 0xc7, 0x01, 0xeb, 0xe9, 0xe4,
    0x01, 0x9f, 0x9e, 0x9c, 0x01, 0x45, 0x46, 0x46, 0x01, 0x0c, 0x0e, 0x10, 0x07, 0x09, 0x0b, 0x0d,
    0x01, 0xa0, 0x9f, 0x9d, 0x01, 0xf0, 0xee, 0xe9, 0x01, 0xe3, 0xe2, 0xdd, 0x01, 0x5a, 0x5b, 0x5a,
    0x01, 0x1d, 0x1f, 0x20, 0x01, 0x46, 0x47, 0x47, 0x01, 0xa9, 0xa8, 0xa5, 0x01, 0xe4, 0xe3, 0xde,
    0x01, 0xce, 0xcd, 0xc9, 0x01, 0x86, 0x86, 0x84, 0x01, 0x0e, 0x10, 0x12, 0x07, 0x09, 0x0b, 0x0d,
    0x01, 0x48, 0x49, 0x49, 0x01, 0x9b, 0x9b, 0x98, 0x01, 0xf1, 0xef, 0xea, 0x01, 0xe6, 0xe4, 0xe0,
    0x01, 0x8b, 0x8b, 0x89, 0x01, 0x29, 0x2a, 0x2b, 0x01, 0x0c, 0x0e, 0x10, 0x03, 0x09, 0x0b, 0x0d,
    0x01, 0x36, 0x37, 0x38, 0x01, 0x8d, 0x8c, 0x8a, 0x01, 0xee, 0xec, 0xe8, 0x01, 0xe8, 0xe6, 0xe1,
    0x01, 0x8d, 0x8c, 0x8a, 0x01, 0x34, 0x35, 0x36, 0x01, 0x0b, 0x0d, 0x0f, 0x0e, 0x09, 0x0b, 0x0d,
    0x01, 0x58, 0x58, 0x58, 0x01, 0xcd, 0xcb, 0xc7, 0x01, 0xeb, 0xe9, 0xe4, 0x01, 0xdc, 0xda, 0xd6,
    0x01, 0x9d, 0x9c, 0x9a, 0x01, 0x22, 0x23, 0x25, 0x01, 0x0f, 0x11, 0x13, 0x04, 0x09, 0x0b, 0x0d,
    0x01, 0x0d, 0x0f, 0x10, 0x01, 0x19, 0x1b, 0x1d, 0x01, 0x8b, 0x8b, 0x89, 0x01, 0xd7, 0xd5, 0xd1,
    0x01, 0xea, 0xe8, 0xe3, 0x01, 0x9f, 0x9e, 0x9c, 0x01, 0x49, 0x4a, 0x4a, 0x03, 0x09, 0x0b, 0x0d,
    0x01, 0x3b, 0x3c, 0x3d, 0x01, 0x93, 0x93, 0x90, 0x01, 0xf0, 0xee, 0xe9, 0x01, 0xe9, 0xe7, 0xe2,
    0x01, 0x8b, 0x8b, 0x89, 0x01, 0x30, 0x32, 0x32, 0x01, 0x0b, 0x0d, 0x0f, 0x05, 0x09, 0x0b, 0x0d,
    0x01, 0x23, 0x25, 0x26, 0x01, 0x70, 0x70, 0x6f, 0x01, 0xc7, 0xc6, 0xc2, 0x01, 0xec, 0xea, 0xe5,
    0x01, 0xd0, 0xcf, 0xcb, 0x01, 0x43, 0x44, 0x45, 0x01, 0x11, 0x13, 0x15, 0x03, 0x09, 0x0b, 0x0d,
    0x01, 0x58, 0x58, 0x58, 0x01, 0xcd, 0xcb, 0xc7, 0x01, 0xeb, 0xe9, 0xe4, 0x01, 0x9f, 0x9e, 0x9c,
    0x01, 0x45, 0x46, 0x46, 0x01, 0x0c, 0x0e, 0x10, 0x08, 0x09, 0x0b, 0x0d, 0x01, 0x58, 0x58, 0x58,
    0x01, 0xcd, 0xcb, 0xc7, 0x01, 0xeb, 0xe9, 0xe4, 0x01, 0x9f, 0x9e, 0x9c, 0x01, 0x45, 0x46, 0x46,
    0x01, 0x0c, 0x0e, 0x10, 0x07, 0x09, 0x0b, 0x0d, 0x01, 0xa0, 0x9f, 0x9d, 0x01, 0xf0, 0xee, 0xe9,
    0x01, 0xe3, 0xe2, 0xdd, 0x01, 0x5a, 0x5b, 0x5a, 0x01, 0x1d, 0x1f, 0x20, 0x01, 0x46, 0x47, 0x47,
    0x01, 0xa9, 0xa8, 0xa5, 0x01, 0xe4, 0xe3, 0xde, 0x01, 0xce, 0xcd, 0xc9, 0x01, 0x86, 0x86, 0x84,
    0x01, 0x0e, 0x10, 0x12, 0x07, 0x09, 0x0b, 0x0d, 0x01, 0x1f, 0x21, 0x22, 0x01, 0x6f, 0x70, 0x6f,
    0x01, 0xe7, 0xe5, 0xe1, 0x01, 0xef, 0xed, 0xe8, 0x01, 0xb1, 0xb0, 0xad, 0x01, 0x5a, 0x5b, 0x5a,
    0x01, 0x11, 0x13, 0x15, 0x03, 0x09, 0x0b, 0x0d, 0x01, 0x17, 0x18, 0x1a, 0x01, 0x69, 0x69, 0x68,
    0x01, 0xda, 0xd9, 0xd4, 0x01, 0xed, 0xec, 0xe7, 0x01, 0xbe, 0xbd, 0xb9, 0x01, 0x78, 0x78, 0x76,
    0x01, 0x29, 0x2a, 0x2b, 0x01, 0x19, 0x1b, 0x1d, 0x01, 0x10, 0x12, 0x14, 0x02, 0x0b, 0x0d, 0x0f,
    0x01, 0x0d, 0x0f, 0x10, 0x01, 0x0f, 0x11, 0x13, 0x01, 0x13, 0x15, 0x17, 0x01, 0x1b, 0x1d, 0x1e,
    0x01, 0x24, 0x26, 0x27, 0x01, 0x2b, 0x2c, 0x2d, 0x01, 0x10, 0x12, 0x14, 0x03, 0x09, 0x0b, 0x0d,
    0x01, 0x58, 0x58, 0x58, 0x01, 0xcd, 0xcb, 0xc7, 0x01, 0xeb, 0xe9, 0xe4, 0x01, 0xf1, 0xef, 0xea,
    0x01, 0xc8, 0xc7, 0xc3, 0x01, 0x56, 0x56, 0x56, 0x01, 0x2a, 0x2b, 0x2c, 0x01, 0x12, 0x14, 0x16,
    0x02, 0x0b, 0x0d, 0x0f, 0x01, 0x11, 0x13, 0x15, 0x01, 0x23, 0x25, 0x26, 0x01, 0x4b, 0x4c, 0x4c,
    0x01, 0xb8, 0xb7, 0xb3, 0x01, 0xee, 0xec, 0xe8, 0x01, 0xe1, 0xdf, 0xda, 0x01, 0x75, 0x75, 0x74,
    0x01, 0x2f, 0x31, 0x32, 0x03, 0x09, 0x0b, 0x0d, 0x01, 0x1d, 0x1f, 0x20, 0x01, 0x73, 0x73, 0x72,
    0x01, 0xe3, 0xe2, 0xdd, 0x01, 0xef, 0xed, 0xe8, 0x01, 0xb8, 0xb7, 0xb4, 0x01, 0x6e, 0x6e, 0x6d,
    0x01, 0x22, 0x23, 0x25, 0x01, 0x13, 0x15, 0x17, 0x01, 0x0c, 0x0e, 0x10, 0x01, 0x0b, 0x0d, 0x0f,
    0x01, 0x0f, 0x11, 0x13, 0x01, 0x1d, 0x1f, 0x20, 0x01, 0x4c, 0x4d, 0x4d, 0x01, 0xb6, 0xb5, 0xb2,
    0x01, 0xe1, 0xdf, 0xda, 0x01, 0xdc, 0xda, 0xd6, 0x01, 0xa8, 0xa7, 0xa4, 0x01, 0x2e, 0x2f, 0x30,
    0x04, 0x09, 0x0b, 0x0d, 0x01, 0x58, 0x58, 0x58, 0x01, 0xcd, 0xcb, 0xc7, 0x01, 0xeb, 0xe9, 0xe4,
    0x01, 0x9f, 0x9e, 0x9c, 0x01, 0x45, 0x46, 0x46, 0x01, 0x0c, 0x0e, 0x10, 0x08, 0x09, 0x0b, 0x0d,
    0x01, 0x58, 0x58, 0x58, 0x01, 0xcd, 0xcb, 0xc7, 0x01, 0xeb, 0xe9, 0xe4, 0x01, 0x9f, 0x9e, 0x9c,
    0x01, 0x45, 0x46, 0x46, 0x01, 0x0c, 0x0e, 0x10, 0x07, 0x09, 0x0b, 0x0d, 0x01, 0xa0, 0x9f, 0x9d,
    0x01, 0xf0, 0xee, 0xe9, 0x01, 0xe3, 0xe2, 0xdd, 0x01, 0x5a, 0x5b, 0x5a, 0x01, 0x1d, 0x1f, 0x20,
    0x01, 0x46, 0x47, 0x47, 0x01, 0xa9, 0xa8, 0xa5, 0x01, 0xe4, 0xe3, 0xde, 0x01, 0xce, 0xcd, 0xc9,
    0x01, 0x86, 0x86, 0x84, 0x01, 0x0e, 0x10, 0x12, 0x07, 0x09, 0x0b, 0x0d, 0x01, 0x0c, 0x0e, 0x10,
    0x01, 0x4b, 0x4c, 0x4c, 0x01, 0xbc, 0xbb, 0xb8, 0x01, 0xe5, 0xe3, 0xdf, 0x01, 0xd8, 0xd6, 0xd2,
    0x01, 0x98, 0x97, 0x95, 0x01, 0x17, 0x18, 0x1a, 0x03, 0x09, 0x0b, 0x0d, 0x01, 0x0b, 0x0d, 0x0f,
    0x01, 0x3e, 0x3f, 0x3f, 0x01, 0x94, 0x94, 0x91, 0x01, 0xe0, 0xde, 0xda, 0x01, 0xec, 0xea, 0xe5,
    0x01, 0xd0, 0xcf, 0xcb, 0x01, 0x94, 0x94, 0x91, 0x01, 0x57, 0x57, 0x57, 0x01, 0x2c, 0x2d, 0x2e,
    0x01, 0x13, 0x15, 0x17, 0x01, 0x0f, 0x11, 0x13, 0x01, 0x19, 0x1b, 0x1d, 0x01, 0x29, 0x2a, 0x2b,
    0x01, 0x3a, 0x3b, 0x3c, 0x01, 0x62, 0x62, 0x61, 0x01, 0x8d, 0x8d, 0x8b, 0x01, 0xaa, 0xa9, 0xa6,
    0x01, 0x2e, 0x30, 0x31, 0x03, 0x09, 0x0b, 0x0d, 0x01, 0x58, 0x58, 0x58, 0x01, 0xcd, 0xcb, 0xc7,
    0x01, 0xeb, 0xe9, 0xe4, 0x01, 0xf2, 0xf0, 0xeb, 0x01, 0xe7, 0xe5, 0xe1, 0x01, 0xc8, 0xc7, 0xc3,
    0x01, 0x74, 0x74, 0x73, 0x01, 0x37, 0x38, 0x39, 0x02, 0x13, 0x15, 0x17, 0x01, 0x2f, 0x31, 0x32,
    0x01, 0x67, 0x67, 0x67, 0x01, 0xbe, 0xbd, 0xb9, 0x01, 0xe2, 0xe1, 0xdc, 0x01, 0xe7, 0xe5, 0xe1,
    0x01, 0xc7, 0xc6, 0xc2, 0x01, 0x42, 0x43, 0x43, 0x01, 0x11, 0x13, 0x15, 0x03, 0x09, 0x0b, 0x0d,
    0x01, 0x0c, 0x0e, 0x10, 0x01, 0x4c, 0x4d, 0x4d, 0x01, 0xaf, 0xae, 0xab, 0x01, 0xe5, 0xe3, 0xdf,
    0x01, 0xea, 0xe8, 0xe3, 0x01, 0xc4, 0xc3, 0xbf, 0x01, 0x70, 0x70, 0x6f, 0x01, 0x38, 0x39, 0x39,
    0x01, 0x18, 0x19, 0x1b, 0x01, 0x11, 0x13, 0x15, 0x01, 0x28, 0x2a, 0x2b, 0x01, 0x67, 0x67, 0x67,
    0x01, 0xad, 0xac, 0xa9, 0x01, 0xe7, 0xe5, 0xe1, 0x01, 0xf0, 0xee, 0xe9, 0x01, 0xbd, 0xbc, 0xb9,
    0x01, 0x5a, 0x5b, 0x5a, 0x01, 0x1c, 0x1e, 0x1f, 0x04, 0x09, 0x0b, 0x0d, 0x01, 0x58, 0x58, 0x58,
    0x01, 0xcd, 0xcb, 0xc7, 0x01, 0xeb, 0xe9, 0xe4, 0x01, 0x9f, 0x9e, 0x9c, 0x01, 0x45, 0x46, 0x46,
    0x01, 0x0c, 0x0e, 0x10, 0x08, 0x09, 0x0b, 0x0d, 0x01, 0x58, 0x58, 0x58, 0x01, 0xcd, 0xcb, 0xc7,
    0x01, 0xeb, 0xe9, 0xe4, 0x01, 0x9f, 0x9e, 0x9c, 0x01, 0x45, 0x46, 0x46, 0x01, 0x0c, 0x0e, 0x10,
    0x07, 0x09, 0x0b, 0x0d, 0x01, 0xa0, 0x9f, 0x9d, 0x01, 0xf0, 0xee, 0xe9, 0x01, 0xe3, 0xe2, 0xdd,
    0x01, 0x5a, 0x5b, 0x5a, 0x01, 0x1d, 0x1f, 0x20, 0x01, 0x46, 0x47, 0x47, 0x01, 0xa9, 0xa8, 0xa5,
    0x01, 0xe4, 0xe3, 0xde, 0x01, 0xce, 0xcd, 0xc9, 0x01, 0x86, 0x86, 0x84, 0x01, 0x0e, 0x10, 0x12,
    0x08, 0x09, 0x0b, 0x0d, 0x01, 0x2e, 0x30, 0x31, 0x01, 0x78, 0x79, 0x77, 0x01, 0xd7, 0xd5, 0xd1,
    0x01, 0xea, 0xe8, 0xe3, 0x01, 0xbc, 0xbb, 0xb8, 0x01, 0x3f, 0x40, 0x40, 0x01, 0x18, 0x19, 0x1b,
    0x03, 0x09, 0x0b, 0x0d, 0x01, 0x1b, 0x1d, 0x1e, 0x01, 0x45, 0x46, 0x46, 0x01, 0x9b, 0x9b, 0x98,
    0x01, 0xd4, 0xd2, 0xce, 0x01, 0xe9, 0xe7, 0xe2, 0x01, 0xd3, 0xd1, 0xcd, 0x01, 0xb8, 0xb7, 0xb4,
    0x01, 0xa6, 0xa5, 0xa3, 0x01, 0x9c, 0x9c, 0x99, 0x01, 0x9a, 0x9a, 0x97, 0x01, 0x9f, 0x9e, 0x9c,
    0x01, 0xa5, 0xa5, 0xa2, 0x01, 0xad, 0xac, 0xa9, 0x01, 0xbe, 0xbd, 0xb9, 0x02, 0xd0, 0xcf, 0xcb,
    0x01, 0x37, 0x38, 0x39, 0x03, 0x09, 0x0b, 0x0d, 0x01, 0x58, 0x58, 0x58, 0x01, 0xcd, 0xcb, 0xc7,
    0x01, 0xeb, 0xe9, 0xe4, 0x01, 0xd2, 0xd1, 0xcd, 0x01, 0xc3, 0xc2, 0xbf, 0x01, 0xe2, 0xe1, 0xdc,
    0x01, 0xc3, 0xc2, 0xbf, 0x01, 0xab, 0xaa, 0xa7, 0x02, 0x9c, 0x9c, 0x99, 0x01, 0xa8, 0xa7, 0xa4,
    0x01, 0xc0, 0xbf, 0xbb, 0x01, 0xe4, 0xe3, 0xde, 0x01, 0xe8, 0xe6, 0xe1, 0x01, 0xbd, 0xbc, 0xb9,
    0x01, 0x6b, 0x6b, 0x6a, 0x01, 0x23, 0x24, 0x25, 0x01, 0x0b, 0x0d, 0x0f, 0x04, 0x09, 0x0b, 0x0d,
    0x01, 0x23, 0x25, 0x26, 0x01, 0x5a, 0x5b, 0x5a, 0x01, 0xb9, 0xb8, 0xb5, 0x01, 0xe2, 0xe0, 0xdb,
    0x01, 0xe5, 0xe3, 0xdf, 0x01, 0xc3, 0xc2, 0xbf, 0x01, 0xac, 0xab, 0xa8, 0x01, 0x9e, 0x9d, 0x9b,
    0x01, 0x9b, 0x9b, 0x98, 0x01, 0xa5, 0xa5, 0xa2, 0x01, 0xc0, 0xbf, 0xbb, 0x01, 0xdc, 0xda, 0xd6,
    0x01, 0xf0, 0xee, 0xe9, 0x01, 0xc3, 0xc2, 0xbf, 0x01, 0x7a, 0x7a, 0x79, 0x01, 0x24, 0x26, 0x27,
    0x01, 0x0f, 0x11, 0x13, 0x04, 0x09, 0x0b, 0x0d, 0x01, 0x58, 0x58, 0x58, 0x01, 0xcd, 0xcb, 0xc7,
    0x01, 0xeb, 0xe9, 0xe4, 0x01, 0x9f, 0x9e, 0x9c, 0x01, 0x45, 0x46, 0x46, 0x01, 0x0c, 0x0e, 0x10,
    0x08, 0x09, 0x0b, 0x0d, 0x01, 0x58, 0x58, 0x58, 0x01, 0xcd, 0xcb, 0xc7, 0x01, 0xeb, 0xe9, 0xe4,
    0x01, 0x9f, 0x9e, 0x9c, 0x01, 0x45, 0x46, 0x46, 0x01, 0x0c, 0x0e, 0x10, 0x07, 0x09, 0x0b, 0x0d,
    0x01, 0xa0, 0x9f, 0x9d, 0x01, 0xf0, 0xee, 0xe9, 0x01, 0xe3, 0xe2, 0xdd, 0x01, 0x5a, 0x5b, 0x5a,
    0x01, 0x1d, 0x1f, 0x20, 0x01, 0x46, 0x47, 0x47, 0x01, 0xa9, 0xa8, 0xa5, 0x01, 0xe4, 0xe3, 0xde,
    0x01, 0xce, 0xcd, 0xc9, 0x01, 0x86, 0x86, 0x84, 0x01, 0x0e, 0x10, 0x12, 0x08, 0x09, 0x0b, 0x0d,
    0x01, 0x18, 0x19, 0x1b, 0x01, 0x3f, 0x40, 0x40, 0x01, 0xbd, 0xbc, 0xb9, 0x01, 0xeb, 0xe9, 0xe4,
    0x01, 0xd6, 0xd4, 0xd0, 0x01, 0x78, 0x79, 0x77, 0x01, 0x2e, 0x2f, 0x30, 0x04, 0x09, 0x0b, 0x0d,
    0x01, 0x14, 0x16, 0x17, 0x01, 0x4f, 0x50, 0x50, 0x01, 0x8d, 0x8d, 0x8b, 0x01, 0xbd, 0xbc, 0xb9,
    0x01, 0xd3, 0xd1, 0xcd, 0x01, 0xe1, 0xdf, 0xda, 0x01, 0xea, 0xe8, 0xe3, 0x02, 0xef, 0xed, 0xe8,
    0x01, 0xec, 0xea, 0xe5, 0x01, 0xe6, 0xe4, 0xe0, 0x01, 0xe0, 0xde, 0xda, 0x01, 0xd1, 0xd0, 0xcc,
    0x01, 0xc1, 0xc0, 0xbc, 0x01, 0xa3, 0xa3, 0xa0, 0x01, 0x2c, 0x2d, 0x2e, 0x03, 0x09, 0x0b, 0x0d,
    0x01, 0x58, 0x58, 0x58, 0x01, 0xcd, 0xcb, 0xc7, 0x01, 0xeb, 0xe9, 0xe4, 0x01, 0xb4, 0xb3, 0xb0,
    0x01, 0x8d, 0x8c, 0x8a, 0x01, 0xad, 0xad, 0xaa, 0x01, 0xcb, 0xc9, 0xc6, 0x01, 0xe0, 0xde, 0xda,
    0x01, 0xec, 0xea, 0xe5, 0x01, 0xef, 0xed, 0xe8, 0x01, 0xed, 0xec, 0xe7, 0x01, 0xe5, 0xe3, 0xdf,
    0x01, 0xd6, 0xd4, 0xd0, 0x01, 0xb6, 0xb5, 0xb2, 0x01, 0x77, 0x77, 0x75, 0x01, 0x25, 0x27, 0x28,
    0x01, 0x0f, 0x11, 0x13, 0x05, 0x09, 0x0b, 0x0d, 0x01, 0x0c, 0x0e, 0x10, 0x01, 0x1f, 0x21, 0x22,
    0x01, 0x6e, 0x6f, 0x6e, 0x01, 0xa6, 0xa5, 0xa3, 0x01, 0xcc, 0xca, 0xc6, 0x01, 0xdf, 0xdd, 0xd9,
    0x01, 0xe9, 0xe7, 0xe2, 0x01, 0xee, 0xec, 0xe8, 0x01, 0xf0, 0xee, 0xe9, 0x01, 0xec, 0xea, 0xe5,
    0x01, 0xe2, 0xe0, 0xdb, 0x01, 0xd2, 0xd1, 0xcd, 0x01, 0xba, 0xb9, 0xb6, 0x01, 0x79, 0x79, 0x78,
    0x01, 0x3a, 0x3b, 0x3c, 0x06, 0x09, 0x0b, 0x0d, 0x01, 0x58, 0x58, 0x58, 0x01, 0xcd, 0xcb, 0xc7,
    0x01, 0xeb, 0xe9, 0xe4, 0x01, 0x9f, 0x9e, 0x9c, 0x01, 0x45, 0x46, 0x46, 0x01, 0x0c, 0x0e, 0x10,
    0x08, 0x09, 0x0b, 0x0d, 0x01, 0x58, 0x58, 0x58, 0x01, 0xcd, 0xcb, 0xc7, 0x01, 0xeb, 0xe9, 0xe4,
    0x01, 0x9f, 0x9e, 0x9c, 0x01, 0x45, 0x46, 0x46, 0x01, 0x0c, 0x0e, 0x10, 0x07, 0x09, 0x0b, 0x0d,
    0x01, 0xa0, 0x9f, 0x9d, 0x01, 0xf0, 0xee, 0xe9, 0x01, 0xe3, 0xe2, 0xdd, 0x01, 0x5a, 0x5b, 0x5a,
    0x01, 0x1d, 0x1f, 0x20, 0x01, 0x44, 0x45, 0x46, 0x01, 0xa3, 0xa3, 0xa0, 0x01, 0xdd, 0xdb, 0xd7,
    0x01, 0xc8, 0xc7, 0xc3, 0x01, 0x82, 0x82, 0x80, 0x01, 0x0e, 0x10, 0x12, 0x09, 0x09, 0x0b, 0x0d,
    0x01, 0x17, 0x18, 0x1a, 0x01, 0x96, 0x95, 0x93, 0x01, 0xd3, 0xd1, 0xcd, 0x01, 0xdf, 0xdd, 0xd9,
    0x01, 0xb7, 0xb6, 0xb2, 0x01, 0x47, 0x48, 0x48, 0x06, 0x09, 0x0b, 0x0d, 0x01, 0x21, 0x22, 0x24,
    0x01, 0x4c, 0x4d, 0x4d, 0x01, 0x8e, 0x8e, 0x8c, 0x01, 0xb7, 0xb6, 0xb2, 0x01, 0xd2, 0xd1, 0xcd,
    0x01, 0xe2, 0xe0, 0xdb, 0x01, 0xe2, 0xe1, 0xdc, 0x01, 0xd7, 0xd5, 0xd1, 0x01, 0xc6, 0xc5, 0xc1,
    0x01, 0xb3, 0xb2, 0xaf, 0x01, 0x88, 0x88, 0x86, 0x01, 0x58, 0x59, 0x59, 0x01, 0x29, 0x2a, 0x2b,
    0x01, 0x10, 0x12, 0x14, 0x03, 0x09, 0x0b, 0x0d, 0x01, 0x55, 0x56, 0x55, 0x01, 0xc6, 0xc5, 0xc1,
    0x01, 0xe3, 0xe2, 0xdd, 0x01, 0x9a, 0x9a, 0x97, 0x01, 0x4c, 0x4d, 0x4d, 0x01, 0x30, 0x32, 0x32,
    0x01, 0x79, 0x79, 0x78, 0x01, 0xb3, 0xb2, 0xaf, 0x01, 0xd7, 0xd5, 0xd1, 0x01, 0xe2, 0xe1, 0xdc,
    0x01, 0xdc, 0xda, 0xd6, 0x01, 0xc4, 0xc3, 0xbf, 0x01, 0x97, 0x96, 0x94, 0x01, 0x4a, 0x4b, 0x4b,
    0x01, 0x19, 0x1a, 0x1c, 0x09, 0x09, 0x0b, 0x0d, 0x01, 0x0c, 0x0e, 0x10, 0x01, 0x3b, 0x3c, 0x3d,
    0x01, 0x78, 0x78, 0x76, 0x01, 0xb1, 0xb0, 0xad, 0x01, 0xce, 0xcd, 0xc9, 0x01, 0xe0, 0xde, 0xda,
    0x01, 0xe4, 0xe3, 0xde, 0x01, 0xd8, 0xd6, 0xd2, 0x01, 0xb8, 0xb7, 0xb4, 0x01, 0x89, 0x89, 0x87,
    0x01, 0x44, 0x45, 0x46, 0x01, 0x1b, 0x1d, 0x1e, 0x07, 0x09, 0x0b, 0x0d, 0x01, 0x55, 0x56, 0x55,
    0x01, 0xc6, 0xc5, 0xc1, 0x01, 0xe3, 0xe2, 0xdd, 0x01, 0x9a, 0x9a, 0x97, 0x01, 0x43, 0x44, 0x45,
    0x01, 0x0c, 0x0e, 0x10, 0x08, 0x09, 0x0b, 0x0d, 0x01, 0x55, 0x56, 0x55, 0x01, 0xc6, 0xc5, 0xc1,
    0x01, 0xe3, 0xe2, 0xdd, 0x01, 0x9a, 0x9a, 0x97, 0x01, 0x43, 0x44, 0x45, 0x01, 0x0c, 0x0e, 0x10,
    0x07, 0x09, 0x0b, 0x0d, 0x01, 0x9b, 0x9b, 0x98, 0x01, 0xe9, 0xe7, 0xe2, 0x01, 0xdc, 0xda, 0xd6,
    0x01, 0x58, 0x58, 0x58, 0x01, 0x1c, 0x1e, 0x1f, 0x01, 0x19, 0x1a, 0x1c, 0x01, 0x32, 0x33, 0x34,
    0x01, 0x41, 0x42, 0x42, 0x01, 0x3b, 0x3c, 0x3d, 0x01, 0x29, 0x2a, 0x2b, 0x01, 0x0b, 0x0d, 0x0f,
    0x09, 0x09, 0x0b, 0x0d, 0x01, 0x0d, 0x0f, 0x10, 0x01, 0x2e, 0x30, 0x31, 0x01, 0x3f, 0x40, 0x40,
    0x01, 0x42, 0x43, 0x43, 0x01, 0x37, 0x38, 0x39, 0x01, 0x19, 0x1b, 0x1d, 0x06, 0x09, 0x0b, 0x0d,
    0x01, 0x0f, 0x11, 0x13, 0x01, 0x1a, 0x1c, 0x1e, 0x01, 0x2d, 0x2e, 0x2f, 0x01, 0x37, 0x38, 0x39,
    0x01, 0x3e, 0x3f, 0x3f, 0x02, 0x43, 0x44, 0x44, 0x01, 0x40, 0x41, 0x41, 0x01, 0x3b, 0x3c, 0x3d,
    0x01, 0x36, 0x37, 0x38, 0x01, 0x2b, 0x2c, 0x2d, 0x01, 0x1e, 0x20, 0x21, 0x01, 0x11, 0x13, 0x15,
    0x01, 0x0b, 0x0d, 0x0f, 0x03, 0x09, 0x0b, 0x0d, 0x01, 0x1d, 0x1f, 0x20, 0x01, 0x3b, 0x3c, 0x3d,
    0x01, 0x43, 0x44, 0x44, 0x01, 0x2f, 0x31, 0x32, 0x01, 0x1a, 0x1c, 0x1e, 0x01, 0x13, 0x15, 0x17,
    0x01, 0x26, 0x28, 0x29, 0x01, 0x36, 0x37, 0x38, 0x01, 0x40, 0x41, 0x41, 0x01, 0x43, 0x44, 0x44,
    0x01, 0x41, 0x42, 0x42, 0x01, 0x3a, 0x3b, 0x3c, 0x01, 0x2e, 0x30, 0x31, 0x01, 0x1a, 0x1c, 0x1e,
    0x01, 0x0e, 0x0f, 0x11, 0x09, 0x09, 0x0b, 0x0d, 0x01, 0x0a, 0x0c, 0x0e, 0x01, 0x17, 0x18, 0x1a,
    0x01, 0x26, 0x28, 0x29, 0x01, 0x36, 0x37, 0x38, 0x01, 0x3d, 0x3e, 0x3f, 0x01, 0x42, 0x43, 0x43,
    0x01, 0x43, 0x44, 0x44, 0x01, 0x40, 0x41, 0x41, 0x01, 0x38, 0x39, 0x39, 0x01, 0x2b, 0x2c, 0x2d,
    0x01, 0x19, 0x1a, 0x1c, 0x01, 0x0e, 0x0f, 0x11, 0x07, 0x09, 0x0b, 0x0d, 0x01, 0x1d, 0x1f, 0x20,
    0x01, 0x3b, 0x3c, 0x3d, 0x01, 0x43, 0x44, 0x44, 0x01, 0x2f, 0x31, 0x32, 0x01, 0x19, 0x1a, 0x1c,
    0x01, 0x0a, 0x0c, 0x0e, 0x08, 0x09, 0x0b, 0x0d, 0x01, 0x1d, 0x1f, 0x20, 0x01, 0x3b, 0x3c, 0x3d,
    0x01, 0x43, 0x44, 0x44, 0x01, 0x2f, 0x31, 0x32, 0x01, 0x19, 0x1a, 0x1c, 0x01, 0x0a, 0x0c, 0x0e,
    0x07, 0x09, 0x0b, 0x0d, 0x01, 0x2f, 0x31, 0x32, 0x01, 0x44, 0x45, 0x46, 0x01, 0x41, 0x42, 0x42,
    0x01, 0x1e, 0x20, 0x21, 0x01, 0x0e, 0x10, 0x12, 0x01, 0x09, 0x0b, 0x0d, 0x01, 0x13, 0x15, 0x18,
    0x01, 0x31, 0x35, 0x39, 0x01, 0x43, 0x47, 0x4c, 0x01, 0x40, 0x44, 0x49, 0x01, 0x30, 0x33, 0x37,
    0x01, 0x14, 0x16, 0x19, 0x01, 0x09, 0x0b, 0x0d, 0x01, 0x0a, 0x0d, 0x0f, 0x01, 0x14, 0x17, 0x19,
    0x01, 0x0d, 0x10, 0x12, 0x0e, 0x09, 0x0b, 0x0d, 0x01, 0x0a, 0x0d, 0x0f, 0x01, 0x14, 0x17, 0x19,
    0x01, 0x0d, 0x10, 0x12, 0x02, 0x09, 0x0b, 0x0d, 0x01, 0x0f, 0x11, 0x13, 0x01, 0x35, 0x38, 0x3c,
    0x01, 0x1b, 0x1d, 0x20, 0x27, 0x09, 0x0b, 0x0d, 0x01, 0x0a, 0x0d, 0x0f, 0x01, 0x14, 0x17, 0x19,
    0x01, 0x0d, 0x10, 0x12, 0x15, 0x09, 0x0b, 0x0d, 0x01, 0x11, 0x13, 0x15, 0x01, 0x50, 0x54, 0x5a,
    0x01, 0x64, 0x69, 0x6f, 0x01, 0x4d, 0x51, 0x57, 0x01, 0x4b, 0x4f, 0x54, 0x01, 0x54, 0x58, 0x5e,
    0x01, 0x2f, 0x33, 0x37, 0x01, 0x09, 0x0b, 0x0d, 0x01, 0x14, 0x16, 0x19, 0x01, 0x56, 0x5b, 0x61,
    0x01, 0x26, 0x29, 0x2d, 0x0e, 0x09, 0x0b, 0x0d, 0x01, 0x14, 0x16, 0x19, 0x01, 0x56, 0x5b, 0x61,
    0x01, 0x26, 0x29, 0x2d, 0x02, 0x09, 0x0b, 0x0d, 0x01, 0x13, 0x16, 0x18, 0x01, 0x56, 0x5a, 0x60,
    0x01, 0x28, 0x2b, 0x2e, 0x27, 0x09, 0x0b, 0x0d, 0x01, 0x14, 0x16, 0x19, 0x01, 0x56, 0x5b, 0x61,
    0x01, 0x26, 0x29, 0x2d, 0x15, 0x09, 0x0b, 0x0d, 0x01, 0x24, 0x27, 0x2a, 0x01, 0x6d, 0x72, 0x79,
    0x01, 0x29, 0x2c, 0x2f, 0x01, 0x0b, 0x0e, 0x10, 0x01, 0x0b, 0x0d, 0x0f, 0x01, 0x10, 0x13, 0x15,
    0x01, 0x0e, 0x11, 0x13, 0x01, 0x0a, 0x0c, 0x0e, 0x01, 0x1d, 0x20, 0x23, 0x01, 0x66, 0x6b, 0x71,
    0x01, 0x36, 0x39, 0x3d, 0x01, 0x18, 0x1b, 0x1d, 0x01, 0x10, 0x12, 0x14, 0x01, 0x09, 0x0b, 0x0d,
    0x01, 0x0d, 0x0f, 0x11, 0x01, 0x14, 0x17, 0x19, 0x01, 0x18, 0x1a, 0x1d, 0x01, 0x13, 0x16, 0x18,
    0x01, 0x0a, 0x0d, 0x0f, 0x01, 0x09, 0x0b, 0x0d, 0x01, 0x0a, 0x0d, 0x0f, 0x01, 0x14, 0x17, 0x19,
    0x01, 0x0f, 0x11, 0x13, 0x01, 0x14, 0x16, 0x19, 0x01, 0x17, 0x19, 0x1c, 0x01, 0x1f, 0x22, 0x25,
    0x01, 0x66, 0x6b, 0x71, 0x01, 0x36, 0x39, 0x3d, 0x01, 0x18, 0x1b, 0x1d, 0x01, 0x10, 0x12, 0x14,
    0x01, 0x0c, 0x0e, 0x10, 0x01, 0x1f, 0x22, 0x25, 0x01, 0x12, 0x14, 0x16, 0x01, 0x0a, 0x0d, 0x0f,
    0x01, 0x14, 0x17, 0x19, 0x01, 0x0f, 0x11, 0x13, 0x01, 0x14, 0x16, 0x19, 0x01, 0x17, 0x1a, 0x1c,
    0x01, 0x10, 0x12, 0x14, 0x01, 0x09, 0x0c, 0x0e, 0x02, 0x09, 0x0b, 0x0d, 0x01, 0x0a, 0x0d, 0x0f,
    0x01, 0x13, 0x15, 0x18, 0x01, 0x17, 0x1a, 0x1c, 0x01, 0x11, 0x13, 0x15, 0x01, 0x12, 0x14, 0x16,
    0x01, 0x11, 0x14, 0x16, 0x05, 0x09, 0x0b, 0x0d, 0x01, 0x0d, 0x10, 0x12, 0x01, 0x16, 0x19, 0x1b,
    0x01, 0x17, 0x1a, 0x1c, 0x01, 0x12, 0x14, 0x16, 0x01, 0x0a, 0x0d, 0x0f, 0x01, 0x11, 0x14, 0x16,
    0x01, 0x12, 0x14, 0x16, 0x01, 0x09, 0x0c, 0x0e, 0x02, 0x09, 0x0b, 0x0d, 0x01, 0x11, 0x13, 0x15,
    0x01, 0x12, 0x15, 0x17, 0x01, 0x09, 0x0c, 0x0e, 0x01, 0x09, 0x0b, 0x0d, 0x01, 0x0d, 0x10, 0x12,
    0x01, 0x16, 0x19, 0x1b, 0x01, 0x17, 0x1a, 0x1c, 0x01, 0x12, 0x14, 0x16, 0x01, 0x0b, 0x0e, 0x10,
    0x01, 0x1d, 0x20, 0x23, 0x01, 0x66, 0x6b, 0x71, 0x01, 0x36, 0x39, 0x3d, 0x01, 0x18, 0x1b, 0x1d,
    0x01, 0x10, 0x12, 0x14, 0x01, 0x09, 0x0c, 0x0e, 0x01, 0x10, 0x12, 0x14, 0x01, 0x17, 0x1a, 0x1c,
    0x01, 0x16, 0x18, 0x1b, 0x01, 0x0d, 0x10, 0x12, 0x02, 0x09, 0x0b, 0x0d, 0x01, 0x0a, 0x0d, 0x0f,
    0x01, 0x14, 0x17, 0x19, 0x01, 0x0f, 0x12, 0x14, 0x01, 0x14, 0x17, 0x19, 0x01, 0x17, 0x19, 0x1c,
    0x01, 0x0e, 0x11, 0x13, 0x01, 0x0a, 0x0c, 0x0e, 0x01, 0x12, 0x14, 0x16, 0x01, 0x17, 0x1a, 0x1c,
    0x01, 0x11, 0x14, 0x16, 0x01, 0x09, 0x0c, 0x0e, 0x01, 0x09, 0x0b, 0x0d, 0x01, 0x25, 0x28, 0x2b,
    0x01, 0x6f, 0x74, 0x7b, 0x01, 0x32, 0x36, 0x3a, 0x01, 0x12, 0x14, 0x16, 0x01, 0x0b, 0x0d, 0x0f,
    0x02, 0x09, 0x0b, 0x0d, 0x01, 0x0e, 0x10, 0x12, 0x01, 0x47, 0x4b, 0x50, 0x01, 0x7c, 0x82, 0x8a,
    0x01, 0x6f, 0x74, 0x7b, 0x01, 0x64, 0x69, 0x70, 0x01, 0x32, 0x36, 0x3a, 0x01, 0x0e, 0x10, 0x12,
    0x01, 0x3d, 0x41, 0x45, 0x01, 0x5d, 0x62, 0x68, 0x01, 0x64, 0x69, 0x70, 0x01, 0x5e, 0x63, 0x69,
    0x01, 0x32, 0x36, 0x3a, 0x01, 0x0b, 0x0e, 0x10, 0x01, 0x14, 0x17, 0x19, 0x01, 0x5a, 0x5f, 0x65,
    0x01, 0x4f, 0x53, 0x59, 0x01, 0x5c, 0x60, 0x66, 0x01, 0x57, 0x5b, 0x61, 0x01, 0x4c, 0x51, 0x56,
    0x01, 0x7c, 0x82, 0x8a, 0x01, 0x6f, 0x74, 0x7b, 0x01, 0x64, 0x69, 0x70, 0x01, 0x32, 0x36, 0x3a,
    0x01, 0x13, 0x16, 0x18, 0x01, 0x56, 0x5a, 0x60, 0x01, 0x28, 0x2b, 0x2e, 0x01, 0x14, 0x17, 0x19,
    0x01, 0x5a, 0x5f, 0x65, 0x01, 0x4e, 0x52, 0x57, 0x01, 0x5c, 0x60, 0x66, 0x01, 0x66, 0x6b, 0x71,
    0x01, 0x52, 0x57, 0x5c, 0x01, 0x19, 0x1b, 0x1e, 0x01, 0x09, 0x0b, 0x0d, 0x01, 0x0b, 0x0d, 0x0f,
    0x01, 0x2e, 0x31, 0x35, 0x01, 0x5e, 0x63, 0x69, 0x01, 0x64, 0x69, 0x6f, 0x01, 0x54, 0x59, 0x5e,
    0x01, 0x5a, 0x5e, 0x64, 0x01, 0x42, 0x46, 0x4a, 0x01, 0x0a, 0x0c, 0x0e, 0x03, 0x09, 0x0b, 0x0d,
    0x01, 0x13, 0x15, 0x18, 0x01, 0x48, 0x4c, 0x51, 0x01, 0x63, 0x68, 0x6e, 0x01, 0x63, 0x68, 0x6f,
    0x01, 0x55, 0x5a, 0x60, 0x01, 0x22, 0x25, 0x28, 0x01, 0x36, 0x3a, 0x3e, 0x01, 0x50, 0x54, 0x59,
    0x01, 0x10, 0x12, 0x14, 0x01, 0x09, 0x0b, 0x0d, 0x01, 0x0d, 0x10, 0x12, 0x01, 0x49, 0x4d, 0x52,
    0x01, 0x3e, 0x42, 0x47, 0x01, 0x0a, 0x0d, 0x0f, 0x01, 0x13, 0x15, 0x18, 0x01, 0x48, 0x4c, 0x51,
    0x01, 0x63, 0x68, 0x6e, 0x01, 0x63, 0x68, 0x6f, 0x01, 0x55, 0x5a, 0x60, 0x01, 0x26, 0x29, 0x2c,
    0x01, 0x47, 0x4b, 0x50, 0x01, 0x7c, 0x82, 0x8a, 0x01, 0x6f, 0x74, 0x7b, 0x01, 0x64, 0x69, 0x70,
    0x01, 0x33, 0x37, 0x3b, 0x01, 0x25, 0x28, 0x2b, 0x01, 0x54, 0x59, 0x5e, 0x01, 0x63, 0x68, 0x6f,
    0x01, 0x62, 0x67, 0x6d, 0x01, 0x48, 0x4c, 0x51, 0x01, 0x14, 0x17, 0x19, 0x01, 0x09, 0x0b, 0x0d,
    0x01, 0x14, 0x17, 0x19, 0x01, 0x5a, 0x5f, 0x65, 0x01, 0x4f, 0x53, 0x59, 0x01, 0x5d, 0x61, 0x67,
    0x01, 0x66, 0x6b, 0x71, 0x01, 0x4e, 0x52, 0x57, 0x01, 0x30, 0x34, 0x38, 0x01, 0x56, 0x5a, 0x60,
    0x01, 0x65, 0x6a, 0x70, 0x01, 0x58, 0x5d, 0x63, 0x01, 0x1d, 0x20, 0x23, 0x01, 0x09, 0x0b, 0x0d,
    0x01, 0x12, 0x14, 0x16, 0x01, 0x51, 0x56, 0x5b, 0x01, 0x6f, 0x74, 0x7b, 0x01, 0x5f, 0x64, 0x6a,
    0x01, 0x4b, 0x4f, 0x54, 0x01, 0x2c, 0x30, 0x33, 0x01, 0x0f, 0x12, 0x14, 0x01, 0x0a, 0x0c, 0x0e,
    0x01, 0x1d, 0x20, 0x23, 0x01, 0x66, 0x6b, 0x71, 0x01, 0x36, 0x39, 0x3d, 0x01, 0x18, 0x1b, 0x1d,
    0x01, 0x10, 0x12, 0x14, 0x01, 0x0d, 0x10, 0x12, 0x01, 0x2a, 0x2d, 0x30, 0x01, 0x23, 0x26, 0x29,
    0x01, 0x1d, 0x20, 0x23, 0x01, 0x3b, 0x3f, 0x43, 0x01, 0x63, 0x68, 0x6f, 0x01, 0x1c, 0x1f, 0x21,
    0x01, 0x16, 0x18, 0x1b, 0x01, 0x6b, 0x70, 0x77, 0x01, 0x5c, 0x61, 0x67, 0x01, 0x25, 0x28, 0x2b,
    0x01, 0x17, 0x1a, 0x1c, 0x01, 0x1f, 0x22, 0x25, 0x01, 0x66, 0x6b, 0x71, 0x01, 0x36, 0x39, 0x3d,
    0x01, 0x18, 0x1b, 0x1d, 0x01, 0x10, 0x12, 0x14, 0x01, 0x15, 0x17, 0x1a, 0x01, 0x61, 0x65, 0x6c,
    0x01, 0x2c, 0x2f, 0x33, 0x01, 0x16, 0x18, 0x1b, 0x01, 0x6b, 0x70, 0x77, 0x01, 0x5a, 0x5f, 0x65,
    0x01, 0x26, 0x29, 0x2c, 0x01, 0x27, 0x2a, 0x2e, 0x01, 0x63, 0x68, 0x6e, 0x01, 0x3e, 0x41, 0x46,
    0x01, 0x09, 0x0c, 0x0e, 0x01, 0x1b, 0x1d, 0x20, 0x01, 0x65, 0x6a, 0x70, 0x01, 0x44, 0x48, 0x4d,
    0x01, 0x1e, 0x21, 0x24, 0x01, 0x35, 0x39, 0x3d, 0x01, 0x74, 0x7a, 0x81, 0x01, 0x4a, 0x4e, 0x53,
    0x01, 0x0a, 0x0c, 0x0e, 0x03, 0x09, 0x0b, 0x0d, 0x01, 0x2c, 0x2f, 0x33, 0x01, 0x66, 0x6b, 0x72,
    0x01, 0x2c, 0x2f, 0x33, 0x01, 0x1d, 0x20, 0x23, 0x01, 0x29, 0x2c, 0x30, 0x01, 0x1b, 0x1e, 0x21,
    0x01, 0x1e, 0x21, 0x24, 0x01, 0x63, 0x68, 0x6f, 0x01, 0x24, 0x27, 0x2a, 0x01, 0x09, 0x0b, 0x0d,
    0x01, 0x1d, 0x20, 0x23, 0x01, 0x64, 0x69, 0x6f, 0x01, 0x26, 0x29, 0x2d, 0x01, 0x09, 0x0b, 0x0d,
    0x01, 0x2c, 0x2f, 0x33, 0x01, 0x66, 0x6b, 0x72, 0x01, 0x2c, 0x2f, 0x33, 0x01, 0x1d, 0x20, 0x23,
    0x01, 0x29, 0x2c, 0x30, 0x01, 0x1c, 0x1f, 0x22, 0x01, 0x1d, 0x20, 0x23, 0x01, 0x66, 0x6b, 0x71,
    0x01, 0x36, 0x39, 0x3d, 0x01, 0x18, 0x1b, 0x1d, 0x01, 0x1d, 0x20, 0x22, 0x01, 0x5d, 0x62, 0x68,
    0x01, 0x44, 0x48, 0x4d, 0x01, 0x20, 0x23, 0x26, 0x01, 0x27, 0x2a, 0x2e, 0x01, 0x5d, 0x61, 0x67,
    0x01, 0x3e, 0x42, 0x47, 0x01, 0x0a, 0x0d, 0x0f, 0x01, 0x16, 0x18, 0x1b, 0x01, 0x6b, 0x70, 0x77,
    0x01, 0x5a, 0x5e, 0x64, 0x01, 0x25, 0x28, 0x2b, 0x01, 0x2c, 0x30, 0x33, 0x01, 0x6d, 0x72, 0x79,
    0x01, 0x62, 0x66, 0x6d, 0x01, 0x2d, 0x31, 0x34, 0x01, 0x23, 0x26, 0x29, 0x01, 0x5e, 0x63, 0x69,
    0x01, 0x46, 0x4a, 0x4f, 0x01, 0x0b, 0x0d, 0x0f, 0x01, 0x09, 0x0b, 0x0d, 0x01, 0x12, 0x14, 0x16,
    0x01, 0x2e, 0x31, 0x35, 0x01, 0x47, 0x4b, 0x50, 0x01, 0x5e, 0x62, 0x68, 0x01, 0x71, 0x76, 0x7d,
    0x01, 0x40, 0x44, 0x48, 0x01, 0x0c, 0x0f, 0x11, 0x01, 0x15, 0x18, 0x1a, 0x01, 0x62, 0x66, 0x6d,
    0x01, 0x2b, 0x2e, 0x31, 0x02, 0x09, 0x0b, 0x0d, 0x01, 0x0a, 0x0c, 0x0e, 0x01, 0x1c, 0x1f, 0x22,
    0x01, 0x3a, 0x3e, 0x42, 0x01, 0x46, 0x4a, 0x4f, 0x01, 0x4e, 0x52, 0x57, 0x01, 0x6f, 0x74, 0x7b,
    0x01, 0x2d, 0x30, 0x34, 0x01, 0x16, 0x18, 0x1b, 0x01, 0x66, 0x6b, 0x71, 0x01, 0x33, 0x36, 0x3a,
    0x01, 0x09, 0x0c, 0x0e, 0x01, 0x09, 0x0b, 0x0d, 0x01, 0x15, 0x18, 0x1a, 0x01, 0x62, 0x66, 0x6d,
    0x01, 0x2b, 0x2e, 0x31, 0x02, 0x09, 0x0b, 0x0d, 0x01, 0x15, 0x17, 0x1a, 0x01, 0x61, 0x65, 0x6c,
    0x01, 0x2c, 0x2f, 0x33, 0x01, 0x16, 0x18, 0x1b, 0x01, 0x65, 0x6a, 0x71, 0x01, 0x30, 0x34, 0x38,
    0x01, 0x09, 0x0b, 0x0d, 0x01, 0x0a, 0x0d, 0x0f, 0x01, 0x4a, 0x4e, 0x53, 0x01, 0x4d, 0x51, 0x57,
    0x01, 0x0b, 0x0d, 0x0f, 0x01, 0x30, 0x33, 0x37, 0x01, 0x64, 0x69, 0x6f, 0x01, 0x18, 0x1a, 0x1d,
    0x01, 0x09, 0x0b, 0x0d, 0x01, 0x0f, 0x11, 0x13, 0x01, 0x58, 0x5d, 0x63, 0x01, 0x4a, 0x4e, 0x53,
    0x01, 0x0a, 0x0c, 0x0e, 0x03, 0x09, 0x0b, 0x0d, 0x01, 0x24, 0x27, 0x2a, 0x01, 0x63, 0x68, 0x6e,
    0x01, 0x3e, 0x42, 0x47, 0x01, 0x23, 0x26, 0x29, 0x01, 0x13, 0x16, 0x18, 0x01, 0x0a, 0x0c, 0x0e,
    0x01, 0x0d, 0x10, 0x12, 0x01, 0x4e, 0x52, 0x58, 0x01, 0x47, 0x4b, 0x50, 0x01, 0x0d, 0x0f, 0x11,
    0x01, 0x3e, 0x42, 0x46, 0x01, 0x57, 0x5b, 0x61, 0x01, 0x10, 0x13, 0x15, 0x01, 0x09, 0x0b, 0x0d,
    0x01, 0x24, 0x27, 0x2a, 0x01, 0x63, 0x68, 0x6e, 0x01, 0x3e, 0x42, 0x47, 0x01, 0x23, 0x26, 0x29,
    0x01, 0x13, 0x16, 0x18, 0x01, 0x0a, 0x0c, 0x0e, 0x01, 0x15, 0x18, 0x1a, 0x01, 0x62, 0x66, 0x6d,
    0x01, 0x2b, 0x2e, 0x31, 0x01, 0x09, 0x0b, 0x0d, 0x01, 0x2e, 0x31, 0x35, 0x01, 0x72, 0x77, 0x7e,
    0x01, 0x4f, 0x53, 0x59, 0x02, 0x47, 0x4b, 0x50, 0x01, 0x63, 0x68, 0x6e, 0x01, 0x58, 0x5c, 0x62,
    0x01, 0x0f, 0x12, 0x14, 0x01, 0x16, 0x18, 0x1b, 0x01, 0x65, 0x6a, 0x71, 0x01, 0x30, 0x34, 0x38,
    0x01, 0x09, 0x0b, 0x0d, 0x01, 0x0f, 0x12, 0x14, 0x01, 0x59, 0x5d, 0x63, 0x01, 0x48, 0x4c, 0x51,
    0x01, 0x0a, 0x0c, 0x0e, 0x01, 0x09, 0x0c, 0x0e, 0x01, 0x42, 0x46, 0x4b, 0x01, 0x53, 0x58, 0x5d,
    0x01, 0x0e, 0x10, 0x12, 0x03, 0x09, 0x0b, 0x0d, 0x01, 0x0a, 0x0d, 0x0f, 0x01, 0x12, 0x15, 0x17,
    0x01, 0x4a, 0x4e, 0x53, 0x01, 0x67, 0x6c, 0x72, 0x01, 0x15, 0x17, 0x1a, 0x01, 0x15, 0x18, 0x1a,
    0x01, 0x62, 0x66, 0x6d, 0x01, 0x2b, 0x2e, 0x31, 0x02, 0x09, 0x0b, 0x0d, 0x01, 0x1b, 0x1e, 0x20,
    0x01, 0x60, 0x64, 0x6b, 0x01, 0x58, 0x5d, 0x63, 0x01, 0x4a, 0x4e, 0x53, 0x01, 0x4d, 0x51, 0x56,
    0x01, 0x6f, 0x74, 0x7b, 0x01, 0x31, 0x35, 0x39, 0x01, 0x16, 0x18, 0x1b, 0x01, 0x63, 0x68, 0x6e,
    0x01, 0x29, 0x2c, 0x30, 0x02, 0x09, 0x0b, 0x0d, 0x01, 0x15, 0x18, 0x1a, 0x01, 0x62, 0x66, 0x6d,
    0x01, 0x2b, 0x2e, 0x31, 0x02, 0x09, 0x0b, 0x0d, 0x01, 0x15, 0x17, 0x1a, 0x01, 0x61, 0x65, 0x6c,
    0x01, 0x2c, 0x2f, 0x33, 0x01, 0x16, 0x18, 0x1b, 0x01, 0x63, 0x68, 0x6e, 0x01, 0x29, 0x2c, 0x2f,
    0x02, 0x09, 0x0b, 0x0d, 0x01, 0x46, 0x4a, 0x4f, 0x01, 0x4f, 0x53, 0x59, 0x01, 0x0c, 0x0e, 0x10,
    0x01, 0x35, 0x38, 0x3c, 0x01, 0x60, 0x65, 0x6b, 0x01, 0x14, 0x16, 0x19, 0x01, 0x09, 0x0b, 0x0d,
    0x01, 0x0c, 0x0f, 0x11, 0x01, 0x51, 0x55, 0x5b, 0x01, 0x4a, 0x4e, 0x53, 0x01, 0x0a, 0x0c, 0x0e,
    0x03, 0x09, 0x0b, 0x0d, 0x01, 0x0c, 0x0f, 0x11, 0x01, 0x2c, 0x2f, 0x33, 0x01, 0x4a, 0x4e, 0x53,
    0x01, 0x58, 0x5c, 0x62, 0x01, 0x5a, 0x5e, 0x64, 0x01, 0x26, 0x29, 0x2d, 0x01, 0x09, 0x0c, 0x0e,
    0x01, 0x2b, 0x2e, 0x32, 0x01, 0x60, 0x65, 0x6b, 0x01, 0x23, 0x26, 0x29, 0x01, 0x5c, 0x61, 0x67,
    0x01, 0x35, 0x39, 0x3d, 0x01, 0x09, 0x0c, 0x0e, 0x01, 0x09, 0x0b, 0x0d, 0x01, 0x0c, 0x0f, 0x11,
    0x01, 0x2c, 0x2f, 0x33, 0x01, 0x4a, 0x4e, 0x53, 0x01, 0x58, 0x5c, 0x62, 0x01, 0x5a, 0x5e, 0x64,
    0x01, 0x26, 0x29, 0x2d, 0x01, 0x15, 0x18, 0x1b, 0x01, 0x62, 0x66, 0x6d, 0x01, 0x2b, 0x2e, 0x31,
    0x01, 0x09, 0x0b, 0x0d, 0x01, 0x34, 0x38, 0x3c, 0x01, 0x71, 0x76, 0x7d, 0x01, 0x4d, 0x51, 0x56,
    0x03, 0x47, 0x4b, 0x50, 0x01, 0x33, 0x37, 0x3b, 0x01, 0x0d, 0x0f, 0x11, 0x01, 0x16, 0x18, 0x1b,
    0x01, 0x63, 0x68, 0x6e, 0x01, 0x29, 0x2c, 0x2f, 0x01, 0x09, 0x0b, 0x0d, 0x01, 0x0e, 0x11, 0x13,
    0x01, 0x54, 0x58, 0x5e, 0x01, 0x40, 0x44, 0x48, 0x02, 0x09, 0x0b, 0x0d, 0x01, 0x3f, 0x43, 0x47,
    0x01, 0x54, 0x59, 0x5e, 0x01, 0x0e, 0x11, 0x13, 0x01, 0x0c, 0x0f, 0x11, 0x01, 0x12, 0x14, 0x16,
    0x01, 0x0c, 0x0f, 0x11, 0x01, 0x0a, 0x0c, 0x0e, 0x01, 0x0e, 0x11, 0x13, 0x01, 0x44, 0x48, 0x4d,
    0x01, 0x65, 0x6a, 0x70, 0x02, 0x14, 0x17, 0x19, 0x01, 0x61, 0x65, 0x6c, 0x01, 0x2f, 0x32, 0x36,
    0x01, 0x09, 0x0c, 0x0e, 0x01, 0x09, 0x0b, 0x0d, 0x01, 0x2e, 0x31, 0x35, 0x01, 0x65, 0x6a, 0x71,
    0x01, 0x1e, 0x21, 0x24, 0x01, 0x0c, 0x0f, 0x11, 0x01, 0x25, 0x28, 0x2b, 0x01, 0x6c, 0x71, 0x78,
    0x01, 0x31, 0x35, 0x39, 0x01, 0x16, 0x18, 0x1b, 0x01, 0x63, 0x68, 0x6e, 0x01, 0x29, 0x2c, 0x2f,
    0x02, 0x09, 0x0b, 0x0d, 0x01, 0x14, 0x17, 0x19, 0x01, 0x61, 0x65, 0x6c, 0x01, 0x2f, 0x32, 0x36,
    0x01, 0x09, 0x0c, 0x0e, 0x01, 0x09, 0x0b, 0x0d, 0x01, 0x15, 0x17, 0x1a, 0x01, 0x61, 0x65, 0x6c,
    0x01, 0x2c, 0x2f, 0x33, 0x01, 0x16, 0x18, 0x1b, 0x01, 0x63, 0x68, 0x6e, 0x01, 0x29, 0x2c, 0x2f,
    0x02, 0x09, 0x0b, 0x0d, 0x01, 0x46, 0x4a, 0x4f, 0x01, 0x4f, 0x53, 0x59, 0x01, 0x0c, 0x0e, 0x10,
    0x01, 0x26, 0x29, 0x2d, 0x01, 0x69, 0x6e, 0x75, 0x01, 0x26, 0x29, 0x2c, 0x01, 0x0b, 0x0d, 0x0f,
    0x01, 0x19, 0x1c, 0x1e, 0x01, 0x66, 0x6b, 0x72, 0x01, 0x4a, 0x4e, 0x53, 0x01, 0x0a, 0x0c, 0x0e,
    0x03, 0x09, 0x0b, 0x0d, 0x01, 0x0e, 0x10, 0x12, 0x01, 0x10, 0x12, 0x14, 0x01, 0x0e, 0x10, 0x12,
    0x01, 0x17, 0x19, 0x1c, 0x01, 0x54, 0x59, 0x5e, 0x01, 0x4e, 0x52, 0x57, 0x01, 0x0c, 0x0e, 0x10,
    0x01, 0x12, 0x15, 0x17, 0x01, 0x59, 0x5e, 0x64, 0x01, 0x58, 0x5d, 0x63, 0x01, 0x60, 0x65, 0x6b,
    0x01, 0x18, 0x1a, 0x1d, 0x02, 0x09, 0x0b, 0x0d, 0x01, 0x0e, 0x10, 0x12, 0x01, 0x10, 0x12, 0x14,
    0x01, 0x0e, 0x10, 0x12, 0x01, 0x17, 0x19, 0x1c, 0x01, 0x54, 0x59, 0x5e, 0x01, 0x4e, 0x52, 0x57,
    0x01, 0x17, 0x19, 0x1c, 0x01, 0x61, 0x65, 0x6c, 0x01, 0x2f, 0x32, 0x36, 0x01, 0x09, 0x0c, 0x0e,
    0x01, 0x24, 0x27, 0x2a, 0x01, 0x68, 0x6d, 0x73, 0x01, 0x2b, 0x2e, 0x31, 0x01, 0x0c, 0x0e, 0x10,
    0x01, 0x0a, 0x0d, 0x0f, 0x01, 0x0f, 0x12, 0x14, 0x01, 0x0f, 0x11, 0x13, 0x01, 0x09, 0x0b, 0x0d,
    0x01, 0x16, 0x18, 0x1b, 0x01, 0x63, 0x68, 0x6e, 0x01, 0x29, 0x2c, 0x2f, 0x01, 0x09, 0x0b, 0x0d,
    0x01, 0x0e, 0x11, 0x13, 0x01, 0x54, 0x58, 0x5e, 0x01, 0x40, 0x44, 0x48, 0x02, 0x09, 0x0b, 0x0d,
    0x01, 0x3f, 0x43, 0x47, 0x01, 0x54, 0x59, 0x5e, 0x01, 0x0e, 0x11, 0x13, 0x01, 0x1f, 0x22, 0x25,
    0x01, 0x53, 0x57, 0x5d, 0x01, 0x4e, 0x52, 0x58, 0x01, 0x4a, 0x4e, 0x53, 0x01, 0x53, 0x57, 0x5d,
    0x01, 0x6a, 0x6f, 0x76, 0x01, 0x3e, 0x41, 0x46, 0x01, 0x0c, 0x0e, 0x10, 0x01, 0x0f, 0x11, 0x13,
    0x01, 0x52, 0x56, 0x5c, 0x01, 0x5f, 0x63, 0x69, 0x01, 0x47, 0x4b, 0x50, 0x01, 0x25, 0x28, 0x2b,
    0x01, 0x1e, 0x21, 0x24, 0x01, 0x65, 0x6a, 0x70, 0x01, 0x57, 0x5b, 0x61, 0x01, 0x4c, 0x50, 0x55,
    0x01, 0x5d, 0x62, 0x68, 0x01, 0x72, 0x77, 0x7f, 0x01, 0x31, 0x35, 0x39, 0x01, 0x16, 0x18, 0x1b,
    0x01, 0x63, 0x68, 0x6e, 0x01, 0x29, 0x2c, 0x2f, 0x02, 0x09, 0x0b, 0x0d, 0x01, 0x0f, 0x11, 0x13,
    0x01, 0x52, 0x56, 0x5c, 0x01, 0x5f, 0x63, 0x69, 0x01, 0x47, 0x4b, 0x50, 0x01, 0x25, 0x28, 0x2b,
    0x01, 0x15, 0x17, 0x1a, 0x01, 0x61, 0x65, 0x6c, 0x01, 0x2c, 0x2f, 0x33, 0x01, 0x16, 0x18, 0x1b,
    0x01, 0x63, 0x68, 0x6e, 0x01, 0x29, 0x2c, 0x2f, 0x02, 0x09, 0x0b, 0x0d, 0x01, 0x46, 0x4a, 0x4f,
    0x01, 0x4f, 0x53, 0x59, 0x01, 0x0c, 0x0e, 0x10, 0x01, 0x10, 0x13, 0x15, 0x01, 0x50, 0x54, 0x59,
    0x01, 0x62, 0x67, 0x6e, 0x01, 0x4b, 0x4f, 0x54, 0x01, 0x56, 0x5a, 0x60, 0x01, 0x73, 0x78, 0x80,
    0x01, 0x49, 0x4d, 0x52, 0x01, 0x09, 0x0c, 0x0e, 0x03, 0x09, 0x0b, 0x0d, 0x01, 0x2b, 0x2e, 0x31,
    0x01, 0x52, 0x57, 0x5c, 0x01, 0x4b, 0x4f, 0x54, 0x01, 0x4d, 0x51, 0x57, 0x01, 0x66, 0x6b, 0x71,
    0x01, 0x3a, 0x3d, 0x42, 0x01, 0x0a, 0x0d, 0x0f, 0x01, 0x0a, 0x0c, 0x0e, 0x01, 0x39, 0x3d, 0x41,
    0x01, 0x7a, 0x7f, 0x87, 0x01, 0x45, 0x49, 0x4e, 0x01, 0x0b, 0x0e, 0x10, 0x02, 0x09, 0x0b, 0x0d,
    0x01, 0x2b, 0x2e, 0x31, 0x01, 0x52, 0x57, 0x5c, 0x01, 0x4b, 0x4f, 0x54, 0x01, 0x4d, 0x51, 0x57,
    0x01, 0x66, 0x6b, 0x71, 0x01, 0x3a, 0x3d, 0x42, 0x01, 0x10, 0x13, 0x15, 0x01, 0x52, 0x56, 0x5c,
    0x01, 0x5f, 0x63, 0x69, 0x01, 0x47, 0x4b, 0x50, 0x01, 0x29, 0x2c, 0x2f, 0x01, 0x45, 0x49, 0x4e,
    0x01, 0x64, 0x69, 0x6f, 0x01, 0x4e, 0x52, 0x58, 0x01, 0x4a, 0x4e, 0x53, 0x01, 0x53, 0x58, 0x5d,
    0x01, 0x33, 0x37, 0x3b, 0x01, 0x09, 0x0b, 0x0d, 0x01, 0x16, 0x18, 0x1b, 0x01, 0x63, 0x68, 0x6e,
    0x01, 0x29, 0x2c, 0x2f, 0x01, 0x09, 0x0b, 0x0d, 0x01, 0x0e, 0x11, 0x13, 0x01, 0x54, 0x58, 0x5e,
    0x01, 0x40, 0x44, 0x48, 0x02, 0x09, 0x0b, 0x0d, 0x01, 0x3f, 0x43, 0x47, 0x01, 0x54, 0x59, 0x5e,
    0x02, 0x0e, 0x11, 0x13, 0x01, 0x28, 0x2b, 0x2e, 0x01, 0x3c, 0x40, 0x44, 0x01, 0x44, 0x48, 0x4d,
    0x01, 0x3f, 0x43, 0x48, 0x01, 0x28, 0x2b, 0x2f, 0x01, 0x0e, 0x11, 0x13, 0x01, 0x09, 0x0b, 0x0d,
    0x01, 0x09, 0x0c, 0x0e, 0x01, 0x1b, 0x1e, 0x21, 0x01, 0x3d, 0x41, 0x45, 0x01, 0x45, 0x49, 0x4e,
    0x01, 0x25, 0x28, 0x2b, 0x01, 0x0b, 0x0d, 0x0f, 0x01, 0x23, 0x26, 0x29, 0x01, 0x41, 0x45, 0x49,
    0x01, 0x40, 0x44, 0x48, 0x01, 0x29, 0x2c, 0x2f, 0x01, 0x35, 0x39, 0x3d, 0x01, 0x1d, 0x20, 0x23,
    0x01, 0x0f, 0x12, 0x14, 0x01, 0x36, 0x3a, 0x3e, 0x01, 0x19, 0x1c, 0x1e, 0x02, 0x09, 0x0b, 0x0d,
    0x01, 0x09, 0x0c, 0x0e, 0x01, 0x1b, 0x1e, 0x21, 0x01, 0x3d, 0x41, 0x45, 0x01, 0x45, 0x49, 0x4e,
    0x01, 0x25, 0x28, 0x2b, 0x01, 0x0f, 0x11, 0x13, 0x01, 0x35, 0x38, 0x3c, 0x01, 0x1b, 0x1d, 0x20,
    0x01, 0x0f, 0x12, 0x14, 0x01, 0x36, 0x3a, 0x3e, 0x01, 0x19, 0x1c, 0x1e, 0x02, 0x09, 0x0b, 0x0d,
    0x01, 0x28, 0x2b, 0x2e, 0x01, 0x2c, 0x2f, 0x33, 0x01, 0x0a, 0x0d, 0x0f, 0x01, 0x09, 0x0b, 0x0d,
    0x01, 0x14, 0x17, 0x19, 0x01, 0x36, 0x39, 0x3d, 0x01, 0x43, 0x47, 0x4c, 0x01, 0x34, 0x37, 0x3b,
    0x01, 0x5a, 0x5f, 0x65, 0x01, 0x41, 0x45, 0x4a, 0x04, 0x09, 0x0b, 0x0d, 0x01, 0x13, 0x15, 0x18,
    0x01, 0x30, 0x33, 0x37, 0x01, 0x41, 0x45, 0x4a, 0x01, 0x42, 0x46, 0x4a, 0x01, 0x2c, 0x2f, 0x33,
    0x01, 0x0f, 0x11, 0x13, 0x02, 0x09, 0x0b, 0x0d, 0x01, 0x26, 0x29, 0x2d, 0x01, 0x6a, 0x6f, 0x76,
    0x01, 0x22, 0x25, 0x28, 0x03, 0x09, 0x0b, 0x0d, 0x01, 0x13, 0x15, 0x18, 0x01, 0x30, 0x33, 0x37,
    0x01, 0x41, 0x45, 0x4a, 0x01, 0x42, 0x46, 0x4a, 0x01, 0x2c, 0x2f, 0x33, 0x01, 0x0f, 0x11, 0x13,
    0x01, 0x09, 0x0c, 0x0e, 0x01, 0x1b, 0x1e, 0x21, 0x01, 0x3d, 0x41, 0x45, 0x01, 0x45, 0x49, 0x4e,
    0x01, 0x25, 0x28, 0x2b, 0x01, 0x0f, 0x12, 0x14, 0x01, 0x2b, 0x2e, 0x31, 0x01, 0x41, 0x45, 0x4a,
    0x01, 0x42, 0x46, 0x4b, 0x01, 0x34, 0x37, 0x3b, 0x01, 0x16, 0x19, 0x1b, 0x01, 0x09, 0x0b, 0x0d,
    0x01, 0x0f, 0x12, 0x14, 0x01, 0x36, 0x3a, 0x3e, 0x01, 0x19, 0x1c, 0x1e, 0x01, 0x09, 0x0b, 0x0d,
    0x01, 0x0c, 0x0e, 0x10, 0x01, 0x2e, 0x32, 0x35, 0x01, 0x25, 0x28, 0x2b, 0x02, 0x09, 0x0b, 0x0d,
    0x01, 0x24, 0x27, 0x2a, 0x01, 0x2f, 0x32, 0x36, 0x01, 0x0c, 0x0e, 0x10, 0x29, 0x09, 0x0b, 0x0d,
    0x01, 0x0a, 0x0c, 0x0e, 0x01, 0x21, 0x24, 0x27, 0x01, 0x25, 0x28, 0x2b, 0x01, 0x1c, 0x1f, 0x22,
    0x01, 0x38, 0x3b, 0x3f, 0x01, 0x67, 0x6c, 0x73, 0x01, 0x29, 0x2c, 0x2f, 0x0a, 0x09, 0x0b, 0x0d,
    0x01, 0x0b, 0x0e, 0x10, 0x01, 0x1a, 0x1d, 0x1f, 0x01, 0x4d, 0x51, 0x56, 0x01, 0x52, 0x56, 0x5c,
    0x01, 0x0f, 0x11, 0x13, 0x4a, 0x09, 0x0b, 0x0d, 0x01, 0x0a, 0x0c, 0x0e, 0x01, 0x30, 0x33, 0x37,
    0x01, 0x5d, 0x62, 0x68, 0x01, 0x64, 0x69, 0x70, 0x01, 0x61, 0x65, 0x6c, 0x01, 0x3b, 0x3e, 0x43,
    0x01, 0x0e, 0x10, 0x12, 0x0a, 0x09, 0x0b, 0x0d, 0x01, 0x18, 0x1b, 0x1d, 0x01, 0x5c, 0x60, 0x66,
    0x01, 0x5e, 0x62, 0x68, 0x01, 0x24, 0x27, 0x2a, 0x01, 0x09, 0x0c, 0x0e, 0x4b, 0x09, 0x0b, 0x0d,
    0x01, 0x0c, 0x0f, 0x11, 0x01, 0x16, 0x18, 0x1b, 0x01, 0x1a, 0x1c, 0x1f, 0x01, 0x16, 0x18, 0x1b,
    0x01, 0x0b, 0x0e, 0x10, 0x0b, 0x09, 0x0b, 0x0d, 0x01, 0x0c, 0x0e, 0x10, 0x01, 0x19, 0x1b, 0x1e,
    0x01, 0x15, 0x17, 0x1a, 0x01, 0x0a, 0x0d, 0x0f, 0x22, 0x09, 0x0b, 0x0d, 0x01, 0x0e, 0x11, 0x13,
    0x01, 0x37, 0x3b, 0x3f, 0x02, 0x47, 0x4b, 0x50, 0x01, 0x41, 0x45, 0x49, 0x01, 0x29, 0x2c, 0x30,
    0x01, 0x0e, 0x10, 0x12, 0x21, 0x09, 0x0b, 0x0d, 0x01, 0x0f, 0x11, 0x13, 0x01, 0x35, 0x38, 0x3c,
    0x01, 0x1b, 0x1d, 0x20, 0x19, 0x09, 0x0b, 0x0d, 0x01, 0x0a, 0x0d, 0x0f, 0x01, 0x14, 0x17, 0x19,
    0x01, 0x0d, 0x10, 0x12, 0x25, 0x09, 0x0b, 0x0d, 0x01, 0x13, 0x16, 0x18, 0x01, 0x63, 0x68, 0x6e,
    0x01, 0x60, 0x64, 0x6b, 0x01, 0x48, 0x4c, 0x51, 0x01, 0x53, 0x58, 0x5d, 0x01, 0x6c, 0x71, 0x78,
    0x01, 0x38, 0x3c, 0x40, 0x01, 0x0a, 0x0d, 0x0f, 0x20, 0x09, 0x0b, 0x0d, 0x01, 0x13, 0x16, 0x18,
    0x01, 0x56, 0x5a, 0x60, 0x01, 0x28, 0x2b, 0x2e, 0x19, 0x09, 0x0b, 0x0d, 0x01, 0x14, 0x16, 0x19,
    0x01, 0x56, 0x5b, 0x61, 0x01, 0x26, 0x29, 0x2d, 0x25, 0x09, 0x0b, 0x0d, 0x01, 0x13, 0x16, 0x18,
    0x01, 0x61, 0x65, 0x6c, 0x01, 0x3a, 0x3e, 0x42, 0x01, 0x09, 0x0c, 0x0e, 0x01, 0x0f, 0x12, 0x14,
    0x01, 0x50, 0x54, 0x5a, 0x01, 0x5d, 0x62, 0x68, 0x01, 0x11, 0x13, 0x15, 0x01, 0x0a, 0x0d, 0x0f,
    0x01, 0x14, 0x17, 0x19, 0x01, 0x0f, 0x11, 0x13, 0x01, 0x14, 0x16, 0x19, 0x01, 0x16, 0x18, 0x1b,
    0x01, 0x0b, 0x0d, 0x10, 0x01, 0x10, 0x12, 0x14, 0x01, 0x17, 0x1a, 0x1c, 0x01, 0x16, 0x18, 0x1b,
    0x01, 0x0d, 0x10, 0x12, 0x02, 0x09, 0x0b, 0x0d, 0x01, 0x0a, 0x0d, 0x0f, 0x01, 0x14, 0x17, 0x19,
    0x01, 0x0f, 0x12, 0x14, 0x01, 0x14, 0x17, 0x19, 0x01, 0x17, 0x19, 0x1c, 0x01, 0x0f, 0x11, 0x13,
    0x01, 0x09, 0x0c, 0x0e, 0x01, 0x09, 0x0b, 0x0d, 0x01, 0x0d, 0x0f, 0x11, 0x01, 0x14, 0x17, 0x19,
    0x01, 0x18, 0x1a, 0x1d, 0x01, 0x13, 0x16, 0x18, 0x01, 0x0a, 0x0d, 0x0f, 0x02, 0x09, 0x0b, 0x0d,
    0x01, 0x0a, 0x0d, 0x0f, 0x01, 0x14, 0x17, 0x19, 0x01, 0x0f, 0x11, 0x13, 0x01, 0x14, 0x16, 0x19,
    0x01, 0x16, 0x18, 0x1b, 0x01, 0x0e, 0x10, 0x12, 0x01, 0x1f, 0x22, 0x25, 0x01, 0x12, 0x14, 0x16,
    0x01, 0x0a, 0x0d, 0x0f, 0x01, 0x14, 0x17, 0x19, 0x01, 0x0f, 0x11, 0x13, 0x01, 0x14, 0x16, 0x19,
    0x01, 0x17, 0x1a, 0x1c, 0x01, 0x10, 0x12, 0x14, 0x01, 0x09, 0x0c, 0x0e, 0x02, 0x09, 0x0b, 0x0d,
    0x01, 0x0a, 0x0d, 0x0f, 0x01, 0x13, 0x15, 0x18, 0x01, 0x17, 0x1a, 0x1c, 0x01, 0x11, 0x13, 0x15,
    0x01, 0x12, 0x14, 0x16, 0x01, 0x11, 0x14, 0x16, 0x05, 0x09, 0x0b, 0x0d, 0x01, 0x0d, 0x10, 0x12,
    0x01, 0x16, 0x19, 0x1b, 0x01, 0x17, 0x1a, 0x1c, 0x01, 0x12, 0x14, 0x16, 0x01, 0x0b, 0x0e, 0x10,
    0x01, 0x1d, 0x20, 0x23, 0x01, 0x66, 0x6b, 0x71, 0x01, 0x36, 0x39, 0x3d, 0x01, 0x18, 0x1b, 0x1d,
    0x01, 0x10, 0x12, 0x14, 0x01, 0x09, 0x0b, 0x0d, 0x01, 0x0a, 0x0c, 0x0e, 0x01, 0x11, 0x14, 0x16,
    0x01, 0x17, 0x1a, 0x1c, 0x01, 0x15, 0x17, 0x1a, 0x01, 0x0b, 0x0e, 0x10, 0x01, 0x09, 0x0b, 0x0d,
    0x01, 0x0a, 0x0d, 0x0f, 0x01, 0x14, 0x17, 0x19, 0x01, 0x0f, 0x11, 0x13, 0x01, 0x14, 0x16, 0x19,
    0x01, 0x16, 0x18, 0x1b, 0x01, 0x0b, 0x0d, 0x0f, 0x01, 0x0d, 0x0f, 0x11, 0x01, 0x14, 0x17, 0x19,
    0x01, 0x18, 0x1a, 0x1d, 0x01, 0x13, 0x16, 0x18, 0x01, 0x0a, 0x0d, 0x0f, 0x03, 0x09, 0x0b, 0x0d,
    0x01, 0x0a, 0x0d, 0x0f, 0x01, 0x13, 0x15, 0x18, 0x01, 0x17, 0x1a, 0x1c, 0x01, 0x11, 0x13, 0x15,
    0x01, 0x12, 0x14, 0x16, 0x01, 0x11, 0x14, 0x16, 0x01, 0x09, 0x0b, 0x0d, 0x01, 0x09, 0x0c, 0x0e,
    0x01, 0x10, 0x12, 0x14, 0x01, 0x17, 0x1a, 0x1c, 0x01, 0x16, 0x18, 0x1b, 0x01, 0x0d, 0x10, 0x12,
    0x02, 0x09, 0x0b, 0x0d, 0x01, 0x13, 0x16, 0x18, 0x01, 0x61, 0x65, 0x6c, 0x01, 0x3a, 0x3e, 0x42,
    0x01, 0x09, 0x0c, 0x0e, 0x01, 0x0f, 0x12, 0x14, 0x01, 0x50, 0x54, 0x5a, 0x01, 0x5d, 0x62, 0x68,
    0x01, 0x11, 0x13, 0x15, 0x01, 0x14, 0x17, 0x19, 0x01, 0x5a, 0x5f, 0x65, 0x01, 0x4f, 0x53, 0x59,
    0x01, 0x5c, 0x60, 0x66, 0x01, 0x55, 0x59, 0x5f, 0x01, 0x2c, 0x30, 0x33, 0x01, 0x54, 0x59, 0x5e,
    0x01, 0x63, 0x68, 0x6f, 0x01, 0x62, 0x67, 0x6d, 0x01, 0x48, 0x4c, 0x51, 0x01, 0x14, 0x17, 0x19,
    0x01, 0x09, 0x0b, 0x0d, 0x01, 0x14, 0x17, 0x19, 0x01, 0x5a, 0x5f, 0x65, 0x01, 0x50, 0x54, 0x5a,
    0x01, 0x5d, 0x62, 0x68, 0x01, 0x65, 0x6a, 0x70, 0x01, 0x50, 0x55, 0x5a, 0x01, 0x1a, 0x1c, 0x1f,
    0x01, 0x0e, 0x10, 0x12, 0x01, 0x3d, 0x41, 0x45, 0x01, 0x5d, 0x62, 0x68, 0x01, 0x64, 0x69, 0x70,
    0x01, 0x5e, 0x63, 0x69, 0x01, 0x32, 0x36, 0x3a, 0x01, 0x0b, 0x0e, 0x10, 0x01, 0x09, 0x0b, 0x0d,
    0x01, 0x14, 0x17, 0x19, 0x01, 0x5a, 0x5f, 0x65, 0x01, 0x4f, 0x53, 0x59, 0x01, 0x5c, 0x60, 0x66,
    0x01, 0x55, 0x59, 0x5f, 0x01, 0x1c, 0x20, 0x22, 0x01, 0x56, 0x5a, 0x60, 0x01, 0x28, 0x2b, 0x2e,
    0x01, 0x14, 0x17, 0x19, 0x01, 0x5a, 0x5f, 0x65, 0x01, 0x4e, 0x52, 0x57, 0x01, 0x5c, 0x60, 0x66,
    0x01, 0x66, 0x6b, 0x71, 0x01, 0x52, 0x57, 0x5c, 0x01, 0x19, 0x1b, 0x1e, 0x01, 0x09, 0x0b, 0x0d,
    0x01, 0x0b, 0x0d, 0x0f, 0x01, 0x2e, 0x31, 0x35, 0x01, 0x5e, 0x63, 0x69, 0x01, 0x64, 0x69, 0x6f,
    0x01, 0x54, 0x59, 0x5e, 0x01, 0x5a, 0x5e, 0x64, 0x01, 0x42, 0x46, 0x4a, 0x01, 0x0a, 0x0c, 0x0e,
    0x03, 0x09, 0x0b, 0x0d, 0x01, 0x13, 0x15, 0x18, 0x01, 0x48, 0x4c, 0x51, 0x01, 0x63, 0x68, 0x6e,
    0x01, 0x63, 0x68, 0x6f, 0x01, 0x55, 0x5a, 0x60, 0x01, 0x26, 0x29, 0x2c, 0x01, 0x47, 0x4b, 0x50,
    0x01, 0x7c, 0x82, 0x8a, 0x01, 0x6f, 0x74, 0x7b, 0x01, 0x64, 0x69, 0x70, 0x01, 0x32, 0x36, 0x3a,
    0x01, 0x0a, 0x0d, 0x0f, 0x01, 0x2a, 0x2d, 0x31, 0x01, 0x5a, 0x5e, 0x64, 0x01, 0x64, 0x69, 0x70,
    0x01, 0x61, 0x66, 0x6c, 0x01, 0x3e, 0x42, 0x46, 0x01, 0x10, 0x12, 0x14, 0x01, 0x14, 0x17, 0x19,
    0x01, 0x5a, 0x5f, 0x65, 0x01, 0x4f, 0x53, 0x59, 0x01, 0x5c, 0x60, 0x66, 0x01, 0x55, 0x59, 0x5f,
    0x01, 0x17, 0x1b, 0x1d, 0x01, 0x3d, 0x41, 0x45, 0x01, 0x5d, 0x62, 0x68, 0x01, 0x64, 0x69, 0x70,
    0x01, 0x5e, 0x63, 0x69, 0x01, 0x32, 0x36, 0x3a, 0x01, 0x0b, 0x0e, 0x10, 0x01, 0x09, 0x0b, 0x0d,
    0x01, 0x0b, 0x0d, 0x0f, 0x01, 0x2e, 0x31, 0x35, 0x01, 0x5e, 0x63, 0x69, 0x01, 0x64, 0x69, 0x6f,
    0x01, 0x54, 0x59, 0x5e, 0x01, 0x5a, 0x5e, 0x64, 0x01, 0x42, 0x46, 0x4a, 0x01, 0x0b, 0x0d, 0x0f,
    0x01, 0x25, 0x28, 0x2b, 0x01, 0x54, 0x59, 0x5e, 0x01, 0x63, 0x68, 0x6f, 0x01, 0x62, 0x67, 0x6d,
    0x01, 0x48, 0x4c, 0x51, 0x01, 0x14, 0x17, 0x19, 0x01, 0x09, 0x0b, 0x0d, 0x01, 0x13, 0x16, 0x18,
    0x01, 0x63, 0x68, 0x6e, 0x01, 0x60, 0x64, 0x6b, 0x01, 0x48, 0x4c, 0x51, 0x01, 0x53, 0x58, 0x5d,
    0x01, 0x6c, 0x71, 0x78, 0x01, 0x39, 0x3c, 0x40, 0x01, 0x0a, 0x0d, 0x0f, 0x01, 0x16, 0x18, 0x1b,
    0x01, 0x6b, 0x70, 0x77, 0x01, 0x5c, 0x61, 0x67, 0x01, 0x25, 0x28, 0x2b, 0x01, 0x23, 0x26, 0x29,
    0x01, 0x5e, 0x62, 0x69, 0x01, 0x44, 0x48, 0x4d, 0x01, 0x20, 0x23, 0x26, 0x01, 0x27, 0x2a, 0x2e,
    0x01, 0x5d, 0x61, 0x67, 0x01, 0x3e, 0x42, 0x47, 0x01, 0x0a, 0x0d, 0x0f, 0x01, 0x16, 0x18, 0x1b,
    0x01, 0x6c, 0x71, 0x78, 0x01, 0x5f, 0x64, 0x6a, 0x01, 0x26, 0x29, 0x2c, 0x01, 0x25, 0x28, 0x2b,
    0x01, 0x5e, 0x63, 0x69, 0x01, 0x4a, 0x4e, 0x53, 0x01, 0x11, 0x13, 0x16, 0x01, 0x2a, 0x2d, 0x30,
    0x01, 0x23, 0x26, 0x29, 0x01, 0x1d, 0x20, 0x23, 0x01, 0x3b, 0x3f, 0x43, 0x01, 0x63, 0x68, 0x6f,
    0x01, 0x1c, 0x1f, 0x21, 0x01, 0x09, 0x0b, 0x0d, 0x01, 0x16, 0x18, 0x1b, 0x01, 0x6b, 0x70, 0x77,
    0x01, 0x5c, 0x61, 0x67, 0x01, 0x25, 0x28, 0x2b, 0x02, 0x16, 0x19, 0x1b, 0x01, 0x61, 0x65, 0x6c,
    0x01, 0x2c, 0x2f, 0x33, 0x01, 0x16, 0x18, 0x1b, 0x01, 0x6b, 0x70, 0x77, 0x01, 0x5a, 0x5f, 0x65,
    0x01, 0x26, 0x29, 0x2c, 0x01, 0x27, 0x2a, 0x2e, 0x01, 0x63, 0x68, 0x6e, 0x01, 0x3e, 0x41, 0x46,
    0x01, 0x09, 0x0c, 0x0e, 0x01, 0x1b, 0x1d, 0x20, 0x01, 0x65, 0x6a, 0x70, 0x01, 0x44, 0x48, 0x4d,
    0x01, 0x1e, 0x21, 0x24, 0x01, 0x35, 0x39, 0x3d, 0x01, 0x74, 0x7a, 0x81, 0x01, 0x4a, 0x4e, 0x53,
    0x01, 0x0a, 0x0c, 0x0e, 0x03, 0x09, 0x0b, 0x0d, 0x01, 0x2c, 0x2f, 0x33, 0x01, 0x66, 0x6b, 0x72,
    0x01, 0x2c, 0x2f, 0x33, 0x01, 0x1d, 0x20, 0x23, 0x01, 0x29, 0x2c, 0x30, 0x01, 0x1c, 0x1f, 0x22,
    0x01, 0x1d, 0x20, 0x23, 0x01, 0x66, 0x6b, 0x71, 0x01, 0x36, 0x39, 0x3d, 0x01, 0x18, 0x1b, 0x1d,
    0x01, 0x10, 0x12, 0x14, 0x01, 0x1a, 0x1c, 0x1f, 0x01, 0x64, 0x69, 0x6f, 0x01, 0x48, 0x4c, 0x51,
    0x01, 0x1f, 0x22, 0x25, 0x01, 0x33, 0x36, 0x3a, 0x01, 0x69, 0x6e, 0x75, 0x01, 0x32, 0x36, 0x3a,
    0x01, 0x16, 0x19, 0x1c, 0x01, 0x6b, 0x70, 0x77, 0x01, 0x5c, 0x61, 0x67, 0x01, 0x25, 0x28, 0x2b,
    0x01, 0x16, 0x19, 0x1b, 0x01, 0x0f, 0x11, 0x14, 0x01, 0x2a, 0x2d, 0x30, 0x01, 0x23, 0x26, 0x29,
    0x01, 0x1d, 0x20, 0x23, 0x01, 0x3b, 0x3f, 0x43, 0x01, 0x63, 0x68, 0x6f, 0x01, 0x1c, 0x1f, 0x21,
    0x01, 0x09, 0x0b, 0x0d, 0x01, 0x1b, 0x1d, 0x20, 0x01, 0x65, 0x6a, 0x70, 0x01, 0x44, 0x48, 0x4d,
    0x01, 0x1e, 0x21, 0x24, 0x01, 0x35, 0x39, 0x3d, 0x01, 0x74, 0x7a, 0x81, 0x01, 0x4a, 0x4e, 0x53,
    0x01, 0x18, 0x1a, 0x1d, 0x01, 0x5d, 0x62, 0x68, 0x01, 0x44, 0x48, 0x4d, 0x01, 0x20, 0x23, 0x26,
    0x01, 0x27, 0x2a, 0x2e, 0x01, 0x5d, 0x61, 0x67, 0x01, 0x3e, 0x42, 0x47, 0x01, 0x0a, 0x0d, 0x0f,
    0x01, 0x13, 0x16, 0x18, 0x01, 0x63, 0x68, 0x6e, 0x01, 0x60, 0x64, 0x6b, 0x01, 0x47, 0x4b, 0x50,
    0x01, 0x41, 0x45, 0x4a, 0x01, 0x29, 0x2c, 0x30, 0x01, 0x0e, 0x10, 0x12, 0x01, 0x09, 0x0b, 0x0d,
    0x01, 0x16, 0x18, 0x1b, 0x01, 0x66, 0x6b, 0x71, 0x01, 0x33, 0x36, 0x3a, 0x01, 0x09, 0x0c, 0x0e,
    0x01, 0x2e, 0x31, 0x35, 0x01, 0x72, 0x77, 0x7e, 0x01, 0x4f, 0x53, 0x59, 0x02, 0x47, 0x4b, 0x50,
    0x01, 0x63, 0x68, 0x6e, 0x01, 0x58, 0x5c, 0x62, 0x01, 0x0f, 0x12, 0x14, 0x01, 0x16, 0x18, 0x1b,
    0x01, 0x67, 0x6c, 0x72, 0x01, 0x35, 0x39, 0x3d, 0x02, 0x09, 0x0c, 0x0e, 0x01, 0x34, 0x38, 0x3c,
    0x01, 0x63, 0x68, 0x6e, 0x01, 0x16, 0x18, 0x1b, 0x01, 0x1c, 0x1f, 0x22, 0x01, 0x3a, 0x3e, 0x42,
    0x01, 0x46, 0x4a, 0x4f, 0x01, 0x4e, 0x52, 0x57, 0x01, 0x6f, 0x74, 0x7b, 0x01, 0x2d, 0x30, 0x34,
    0x01, 0x09, 0x0b, 0x0d, 0x01, 0x16, 0x18, 0x1b, 0x01, 0x66, 0x6b, 0x71, 0x01, 0x33, 0x36, 0x3a,
    0x01, 0x09, 0x0c, 0x0e, 0x01, 0x09, 0x0b, 0x0d, 0x01, 0x15, 0x17, 0x1a, 0x01, 0x61, 0x65, 0x6c,
    0x01, 0x2c, 0x2f, 0x33, 0x01, 0x16, 0x18, 0x1b, 0x01, 0x65, 0x6a, 0x71, 0x01, 0x30, 0x34, 0x38,
    0x01, 0x09, 0x0b, 0x0d, 0x01, 0x0a, 0x0d, 0x0f, 0x01, 0x4a, 0x4e, 0x53, 0x01, 0x4d, 0x51, 0x57,
    0x01, 0x0b, 0x0d, 0x0f, 0x01, 0x30, 0x33, 0x37, 0x01, 0x64, 0x69, 0x6f, 0x01, 0x18, 0x1a, 0x1d,
    0x01, 0x09, 0x0b, 0x0d, 0x01, 0x0f, 0x11, 0x13, 0x01, 0x58, 0x5d, 0x63, 0x01, 0x4a, 0x4e, 0x53,
    0x01, 0x0a, 0x0c, 0x0e, 0x03, 0x09, 0x0b, 0x0d, 0x01, 0x24, 0x27, 0x2a, 0x01, 0x63, 0x68, 0x6e,
    0x01, 0x3e, 0x42, 0x47, 0x01, 0x23, 0x26, 0x29, 0x01, 0x13, 0x16, 0x18, 0x01, 0x0a, 0x0c, 0x0e,
    0x01, 0x15, 0x18, 0x1a, 0x01, 0x62, 0x66, 0x6d, 0x01, 0x2b, 0x2e, 0x31, 0x02, 0x09, 0x0b, 0x0d,
    0x01, 0x2f, 0x33, 0x37, 0x01, 0x66, 0x6b, 0x72, 0x01, 0x19, 0x1c, 0x1e, 0x01, 0x09, 0x0b, 0x0d,
    0x01, 0x0c, 0x0e, 0x10, 0x01, 0x4f, 0x53, 0x58, 0x01, 0x50, 0x54, 0x59, 0x01, 0x18, 0x1c, 0x1e,
    0x01, 0x66, 0x6b, 0x71, 0x01, 0x33, 0x36, 0x3a, 0x01, 0x09, 0x0c, 0x0e, 0x01, 0x09, 0x0b, 0x0d,
    0x01, 0x0a, 0x0c, 0x0e, 0x01, 0x1c, 0x1f, 0x22, 0x01, 0x3a, 0x3e, 0x42, 0x01, 0x46, 0x4a, 0x4f,
    0x01, 0x4e, 0x52, 0x57, 0x01, 0x6f, 0x74, 0x7b, 0x01, 0x2d, 0x30, 0x34, 0x01, 0x09, 0x0b, 0x0d,
    0x01, 0x30, 0x33, 0x37, 0x01, 0x64, 0x69, 0x6f, 0x01, 0x18, 0x1a, 0x1d, 0x01, 0x09, 0x0b, 0x0d,
    0x01, 0x0f, 0x11, 0x13, 0x01, 0x58, 0x5d, 0x63, 0x01, 0x4a, 0x4e, 0x53, 0x01, 0x2f, 0x32, 0x36,
    0x01, 0x72, 0x77, 0x7e, 0x01, 0x4f, 0x53, 0x59, 0x02, 0x47, 0x4b, 0x50, 0x01, 0x63, 0x68, 0x6e,
    0x01, 0x58, 0x5c, 0x62, 0x01, 0x0f, 0x12, 0x14, 0x01, 0x13, 0x16, 0x18, 0x01, 0x61, 0x65, 0x6c,
    0x01, 0x3a, 0x3e, 0x42, 0x05, 0x09, 0x0b, 0x0d, 0x01, 0x16, 0x18, 0x1b, 0x01, 0x63, 0x68, 0x6e,
    0x01, 0x29, 0x2c, 0x30, 0x01, 0x09, 0x0b, 0x0d, 0x01, 0x34, 0x38, 0x3c, 0x01, 0x71, 0x76, 0x7d,
    0x01, 0x4d, 0x51, 0x56, 0x03, 0x47, 0x4b, 0x50, 0x01, 0x33, 0x37, 0x3b, 0x01, 0x0d, 0x0f, 0x11,
    0x01, 0x16, 0x18, 0x1b, 0x01, 0x65, 0x6a, 0x70, 0x01, 0x2e, 0x31, 0x35, 0x02, 0x09, 0x0b, 0x0d,
    0x01, 0x2d, 0x30, 0x34, 0x01, 0x66, 0x6b, 0x71, 0x01, 0x26, 0x2a, 0x2c, 0x01, 0x60, 0x64, 0x6b,
    0x01, 0x58, 0x5d, 0x63, 0x01, 0x4a, 0x4e, 0x53, 0x01, 0x4d, 0x51, 0x56, 0x01, 0x6f, 0x74, 0x7b,
    0x01, 0x31, 0x35, 0x39, 0x01, 0x09, 0x0b, 0x0d, 0x01, 0x16, 0x18, 0x1b, 0x01, 0x63, 0x68, 0x6e,
    0x01, 0x29, 0x2c, 0x30, 0x02, 0x09, 0x0b, 0x0d, 0x01, 0x15, 0x17, 0x1a, 0x01, 0x61, 0x65, 0x6c,
    0x01, 0x2c, 0x2f, 0x33, 0x01, 0x16, 0x18, 0x1b, 0x01, 0x63, 0x68, 0x6e, 0x01, 0x29, 0x2c, 0x2f,
    0x02, 0x09, 0x0b, 0x0d, 0x01, 0x46, 0x4a, 0x4f, 0x01, 0x4f, 0x53, 0x59, 0x01, 0x0c, 0x0e, 0x10,
    0x01, 0x35, 0x38, 0x3c, 0x01, 0x60, 0x65, 0x6b, 0x01, 0x14, 0x16, 0x19, 0x01, 0x09, 0x0b, 0x0d,
    0x01, 0x0c, 0x0f, 0x11, 0x01, 0x51, 0x55, 0x5b, 0x01, 0x4a, 0x4e, 0x53, 0x01, 0x0a, 0x0c, 0x0e,
    0x03, 0x09, 0x0b, 0x0d, 0x01, 0x0c, 0x0f, 0x11, 0x01, 0x2c, 0x2f, 0x33, 0x01, 0x4a, 0x4e, 0x53,
    0x01, 0x58, 0x5c, 0x62, 0x01, 0x5a, 0x5e, 0x64, 0x01, 0x26, 0x29, 0x2d, 0x01, 0x15, 0x18, 0x1b,
    0x01, 0x62, 0x66, 0x6d, 0x01, 0x2b, 0x2e, 0x31, 0x02, 0x09, 0x0b, 0x0d, 0x01, 0x35, 0x38, 0x3c,
    0x01, 0x62, 0x67, 0x6e, 0x01, 0x14, 0x17, 0x19, 0x01, 0x09, 0x0b, 0x0d, 0x01, 0x09, 0x0c, 0x0e,
    0x01, 0x47, 0x4b, 0x50, 0x01, 0x54, 0x59, 0x5e, 0x01, 0x1a, 0x1d, 0x1f, 0x01, 0x63, 0x68, 0x6e,
    0x01, 0x29, 0x2c, 0x30, 0x02, 0x09, 0x0b, 0x0d, 0x01, 0x1b, 0x1e, 0x20, 0x01, 0x60, 0x64, 0x6b,
    0x01, 0x58, 0x5d, 0x63, 0x01, 0x4a, 0x4e, 0x53, 0x01, 0x4d, 0x51, 0x56, 0x01, 0x6f, 0x74, 0x7b,
    0x01, 0x31, 0x35, 0x39, 0x01, 0x09, 0x0b, 0x0d, 0x01, 0x35, 0x38, 0x3c, 0x01, 0x60, 0x65, 0x6b,
    0x01, 0x14, 0x16, 0x19, 0x01, 0x09, 0x0b, 0x0d, 0x01, 0x0c, 0x0f, 0x11, 0x01, 0x51, 0x55, 0x5b,
    0x01, 0x4a, 0x4e, 0x53, 0x01, 0x35, 0x38, 0x3c, 0x01, 0x71, 0x76, 0x7d, 0x01, 0x4d, 0x51, 0x56,
    0x03, 0x47, 0x4b, 0x50, 0x01, 0x33, 0x37, 0x3b, 0x01, 0x0d, 0x0f, 0x11, 0x01, 0x13, 0x16, 0x18,
    0x01, 0x61, 0x65, 0x6c, 0x01, 0x3a, 0x3e, 0x42, 0x05, 0x09, 0x0b, 0x0d, 0x01, 0x16, 0x18, 0x1b,
    0x01, 0x63, 0x68, 0x6e, 0x01, 0x29, 0x2c, 0x2f, 0x01, 0x09, 0x0b, 0x0d, 0x01, 0x24, 0x27, 0x2a,
    0x01, 0x68, 0x6d, 0x73, 0x01, 0x2b, 0x2e, 0x31, 0x01, 0x0c, 0x0e, 0x10, 0x01, 0x0a, 0x0d, 0x0f,
    0x01, 0x0f, 0x12, 0x14, 0x01, 0x0f, 0x11, 0x13, 0x01, 0x09, 0x0b, 0x0d, 0x01, 0x16, 0x18, 0x1b,
    0x01, 0x6a, 0x6f, 0x76, 0x01, 0x47, 0x4b, 0x50, 0x02, 0x0e, 0x10, 0x12, 0x01, 0x46, 0x4a, 0x4f,
    0x01, 0x5b, 0x60, 0x66, 0x01, 0x34, 0x37, 0x3b, 0x01, 0x65, 0x6a, 0x71, 0x01, 0x1e, 0x21, 0x24,
    0x01, 0x0c, 0x0f, 0x11, 0x01, 0x25, 0x28, 0x2b, 0x01, 0x6c, 0x71, 0x78, 0x01, 0x31, 0x35, 0x39,
    0x01, 0x09, 0x0b, 0x0d, 0x01, 0x16, 0x18, 0x1b, 0x01, 0x63, 0x68, 0x6e, 0x01, 0x29, 0x2c, 0x2f,
    0x02, 0x09, 0x0b, 0x0d, 0x01, 0x15, 0x17, 0x1a, 0x01, 0x61, 0x65, 0x6c, 0x01, 0x2c, 0x2f, 0x33,
    0x01, 0x16, 0x18, 0x1b, 0x01, 0x63, 0x68, 0x6e, 0x01, 0x29, 0x2c, 0x2f, 0x02, 0x09, 0x0b, 0x0d,
    0x01, 0x46, 0x4a, 0x4f, 0x01, 0x4f, 0x53, 0x59, 0x01, 0x0c, 0x0e, 0x10, 0x01, 0x26, 0x29, 0x2d,
    0x01, 0x69, 0x6e, 0x75, 0x01, 0x26, 0x29, 0x2c, 0x01, 0x0b, 0x0d, 0x0f, 0x01, 0x19, 0x1c, 0x1e,
    0x01, 0x66, 0x6b, 0x72, 0x01, 0x4a, 0x4e, 0x53, 0x01, 0x0a, 0x0c, 0x0e, 0x03, 0x09, 0x0b, 0x0d,
    0x01, 0x0e, 0x10, 0x12, 0x01, 0x10, 0x12, 0x14, 0x01, 0x0e, 0x10, 0x12, 0x01, 0x17, 0x19, 0x1c,
    0x01, 0x54, 0x59, 0x5e, 0x01, 0x4e, 0x52, 0x57, 0x01, 0x17, 0x19, 0x1c, 0x01, 0x61, 0x65, 0x6c,
    0x01, 0x2f, 0x32, 0x36, 0x01, 0x09, 0x0c, 0x0e, 0x01, 0x09, 0x0b, 0x0d, 0x01, 0x26, 0x29, 0x2c,
    0x01, 0x6a, 0x6f, 0x76, 0x01, 0x29, 0x2c, 0x2f, 0x01, 0x0b, 0x0d, 0x0f, 0x01, 0x16, 0x18, 0x1b,
    0x01, 0x5d, 0x61, 0x67, 0x01, 0x44, 0x48, 0x4d, 0x01, 0x17, 0x1a, 0x1c, 0x01, 0x63, 0x68, 0x6e,
    0x01, 0x29, 0x2c, 0x2f, 0x02, 0x09, 0x0b, 0x0d, 0x01, 0x2e, 0x31, 0x35, 0x01, 0x65, 0x6a, 0x71,
    0x01, 0x1e, 0x21, 0x24, 0x01, 0x0c, 0x0f, 0x11, 0x01, 0x25, 0x28, 0x2b, 0x01, 0x6c, 0x71, 0x78,
    0x01, 0x31, 0x35, 0x39, 0x01, 0x09, 0x0b, 0x0d, 0x01, 0x26, 0x29, 0x2d, 0x01, 0x69, 0x6e, 0x75,
    0x01, 0x26, 0x29, 0x2c, 0x01, 0x0b, 0x0d, 0x0f, 0x01, 0x19, 0x1c, 0x1e, 0x01, 0x66, 0x6b, 0x72,
    0x01, 0x4a, 0x4e, 0x53, 0x01, 0x25, 0x28, 0x2b, 0x01, 0x68, 0x6d, 0x73, 0x01, 0x2b, 0x2e, 0x31,
    0x01, 0x0c, 0x0e, 0x10, 0x01, 0x0a, 0x0d, 0x0f, 0x01, 0x0f, 0x12, 0x14, 0x01, 0x0f, 0x11, 0x13,
    0x01, 0x09, 0x0b, 0x0d, 0x01, 0x13, 0x16, 0x18, 0x01, 0x61, 0x65, 0x6c, 0x01, 0x3a, 0x3e, 0x42,
    0x05, 0x09, 0x0b, 0x0d, 0x01, 0x16, 0x18, 0x1b, 0x01, 0x63, 0x68, 0x6e, 0x01, 0x29, 0x2c, 0x2f,
    0x01, 0x09, 0x0b, 0x0d, 0x01, 0x0e, 0x11, 0x13, 0x01, 0x45, 0x49, 0x4e, 0x01, 0x64, 0x69, 0x6f,
    0x01, 0x4e, 0x52, 0x58, 0x01, 0x4a, 0x4e, 0x53, 0x01, 0x53, 0x58, 0x5d, 0x01, 0x33, 0x37, 0x3b,
    0x01, 0x09, 0x0b, 0x0d, 0x01, 0x16, 0x18, 0x1b, 0x01, 0x69, 0x6e, 0x75, 0x01, 0x67, 0x6c, 0x73,
    0x01, 0x4f, 0x53, 0x59, 0x01, 0x51, 0x56, 0x5b, 0x01, 0x68, 0x6d, 0x73, 0x01, 0x32, 0x35, 0x39,
    0x01, 0x1f, 0x22, 0x25, 0x01, 0x65, 0x6a, 0x70, 0x01, 0x57, 0x5b, 0x61, 0x01, 0x4c, 0x50, 0x55,
    0x01, 0x5d, 0x62, 0x68, 0x01, 0x72, 0x77, 0x7f, 0x01, 0x31, 0x35, 0x39, 0x01, 0x09, 0x0b, 0x0d,
    0x01, 0x16, 0x18, 0x1b, 0x01, 0x63, 0x68, 0x6e, 0x01, 0x29, 0x2c, 0x2f, 0x02, 0x09, 0x0b, 0x0d,
    0x01, 0x15, 0x17, 0x1a, 0x01, 0x61, 0x65, 0x6c, 0x01, 0x2c, 0x2f, 0x33, 0x01, 0x16, 0x18, 0x1b,
    0x01, 0x63, 0x68, 0x6e, 0x01, 0x29, 0x2c, 0x2f, 0x02, 0x09, 0x0b, 0x0d, 0x01, 0x46, 0x4a, 0x4f,
    0x01, 0x4f, 0x53, 0x59, 0x01, 0x0c, 0x0e, 0x10, 0x01, 0x10, 0x13, 0x15, 0x01, 0x50, 0x54, 0x59,
    0x01, 0x62, 0x67, 0x6e, 0x01, 0x4b, 0x4f, 0x54, 0x01, 0x56, 0x5a, 0x60, 0x01, 0x73, 0x78, 0x80,
    0x01, 0x49, 0x4d, 0x52, 0x01, 0x09, 0x0c, 0x0e, 0x03, 0x09, 0x0b, 0x0d, 0x01, 0x2b, 0x2e, 0x31,
    0x01, 0x52, 0x57, 0x5c, 0x01, 0x4b, 0x4f, 0x54, 0x01, 0x4d, 0x51, 0x57, 0x01, 0x66, 0x6b, 0x71,
    0x01, 0x3a, 0x3d, 0x42, 0x01, 0x10, 0x13, 0x15, 0x01, 0x52, 0x56, 0x5c, 0x01, 0x5f, 0x63, 0x69,
    0x01, 0x47, 0x4b, 0x50, 0x01, 0x25, 0x28, 0x2b, 0x01, 0x10, 0x12, 0x14, 0x01, 0x4d, 0x51, 0x56,
    0x01, 0x63, 0x68, 0x6e, 0x01, 0x4c, 0x50, 0x56, 0x01, 0x5a, 0x5e, 0x64, 0x01, 0x60, 0x65, 0x6b,
    0x01, 0x1e, 0x21, 0x24, 0x01, 0x16, 0x18, 0x1b, 0x01, 0x63, 0x68, 0x6e, 0x01, 0x29, 0x2c, 0x2f,
    0x02, 0x09, 0x0b, 0x0d, 0x01, 0x1e, 0x21, 0x24, 0x01, 0x65, 0x6a, 0x70, 0x01, 0x57, 0x5b, 0x61,
    0x01, 0x4c, 0x50, 0x55, 0x01, 0x5d, 0x62, 0x68, 0x01, 0x72, 0x77, 0x7f, 0x01, 0x31, 0x35, 0x39,
    0x01, 0x09, 0x0b, 0x0d, 0x01, 0x10, 0x13, 0x15, 0x01, 0x50, 0x54, 0x59, 0x01, 0x62, 0x67, 0x6e,
    0x01, 0x4b, 0x4f, 0x54, 0x01, 0x56, 0x5a, 0x60, 0x01, 0x73, 0x78, 0x80, 0x01, 0x49, 0x4d, 0x52,
    0x01, 0x0e, 0x11, 0x14, 0x01, 0x45, 0x49, 0x4e, 0x01, 0x64, 0x69, 0x6f, 0x01, 0x4e, 0x52, 0x58,
    0x01, 0x4a, 0x4e, 0x53, 0x01, 0x53, 0x58, 0x5d, 0x01, 0x33, 0x37, 0x3b, 0x01, 0x09, 0x0b, 0x0d,
    0x01, 0x0e, 0x11, 0x13, 0x01, 0x35, 0x38, 0x3c, 0x01, 0x22, 0x25, 0x28, 0x05, 0x09, 0x0b, 0x0d,
    0x01, 0x0f, 0x12, 0x14, 0x01, 0x36, 0x3a, 0x3e, 0x01, 0x19, 0x1c, 0x1e, 0x02, 0x09, 0x0b, 0x0d,
    0x01, 0x0f, 0x12, 0x14, 0x01, 0x2b, 0x2e, 0x31, 0x01, 0x41, 0x45, 0x4a, 0x01, 0x42, 0x46, 0x4b,
    0x01, 0x34, 0x37, 0x3b, 0x01, 0x16, 0x19, 0x1b, 0x01, 0x09, 0x0b, 0x0d, 0x01, 0x16, 0x18, 0x1b,
    0x01, 0x63, 0x68, 0x6f, 0x01, 0x38, 0x3c, 0x40, 0x01, 0x3b, 0x3e, 0x43, 0x01, 0x42, 0x46, 0x4a,
    0x01, 0x29, 0x2c, 0x2f, 0x01, 0x0d, 0x0f, 0x11, 0x01, 0x0b, 0x0d, 0x0f, 0x01, 0x23, 0x26, 0x29,
    0x01, 0x41, 0x45, 0x49, 0x01, 0x40, 0x44, 0x48, 0x01, 0x29, 0x2c, 0x2f, 0x01, 0x35, 0x39, 0x3d,
    0x01, 0x1d, 0x20, 0x23, 0x01, 0x09, 0x0b, 0x0d, 0x01, 0x0f, 0x12, 0x14, 0x01, 0x36, 0x3a, 0x3e,
    0x01, 0x19, 0x1c, 0x1e, 0x02, 0x09, 0x0b, 0x0d, 0x01, 0x0f, 0x11, 0x13, 0x01, 0x35, 0x38, 0x3c,
    0x01, 0x1b, 0x1d, 0x20, 0x01, 0x0f, 0x12, 0x14, 0x01, 0x36, 0x3a, 0x3e, 0x01, 0x19, 0x1c, 0x1e,
    0x02, 0x09, 0x0b, 0x0d, 0x01, 0x28, 0x2b, 0x2e, 0x01, 0x2c, 0x2f, 0x33, 0x01, 0x0a, 0x0d, 0x0f,
    0x01, 0x09, 0x0b, 0x0d, 0x01, 0x14, 0x17, 0x19, 0x01, 0x36, 0x39, 0x3d, 0x01, 0x43, 0x47, 0x4c,
    0x01, 0x34, 0x37, 0x3b, 0x01, 0x5a, 0x5f, 0x65, 0x01, 0x41, 0x45, 0x4a, 0x04, 0x09, 0x0b, 0x0d,
    0x01, 0x13, 0x15, 0x18, 0x01, 0x30, 0x33, 0x37, 0x01, 0x41, 0x45, 0x4a, 0x01, 0x42, 0x46, 0x4a,
    0x01, 0x2c, 0x2f, 0x33, 0x01, 0x0f, 0x11, 0x13, 0x01, 0x09, 0x0c, 0x0e, 0x01, 0x1b, 0x1e, 0x21,
    0x01, 0x3d, 0x41, 0x45, 0x01, 0x45, 0x49, 0x4e, 0x01, 0x25, 0x28, 0x2b, 0x01, 0x09, 0x0b, 0x0d,
    0x01, 0x12, 0x15, 0x17, 0x01, 0x32, 0x35, 0x39, 0x01, 0x43, 0x47, 0x4c, 0x01, 0x3b, 0x3f, 0x43,
    0x01, 0x1b, 0x1e, 0x21, 0x01, 0x0a, 0x0c, 0x0e, 0x01, 0x0f, 0x12, 0x14, 0x01, 0x36, 0x3a, 0x3e,
    0x01, 0x19, 0x1c, 0x1e, 0x02, 0x09, 0x0b, 0x0d, 0x01, 0x0b, 0x0d, 0x0f, 0x01, 0x23, 0x26, 0x29,
    0x01, 0x41, 0x45, 0x49, 0x01, 0x40, 0x44, 0x48, 0x01, 0x29, 0x2c, 0x2f, 0x01, 0x35, 0x39, 0x3d,
    0x01, 0x1d, 0x20, 0x23, 0x02, 0x09, 0x0b, 0x0d, 0x01, 0x14, 0x17, 0x19, 0x01, 0x36, 0x39, 0x3d,
    0x01, 0x43, 0x47, 0x4c, 0x01, 0x34, 0x37, 0x3b, 0x01, 0x5a, 0x5f, 0x65, 0x01, 0x41, 0x45, 0x4a,
    0x01, 0x09, 0x0b, 0x0d, 0x01, 0x0f, 0x12, 0x14, 0x01, 0x2b, 0x2e, 0x31, 0x01, 0x41, 0x45, 0x4a,
    0x01, 0x42, 0x46, 0x4b, 0x01, 0x34, 0x37, 0x3b, 0x01, 0x16, 0x19, 0x1b, 0x15, 0x09, 0x0b, 0x0d,
    0x01, 0x16, 0x18, 0x1b, 0x01, 0x63, 0x68, 0x6e, 0x01, 0x29, 0x2c, 0x2f, 0x1c, 0x09, 0x0b, 0x0d,
    0x01, 0x0a, 0x0c, 0x0e, 0x01, 0x21, 0x24, 0x27, 0x01, 0x25, 0x28, 0x2b, 0x01, 0x1c, 0x1f, 0x22,
    0x01, 0x38, 0x3b, 0x3f, 0x01, 0x67, 0x6c, 0x73, 0x01, 0x29, 0x2c, 0x2f, 0x23, 0x09, 0x0b, 0x0d,
    0x01, 0x0a, 0x0c, 0x0e, 0x01, 0x21, 0x24, 0x27, 0x01, 0x25, 0x28, 0x2b, 0x01, 0x1c, 0x1f, 0x22,
    0x01, 0x38, 0x3b, 0x3f, 0x01, 0x67, 0x6c, 0x73, 0x01, 0x29, 0x2c, 0x2f, 0x1c, 0x09, 0x0b, 0x0d,
    0x01, 0x14, 0x17, 0x19, 0x01, 0x58, 0x5c, 0x62, 0x01, 0x25, 0x28, 0x2b, 0x1c, 0x09, 0x0b, 0x0d,
    0x01, 0x0a, 0x0c, 0x0e, 0x01, 0x30, 0x33, 0x37, 0x01, 0x5d, 0x62, 0x68, 0x01, 0x64, 0x69, 0x70,
    0x01, 0x61, 0x65, 0x6c, 0x01, 0x3b, 0x3e, 0x43, 0x01, 0x0e, 0x10, 0x12, 0x23, 0x09, 0x0b, 0x0d,
    0x01, 0x0a, 0x0c, 0x0e, 0x01, 0x30, 0x33, 0x37, 0x01, 0x5d, 0x62, 0x68, 0x01, 0x64, 0x69, 0x70,
    0x01, 0x61, 0x65, 0x6c, 0x01, 0x3b, 0x3e, 0x43, 0x01, 0x0e, 0x10, 0x12, 0x1c, 0x09, 0x0b, 0x0d,
    0x01, 0x0b, 0x0d, 0x0f, 0x01, 0x16, 0x18, 0x1b, 0x01, 0x0d, 0x10, 0x12, 0x1d, 0x09, 0x0b, 0x0d,
    0x01, 0x0c, 0x0f, 0x11, 0x01, 0x16, 0x18, 0x1b, 0x01, 0x1a, 0x1c, 0x1f, 0x01, 0x16, 0x18, 0x1b,
    0x01, 0x0b, 0x0e, 0x10, 0x25, 0x09, 0x0b, 0x0d, 0x01, 0x0c, 0x0f, 0x11, 0x01, 0x16, 0x18, 0x1b,
    0x01, 0x1a, 0x1c, 0x1f, 0x01, 0x16, 0x18, 0x1b, 0x01, 0x0b, 0x0e, 0x10, 0x09, 0x09, 0x0b, 0x0d,
    0x01, 0x0e, 0x11, 0x13, 0x01, 0x35, 0x38, 0x3c, 0x01, 0x22, 0x25, 0x28, 0x17, 0x09, 0x0b, 0x0d,
    0x01, 0x0a, 0x0c, 0x0e, 0x01, 0x2b, 0x2e, 0x31, 0x01, 0x2a, 0x2d, 0x30, 0x01, 0x0f, 0x12, 0x14,
    0x01, 0x35, 0x38, 0x3c, 0x01, 0x1b, 0x1d, 0x20, 0x2d, 0x09, 0x0b, 0x0d, 0x01, 0x0f, 0x11, 0x13,
    0x01, 0x35, 0x38, 0x3c, 0x01, 0x1b, 0x1d, 0x20, 0x0b, 0x09, 0x0b, 0x0d, 0x01, 0x0f, 0x11, 0x13,
    0x01, 0x35, 0x38, 0x3c, 0x01, 0x1b, 0x1d, 0x20, 0x01, 0x0f, 0x11, 0x13, 0x01, 0x35, 0x38, 0x3c,
    0x01, 0x1b, 0x1d, 0x20, 0x01, 0x09, 0x0b, 0x0d, 0x01, 0x0f, 0x12, 0x14, 0x01, 0x36, 0x3a, 0x3e,
    0x01, 0x19, 0x1c, 0x1e, 0x1e, 0x09, 0x0b, 0x0d, 0x01, 0x13, 0x16, 0x18, 0x01, 0x61, 0x65, 0x6c,
    0x01, 0x3a, 0x3e, 0x42, 0x17, 0x09, 0x0b, 0x0d, 0x01, 0x0a, 0x0d, 0x0f, 0x01, 0x4c, 0x50, 0x55,
    0x01, 0x4a, 0x4e, 0x53, 0x01, 0x14, 0x16, 0x19, 0x01, 0x56, 0x5a, 0x60, 0x01, 0x28, 0x2b, 0x2e,
    0x2d, 0x09, 0x0b, 0x0d, 0x01, 0x13, 0x16, 0x18, 0x01, 0x56, 0x5a, 0x60, 0x01, 0x28, 0x2b, 0x2e,
    0x0b, 0x09, 0x0b, 0x0d, 0x01, 0x15, 0x17, 0x1a, 0x01, 0x61, 0x65, 0x6c, 0x01, 0x2c, 0x2f, 0x33,
    0x01, 0x13, 0x16, 0x18, 0x01, 0x56, 0x5a, 0x60, 0x01, 0x28, 0x2b, 0x2e, 0x01, 0x09, 0x0b, 0x0d,
    0x01, 0x16, 0x18, 0x1b, 0x01, 0x63, 0x68, 0x6e, 0x01, 0x29, 0x2c, 0x2f, 0x1e, 0x09, 0x0b, 0x0d,
    0x01, 0x13, 0x16, 0x18, 0x01, 0x61, 0x65, 0x6c, 0x01, 0x3a, 0x3e, 0x42, 0x05, 0x09, 0x0b, 0x0d,
    0x01, 0x0a, 0x0c, 0x0e, 0x01, 0x11, 0x14, 0x16, 0x01, 0x17, 0x1a, 0x1c, 0x01, 0x15, 0x17, 0x1a,
    0x01, 0x0b, 0x0e, 0x10, 0x02, 0x09, 0x0b, 0x0d, 0x01, 0x0d, 0x0f, 0x11, 0x01, 0x14, 0x17, 0x19,
    0x01, 0x18, 0x1a, 0x1d, 0x01, 0x13, 0x16, 0x18, 0x01, 0x0a, 0x0d, 0x0f, 0x03, 0x09, 0x0b, 0x0d,
    0x01, 0x0a, 0x0d, 0x0f, 0x01, 0x13, 0x15, 0x18, 0x01, 0x17, 0x1a, 0x1c, 0x01, 0x12, 0x15, 0x17,
    0x01, 0x4c, 0x50, 0x56, 0x01, 0x4a, 0x4e, 0x53, 0x01, 0x0d, 0x0f, 0x11, 0x01, 0x1f, 0x22, 0x25,
    0x01, 0x12, 0x14, 0x16, 0x01, 0x09, 0x0b, 0x0d, 0x01, 0x0a, 0x0d, 0x0f, 0x01, 0x14, 0x17, 0x19,
    0x01, 0x0f, 0x11, 0x13, 0x01, 0x14, 0x16, 0x19, 0x01, 0x17, 0x1a, 0x1c, 0x01, 0x10, 0x12, 0x14,
    0x01, 0x09, 0x0c, 0x0e, 0x01, 0x09, 0x0b, 0x0d, 0x01, 0x0a, 0x0d, 0x0f, 0x01, 0x13, 0x15, 0x18,
    0x01, 0x17, 0x1a, 0x1c, 0x01, 0x11, 0x13, 0x15, 0x01, 0x12, 0x14, 0x16, 0x01, 0x11, 0x14, 0x16,
    0x05, 0x09, 0x0b, 0x0d, 0x01, 0x0a, 0x0d, 0x0f, 0x01, 0x14, 0x17, 0x19, 0x01, 0x0f, 0x12, 0x14,
    0x01, 0x14, 0x17, 0x19, 0x01, 0x17, 0x19, 0x1c, 0x01, 0x0e, 0x11, 0x13, 0x01, 0x0a, 0x0c, 0x0e,
    0x01, 0x12, 0x14, 0x16, 0x01, 0x17, 0x1a, 0x1c, 0x01, 0x11, 0x14, 0x16, 0x01, 0x09, 0x0c, 0x0e,
    0x01, 0x0b, 0x0d, 0x0f, 0x01, 0x15, 0x17, 0x1a, 0x01, 0x0c, 0x0e, 0x10, 0x01, 0x09, 0x0b, 0x0d,
    0x01, 0x09, 0x0c, 0x0e, 0x01, 0x12, 0x14, 0x16, 0x01, 0x11, 0x13, 0x15, 0x02, 0x09, 0x0b, 0x0d,
    0x01, 0x0d, 0x10, 0x12, 0x01, 0x16, 0x19, 0x1b, 0x01, 0x17, 0x1a, 0x1c, 0x01, 0x12, 0x14, 0x16,
    0x01, 0x0a, 0x0d, 0x0f, 0x01, 0x0c, 0x0e, 0x10, 0x01, 0x1f, 0x22, 0x25, 0x01, 0x12, 0x14, 0x16,
    0x02, 0x09, 0x0b, 0x0d, 0x01, 0x09, 0x0c, 0x0e, 0x01, 0x10, 0x12, 0x14, 0x01, 0x17, 0x19, 0x1c,
    0x01, 0x16, 0x18, 0x1b, 0x01, 0x0e, 0x10, 0x12, 0x04, 0x09, 0x0b, 0x0d, 0x01, 0x15, 0x17, 0x1a,
    0x01, 0x61, 0x65, 0x6c, 0x01, 0x2c, 0x2f, 0x33, 0x01, 0x0c, 0x0e, 0x10, 0x01, 0x1f, 0x22, 0x25,
    0x01, 0x12, 0x14, 0x16, 0x01, 0x09, 0x0b, 0x0d, 0x01, 0x16, 0x18, 0x1b, 0x01, 0x63, 0x68, 0x6e,
    0x01, 0x2b, 0x2e, 0x32, 0x01, 0x14, 0x17, 0x19, 0x01, 0x17, 0x19, 0x1c, 0x01, 0x0f, 0x11, 0x13,
    0x01, 0x09, 0x0c, 0x0e, 0x01, 0x0a, 0x0d, 0x0f, 0x01, 0x14, 0x17, 0x19, 0x01, 0x0f, 0x11, 0x13,
    0x01, 0x14, 0x16, 0x19, 0x01, 0x16, 0x18, 0x1b, 0x01, 0x0b, 0x0d, 0x0f, 0x01, 0x0d, 0x0f, 0x11,
    0x01, 0x14, 0x17, 0x19, 0x01, 0x18, 0x1a, 0x1d, 0x01, 0x13, 0x16, 0x18, 0x01, 0x0a, 0x0d, 0x0f,
    0x02, 0x09, 0x0b, 0x0d, 0x01, 0x0a, 0x0d, 0x0f, 0x01, 0x14, 0x17, 0x19, 0x01, 0x0f, 0x11, 0x13,
    0x01, 0x14, 0x16, 0x19, 0x01, 0x16, 0x18, 0x1b, 0x01, 0x13, 0x15, 0x18, 0x01, 0x12, 0x14, 0x16,
    0x01, 0x09, 0x0c, 0x0e, 0x02, 0x09, 0x0b, 0x0d, 0x01, 0x11, 0x13, 0x15, 0x01, 0x12, 0x15, 0x17,
    0x01, 0x09, 0x0c, 0x0e, 0x01, 0x13, 0x16, 0x18, 0x01, 0x61, 0x65, 0x6c, 0x01, 0x3a, 0x3e, 0x42,
    0x04, 0x09, 0x0b, 0x0d, 0x01, 0x0a, 0x0d, 0x0f, 0x01, 0x2a, 0x2d, 0x31, 0x01, 0x5a, 0x5e, 0x64,
    0x01, 0x64, 0x69, 0x70, 0x01, 0x61, 0x66, 0x6c, 0x01, 0x3e, 0x42, 0x46, 0x01, 0x10, 0x12, 0x14,
    0x01, 0x0e, 0x10, 0x12, 0x01, 0x3d, 0x41, 0x45, 0x01, 0x5d, 0x62, 0x68, 0x01, 0x64, 0x69, 0x70,
    0x01, 0x5e, 0x63, 0x69, 0x01, 0x32, 0x36, 0x3a, 0x01, 0x0b, 0x0e, 0x10, 0x01, 0x09, 0x0b, 0x0d,
    0x01, 0x0a, 0x0d, 0x0f, 0x01, 0x2d, 0x31, 0x34, 0x01, 0x5e, 0x63, 0x69, 0x01, 0x64, 0x69, 0x6f,
    0x01, 0x55, 0x59, 0x5f, 0x01, 0x62, 0x67, 0x6d, 0x01, 0x4a, 0x4e, 0x53, 0x01, 0x14, 0x16, 0x19,
    0x01, 0x56, 0x5a, 0x60, 0x01, 0x28, 0x2b, 0x2e, 0x01, 0x09, 0x0b, 0x0d, 0x01, 0x14, 0x17, 0x19,
    0x01, 0x5a, 0x5f, 0x65, 0x01, 0x4e, 0x52, 0x57, 0x01, 0x5c, 0x60, 0x66, 0x01, 0x66, 0x6b, 0x71,
    0x01, 0x52, 0x57, 0x5c, 0x01, 0x19, 0x1b, 0x1e, 0x01, 0x0b, 0x0d, 0x0f, 0x01, 0x2e, 0x31, 0x35,
    0x01, 0x5e, 0x63, 0x69, 0x01, 0x64, 0x69, 0x6f, 0x01, 0x54, 0x59, 0x5e, 0x01, 0x5a, 0x5e, 0x64,
    0x01, 0x42, 0x46, 0x4a, 0x01, 0x0a, 0x0c, 0x0e, 0x04, 0x09, 0x0b, 0x0d, 0x01, 0x14, 0x17, 0x19,
    0x01, 0x5a, 0x5f, 0x65, 0x01, 0x4f, 0x53, 0x59, 0x01, 0x5d, 0x61, 0x67, 0x01, 0x66, 0x6b, 0x71,
    0x01, 0x4e, 0x52, 0x57, 0x01, 0x30, 0x34, 0x38, 0x01, 0x56, 0x5a, 0x60, 0x01, 0x65, 0x6a, 0x70,
    0x01, 0x58, 0x5d, 0x63, 0x01, 0x1d, 0x20, 0x23, 0x01, 0x16, 0x19, 0x1b, 0x01, 0x5c, 0x60, 0x66,
    0x01, 0x1f, 0x22, 0x25, 0x01, 0x09, 0x0b, 0x0d, 0x01, 0x0b, 0x0d, 0x0f, 0x01, 0x45, 0x49, 0x4e,
    0x01, 0x41, 0x45, 0x49, 0x01, 0x09, 0x0c, 0x0e, 0x01, 0x13, 0x15, 0x18, 0x01, 0x48, 0x4c, 0x51,
    0x01, 0x63, 0x68, 0x6e, 0x01, 0x63, 0x68, 0x6f, 0x01, 0x55, 0x5a, 0x60, 0x01, 0x22, 0x25, 0x28,
    0x01, 0x13, 0x16, 0x18, 0x01, 0x56, 0x5a, 0x60, 0x01, 0x28, 0x2b, 0x2e, 0x01, 0x09, 0x0b, 0x0d,
    0x01, 0x0a, 0x0c, 0x0e, 0x01, 0x26, 0x29, 0x2c, 0x01, 0x55, 0x5a, 0x60, 0x01, 0x63, 0x68, 0x6f,
    0x01, 0x61, 0x65, 0x6c, 0x01, 0x42, 0x46, 0x4b, 0x01, 0x0f, 0x11, 0x13, 0x03, 0x09, 0x0b, 0x0d,
    0x01, 0x15, 0x17, 0x1a, 0x01, 0x61, 0x65, 0x6c, 0x01, 0x2c, 0x2f, 0x33, 0x01, 0x13, 0x16, 0x18,
    0x01, 0x56, 0x5a, 0x60, 0x01, 0x28, 0x2b, 0x2e, 0x01, 0x09, 0x0b, 0x0d, 0x01, 0x16, 0x18, 0x1b,
    0x01, 0x65, 0x6a, 0x71, 0x01, 0x54, 0x58, 0x5e, 0x01, 0x5d, 0x62, 0x68, 0x01, 0x65, 0x6a, 0x70,
    0x01, 0x50, 0x55, 0x5a, 0x01, 0x1a, 0x1c, 0x1f, 0x01, 0x14, 0x17, 0x19, 0x01, 0x5a, 0x5f, 0x65,
    0x01, 0x4f, 0x53, 0x59, 0x01, 0x5c, 0x60, 0x66, 0x01, 0x55, 0x59, 0x5f, 0x01, 0x17, 0x1b, 0x1d,
    0x01, 0x3d, 0x41, 0x45, 0x01, 0x5d, 0x62, 0x68, 0x01, 0x64, 0x69, 0x70, 0x01, 0x5e, 0x63, 0x69,
    0x01, 0x32, 0x36, 0x3a, 0x01, 0x0b, 0x0e, 0x10, 0x01, 0x09, 0x0b, 0x0d, 0x01, 0x14, 0x17, 0x19,
    0x01, 0x5a, 0x5f, 0x65, 0x01, 0x4f, 0x53, 0x59, 0x01, 0x5c, 0x60, 0x66, 0x01, 0x55, 0x59, 0x5f,
    0x01, 0x3d, 0x41, 0x45, 0x01, 0x50, 0x54, 0x59, 0x01, 0x10, 0x12, 0x14, 0x01, 0x09, 0x0b, 0x0d,
    0x01, 0x0d, 0x10, 0x12, 0x01, 0x49, 0x4d, 0x52, 0x01, 0x3e, 0x42, 0x47, 0x01, 0x0a, 0x0d, 0x0f,
    0x01, 0x13, 0x16, 0x18, 0x01, 0x61, 0x65, 0x6c, 0x01, 0x3a, 0x3e, 0x42, 0x04, 0x09, 0x0b, 0x0d,
    0x01, 0x1a, 0x1c, 0x1f, 0x01, 0x64, 0x69, 0x6f, 0x01, 0x48, 0x4c, 0x51, 0x01, 0x1f, 0x22, 0x25,
    0x01, 0x33, 0x36, 0x3a, 0x01, 0x69, 0x6e, 0x75, 0x01, 0x32, 0x36, 0x3a, 0x01, 0x0d, 0x10, 0x13,
    0x01, 0x2a, 0x2d, 0x30, 0x01, 0x23, 0x26, 0x29, 0x01, 0x1d, 0x20, 0x23, 0x01, 0x3b, 0x3f, 0x43,
    0x01, 0x63, 0x68, 0x6f, 0x01, 0x1c, 0x1f, 0x21, 0x01, 0x09, 0x0b, 0x0d, 0x01, 0x1a, 0x1d, 0x1f,
    0x01, 0x64, 0x69, 0x70, 0x01, 0x45, 0x49, 0x4e, 0x01, 0x1e, 0x21, 0x24, 0x01, 0x36, 0x3a, 0x3e,
    0x01, 0x74, 0x7a, 0x81, 0x01, 0x4a, 0x4e, 0x53, 0x01, 0x16, 0x18, 0x1b, 0x01, 0x61, 0x65, 0x6c,
    0x01, 0x2c, 0x2f, 0x33, 0x01, 0x09, 0x0b, 0x0d, 0x01, 0x16, 0x18, 0x1b, 0x01, 0x6b, 0x70, 0x77,
    0x01, 0x5a, 0x5f, 0x65, 0x01, 0x26, 0x29, 0x2c, 0x01, 0x27, 0x2a, 0x2e, 0x01, 0x63, 0x68, 0x6e,
    0x01, 0x3e, 0x41, 0x46, 0x01, 0x1b, 0x1e, 0x21, 0x01, 0x65, 0x6a, 0x70, 0x01, 0x44, 0x48, 0x4d,
    0x01, 0x1e, 0x21, 0x24, 0x01, 0x35, 0x39, 0x3d, 0x01, 0x74, 0x7a, 0x81, 0x01, 0x4a, 0x4e, 0x53,
    0x01, 0x0a, 0x0c, 0x0e, 0x04, 0x09, 0x0b, 0x0d, 0x01, 0x16, 0x18, 0x1b, 0x01, 0x6b, 0x70, 0x77,
    0x01, 0x5a, 0x5e, 0x64, 0x01, 0x25, 0x28, 0x2b, 0x01, 0x2c, 0x30, 0x33, 0x01, 0x6d, 0x72, 0x79,
    0x01, 0x62, 0x66, 0x6d, 0x01, 0x2d, 0x31, 0x34, 0x01, 0x23, 0x26, 0x29, 0x01, 0x5e, 0x63, 0x69,
    0x01, 0x46, 0x4a, 0x4f, 0x01, 0x1a, 0x1c, 0x1f, 0x01, 0x67, 0x6c, 0x73, 0x01, 0x22, 0x25, 0x28,
    0x01, 0x09, 0x0b, 0x0d, 0x01, 0x0b, 0x0d, 0x0f, 0x01, 0x4d, 0x51, 0x57, 0x01, 0x49, 0x4d, 0x52,
    0x01, 0x09, 0x0c, 0x0e, 0x01, 0x2c, 0x2f, 0x33, 0x01, 0x66, 0x6b, 0x72, 0x01, 0x2c, 0x2f, 0x33,
    0x01, 0x1d, 0x20, 0x23, 0x01, 0x29, 0x2c, 0x30, 0x01, 0x1b, 0x1e, 0x21, 0x01, 0x15, 0x17, 0x1a,
    0x01, 0x61, 0x65, 0x6c, 0x01, 0x2c, 0x2f, 0x33, 0x01, 0x09, 0x0b, 0x0d, 0x01, 0x18, 0x1a, 0x1d,
    0x01, 0x61, 0x66, 0x6c, 0x01, 0x4c, 0x50, 0x56, 0x01, 0x21, 0x24, 0x27, 0x01, 0x20, 0x23, 0x26,
    0x01, 0x2a, 0x2d, 0x30, 0x01, 0x0e, 0x10, 0x12, 0x03, 0x09, 0x0b, 0x0d, 0x01, 0x15, 0x17, 0x1a,
    0x01, 0x61, 0x65, 0x6c, 0x01, 0x2c, 0x2f, 0x33, 0x01, 0x15, 0x17, 0x1a, 0x01, 0x61, 0x65, 0x6c,
    0x01, 0x2c, 0x2f, 0x33, 0x01, 0x09, 0x0b, 0x0d, 0x01, 0x16, 0x18, 0x1b, 0x01, 0x6c, 0x71, 0x78,
    0x01, 0x5f, 0x64, 0x6a, 0x01, 0x26, 0x29, 0x2c, 0x01, 0x25, 0x28, 0x2b, 0x01, 0x5e, 0x63, 0x69,
    0x01, 0x4a, 0x4e, 0x53, 0x01, 0x19, 0x1c, 0x1e, 0x01, 0x6b, 0x70, 0x77, 0x01, 0x5c, 0x61, 0x67,
    0x01, 0x25, 0x28, 0x2b, 0x01, 0x16, 0x19, 0x1b, 0x01, 0x0f, 0x11, 0x14, 0x01, 0x2a, 0x2d, 0x30,
    0x01, 0x23, 0x26, 0x29, 0x01, 0x1d, 0x20, 0x23, 0x01, 0x3b, 0x3f, 0x43, 0x01, 0x63, 0x68, 0x6f,
    0x01, 0x1c, 0x1f, 0x21, 0x01, 0x09, 0x0b, 0x0d, 0x01, 0x16, 0x18, 0x1b, 0x01, 0x6b, 0x70, 0x77,
    0x01, 0x5c, 0x61, 0x67, 0x01, 0x25, 0x28, 0x2b, 0x01, 0x16, 0x19, 0x1b, 0x01, 0x20, 0x23, 0x26,
    0x01, 0x63, 0x68, 0x6f, 0x01, 0x24, 0x27, 0x2a, 0x01, 0x09, 0x0b, 0x0d, 0x01, 0x1d, 0x20, 0x23,
    0x01, 0x64, 0x69, 0x6f, 0x01, 0x26, 0x29, 0x2d, 0x01, 0x09, 0x0b, 0x0d, 0x01, 0x13, 0x16, 0x18,
    0x01, 0x61, 0x65, 0x6c, 0x01, 0x3a, 0x3e, 0x42, 0x04, 0x09, 0x0b, 0x0d, 0x01, 0x2f, 0x33, 0x37,
    0x01, 0x66, 0x6b, 0x72, 0x01, 0x19, 0x1c, 0x1e, 0x01, 0x09, 0x0b, 0x0d, 0x01, 0x0c, 0x0e, 0x10,
    0x01, 0x4f, 0x53, 0x58, 0x01, 0x50, 0x54, 0x59, 0x01, 0x0d, 0x10, 0x12, 0x01, 0x1c, 0x1f, 0x22,
    0x01, 0x3a, 0x3e, 0x42, 0x01, 0x46, 0x4a, 0x4f, 0x01, 0x4e, 0x52, 0x57, 0x01, 0x6f, 0x74, 0x7b,
    0x01, 0x2d, 0x30, 0x34, 0x01, 0x09, 0x0b, 0x0d, 0x01, 0x30, 0x33, 0x37, 0x01, 0x64, 0x69, 0x6f,
    0x01, 0x18, 0x1a, 0x1d, 0x01, 0x09, 0x0b, 0x0d, 0x01, 0x0f, 0x12, 0x14, 0x01, 0x59, 0x5d, 0x63,
    0x01, 0x4a, 0x4e, 0x53, 0x01, 0x16, 0x18, 0x1b, 0x01, 0x61, 0x65, 0x6c, 0x01, 0x2c, 0x2f, 0x33,
    0x01, 0x09, 0x0b, 0x0d, 0x01, 0x16, 0x18, 0x1b, 0x01, 0x65, 0x6a, 0x71, 0x01, 0x30, 0x34, 0x38,
    0x01, 0x09, 0x0b, 0x0d, 0x01, 0x0a, 0x0d, 0x0f, 0x01, 0x4a, 0x4e, 0x53, 0x01, 0x4d, 0x51, 0x57,
    0x01, 0x31, 0x35, 0x38, 0x01, 0x64, 0x69, 0x6f, 0x01, 0x18, 0x1a, 0x1d, 0x01, 0x09, 0x0b, 0x0d,
    0x01, 0x0f, 0x11, 0x13, 0x01, 0x58, 0x5d, 0x63, 0x01, 0x4a, 0x4e, 0x53, 0x01, 0x0a, 0x0c, 0x0e,
    0x04, 0x09, 0x0b, 0x0d, 0x01, 0x16, 0x18, 0x1b, 0x01, 0x65, 0x6a, 0x71, 0x01, 0x30, 0x34, 0x38,
    0x01, 0x09, 0x0b, 0x0d, 0x01, 0x0f, 0x12, 0x14, 0x01, 0x59, 0x5d, 0x63, 0x01, 0x48, 0x4c, 0x51,
    0x01, 0x0a, 0x0c, 0x0e, 0x01, 0x09, 0x0c, 0x0e, 0x01, 0x42, 0x46, 0x4b, 0x01, 0x53, 0x58, 0x5d,
    0x01, 0x1c, 0x1f, 0x22, 0x01, 0x67, 0x6c, 0x73, 0x01, 0x22, 0x25, 0x28, 0x01, 0x09, 0x0b, 0x0d,
    0x01, 0x0b, 0x0d, 0x0f, 0x01, 0x4d, 0x51, 0x57, 0x01, 0x49, 0x4d, 0x52, 0x01, 0x09, 0x0c, 0x0e,
    0x01, 0x24, 0x27, 0x2a, 0x01, 0x63, 0x68, 0x6e, 0x01, 0x3e, 0x42, 0x47, 0x01, 0x23, 0x26, 0x29,
    0x01, 0x13, 0x16, 0x18, 0x01, 0x0a, 0x0c, 0x0e, 0x01, 0x15, 0x17, 0x1a, 0x01, 0x61, 0x65, 0x6c,
    0x01, 0x2c, 0x2f, 0x33, 0x01, 0x09, 0x0b, 0x0d, 0x01, 0x2e, 0x32, 0x35, 0x01, 0x65, 0x6a, 0x71,
    0x01, 0x19, 0x1c, 0x1e, 0x07, 0x09, 0x0b, 0x0d, 0x01, 0x15, 0x17, 0x1a, 0x01, 0x61, 0x65, 0x6c,
    0x01, 0x2c, 0x2f, 0x33, 0x01, 0x15, 0x17, 0x1a, 0x01, 0x61, 0x65, 0x6c, 0x01, 0x2c, 0x2f, 0x33,
    0x01, 0x09, 0x0b, 0x0d, 0x01, 0x16, 0x18, 0x1b, 0x01, 0x67, 0x6c, 0x72, 0x01, 0x35, 0x39, 0x3d,
    0x02, 0x09, 0x0c, 0x0e, 0x01, 0x34, 0x38, 0x3c, 0x01, 0x63, 0x68, 0x6e, 0x01, 0x20, 0x23, 0x26,
    0x01, 0x66, 0x6b, 0x71, 0x01, 0x33, 0x36, 0x3a, 0x01, 0x09, 0x0c, 0x0e, 0x01, 0x09, 0x0b, 0x0d,
    0x01, 0x0a, 0x0c, 0x0e, 0x01, 0x1c, 0x1f, 0x22, 0x01, 0x3a, 0x3e, 0x42, 0x01, 0x46, 0x4a, 0x4f,
    0x01, 0x4e, 0x52, 0x57, 0x01, 0x6f, 0x74, 0x7b, 0x01, 0x2d, 0x30, 0x34, 0x01, 0x09, 0x0b, 0x0d,
    0x01, 0x16, 0x18, 0x1b, 0x01, 0x66, 0x6b, 0x71, 0x01, 0x33, 0x36, 0x3a, 0x01, 0x09, 0x0c, 0x0e,
    0x01, 0x09, 0x0b, 0x0d, 0x01, 0x0d, 0x10, 0x12, 0x01, 0x4e, 0x52, 0x58, 0x01, 0x47, 0x4b, 0x50,
    0x01, 0x0d, 0x0f, 0x11, 0x01, 0x3e, 0x42, 0x46, 0x01, 0x57, 0x5b, 0x61, 0x01, 0x10, 0x13, 0x15,
    0x01, 0x09, 0x0b, 0x0d, 0x01, 0x13, 0x16, 0x18, 0x01, 0x61, 0x65, 0x6c, 0x01, 0x3a, 0x3e, 0x42,
    0x04, 0x09, 0x0b, 0x0d, 0x01, 0x35, 0x38, 0x3c, 0x01, 0x62, 0x67, 0x6e, 0x01, 0x14, 0x17, 0x19,
    0x01, 0x09, 0x0b, 0x0d, 0x01, 0x09, 0x0c, 0x0e, 0x01, 0x47, 0x4b, 0x50, 0x01, 0x54, 0x59, 0x5e,
    0x01, 0x1f, 0x22, 0x25, 0x01, 0x60, 0x64, 0x6b, 0x01, 0x58, 0x5d, 0x63, 0x01, 0x4a, 0x4e, 0x53,
    0x01, 0x4d, 0x51, 0x56, 0x01, 0x6f, 0x74, 0x7b, 0x01, 0x31, 0x35, 0x39, 0x01, 0x09, 0x0b, 0x0d,
    0x01, 0x35, 0x38, 0x3c, 0x01, 0x60, 0x65, 0x6b, 0x01, 0x14, 0x16, 0x19, 0x01, 0x09, 0x0b, 0x0d,
    0x01, 0x0c, 0x0f, 0x11, 0x01, 0x51, 0x55, 0x5b, 0x01, 0x4a, 0x4e, 0x53, 0x01, 0x16, 0x18, 0x1b,
    0x01, 0x61, 0x65, 0x6c, 0x01, 0x2c, 0x2f, 0x33, 0x01, 0x09, 0x0b, 0x0d, 0x01, 0x16, 0x18, 0x1b,
    0x01, 0x63, 0x68, 0x6e, 0x01, 0x29, 0x2c, 0x2f, 0x02, 0x09, 0x0b, 0x0d, 0x01, 0x46, 0x4a, 0x4f,
    0x01, 0x4f, 0x53, 0x59, 0x01, 0x37, 0x3a, 0x3e, 0x01, 0x60, 0x65, 0x6b, 0x01, 0x14, 0x16, 0x19,
    0x01, 0x09, 0x0b, 0x0d, 0x01, 0x0c, 0x0f, 0x11, 0x01, 0x51, 0x55, 0x5b, 0x01, 0x4a, 0x4e, 0x53,
    0x01, 0x0a, 0x0c, 0x0e, 0x04, 0x09, 0x0b, 0x0d, 0x01, 0x16, 0x18, 0x1b, 0x01, 0x63, 0x68, 0x6e,
    0x01, 0x29, 0x2c, 0x2f, 0x01, 0x09, 0x0b, 0x0d, 0x01, 0x0e, 0x11, 0x13, 0x01, 0x54, 0x58, 0x5e,
    0x01, 0x40, 0x44, 0x48, 0x02, 0x09, 0x0b, 0x0d, 0x01, 0x3f, 0x43, 0x47, 0x01, 0x54, 0x59, 0x5e,
    0x01, 0x1c, 0x1f, 0x22, 0x01, 0x67, 0x6c, 0x73, 0x01, 0x22, 0x25, 0x28, 0x01, 0x09, 0x0b, 0x0d,
    0x01, 0x0b, 0x0e, 0x10, 0x01, 0x4e, 0x52, 0x58, 0x01, 0x49, 0x4d, 0x52, 0x01, 0x09, 0x0c, 0x0e,
    0x01, 0x0c, 0x0f, 0x11, 0x01, 0x2c, 0x2f, 0x33, 0x01, 0x4a, 0x4e, 0x53, 0x01, 0x58, 0x5c, 0x62,
    0x01, 0x5a, 0x5e, 0x64, 0x01, 0x26, 0x29, 0x2d, 0x01, 0x15, 0x18, 0x1b, 0x01, 0x61, 0x65, 0x6c,
    0x01, 0x2c, 0x2f, 0x33, 0x01, 0x09, 0x0b, 0x0d, 0x01, 0x34, 0x38, 0x3c, 0x01, 0x61, 0x65, 0x6c,
    0x01, 0x14, 0x17, 0x19, 0x07, 0x09, 0x0b, 0x0d, 0x01, 0x15, 0x17, 0x1a, 0x01, 0x61, 0x65, 0x6c,
    0x01, 0x2c, 0x2f, 0x33, 0x01, 0x15, 0x17, 0x1a, 0x01, 0x61, 0x65, 0x6c, 0x01, 0x2c, 0x2f, 0x33,
    0x01, 0x09, 0x0b, 0x0d, 0x01, 0x16, 0x18, 0x1b, 0x01, 0x65, 0x6a, 0x70, 0x01, 0x2e, 0x31, 0x35,
    0x02, 0x09, 0x0b, 0x0d, 0x01, 0x2d, 0x30, 0x34, 0x01, 0x66, 0x6b, 0x71, 0x01, 0x21, 0x25, 0x27,
    0x01, 0x63, 0x68, 0x6e, 0x01, 0x29, 0x2c, 0x30, 0x02, 0x09, 0x0b, 0x0d, 0x01, 0x1b, 0x1e, 0x20,
    0x01, 0x60, 0x64, 0x6b, 0x01, 0x58, 0x5d, 0x63, 0x01, 0x4a, 0x4e, 0x53, 0x01, 0x4d, 0x51, 0x56,
    0x01, 0x6f, 0x74, 0x7b, 0x01, 0x31, 0x35, 0x39, 0x01, 0x09, 0x0b, 0x0d, 0x01, 0x16, 0x18, 0x1b,
    0x01, 0x63, 0x68, 0x6e, 0x01, 0x29, 0x2c, 0x30, 0x03, 0x09, 0x0b, 0x0d, 0x01, 0x2b, 0x2e, 0x32,
    0x01, 0x60, 0x65, 0x6b, 0x01, 0x23, 0x26, 0x29, 0x01, 0x5c, 0x61, 0x67, 0x01, 0x35, 0x39, 0x3d,
    0x01, 0x09, 0x0c, 0x0e, 0x01, 0x09, 0x0b, 0x0d, 0x01, 0x13, 0x16, 0x18, 0x01, 0x61, 0x65, 0x6c,
    0x01, 0x3a, 0x3e, 0x42, 0x04, 0x09, 0x0b, 0x0d, 0x01, 0x26, 0x29, 0x2c, 0x01, 0x6a, 0x6f, 0x76,
    0x01, 0x29, 0x2c, 0x2f, 0x01, 0x0b, 0x0d, 0x0f, 0x01, 0x16, 0x18, 0x1b, 0x01, 0x5d, 0x61, 0x67,
    0x01, 0x44, 0x48, 0x4d, 0x01, 0x2f, 0x33, 0x36, 0x01, 0x65, 0x6a, 0x71, 0x01, 0x1e, 0x21, 0x24,
    0x01, 0x0c, 0x0f, 0x11, 0x01, 0x25, 0x28, 0x2b, 0x01, 0x6c, 0x71, 0x78, 0x01, 0x31, 0x35, 0x39,
    0x01, 0x09, 0x0b, 0x0d, 0x01, 0x26, 0x29, 0x2d, 0x01, 0x69, 0x6e, 0x75, 0x01, 0x26, 0x29, 0x2c,
    0x01, 0x0b, 0x0d, 0x0f, 0x01, 0x1a, 0x1c, 0x1f, 0x01, 0x67, 0x6c, 0x72, 0x01, 0x4a, 0x4e, 0x53,
    0x01, 0x16, 0x18, 0x1b, 0x01, 0x61, 0x65, 0x6c, 0x01, 0x2c, 0x2f, 0x33, 0x01, 0x09, 0x0b, 0x0d,
    0x01, 0x16, 0x18, 0x1b, 0x01, 0x63, 0x68, 0x6e, 0x01, 0x29, 0x2c, 0x2f, 0x02, 0x09, 0x0b, 0x0d,
    0x01, 0x46, 0x4a, 0x4f, 0x01, 0x4f, 0x53, 0x59, 0x01, 0x28, 0x2b, 0x2f, 0x01, 0x69, 0x6e, 0x75,
    0x01, 0x26, 0x29, 0x2c, 0x01, 0x0b, 0x0d, 0x0f, 0x01, 0x19, 0x1c, 0x1e, 0x01, 0x66, 0x6b, 0x72,
    0x01, 0x4a, 0x4e, 0x53, 0x01, 0x0a, 0x0c, 0x0e, 0x04, 0x09, 0x0b, 0x0d, 0x01, 0x16, 0x18, 0x1b,
    0x01, 0x63, 0x68, 0x6e, 0x01, 0x29, 0x2c, 0x2f, 0x01, 0x09, 0x0b, 0x0d, 0x01, 0x0e, 0x11, 0x13,
    0x01, 0x54, 0x58, 0x5e, 0x01, 0x40, 0x44, 0x48, 0x02, 0x09, 0x0b, 0x0d, 0x01, 0x3f, 0x43, 0x47,
    0x01, 0x54, 0x59, 0x5e, 0x01, 0x1a, 0x1d, 0x20, 0x01, 0x65, 0x6a, 0x70, 0x01, 0x31, 0x34, 0x38,
    0x01, 0x0b, 0x0e, 0x10, 0x01, 0x17, 0x1a, 0x1c, 0x01, 0x61, 0x66, 0x6c, 0x01, 0x49, 0x4d, 0x52,
    0x01, 0x09, 0x0c, 0x0e, 0x01, 0x0e, 0x10, 0x12, 0x01, 0x10, 0x12, 0x14, 0x01, 0x0e, 0x10, 0x12,
    0x01, 0x17, 0x19, 0x1c, 0x01, 0x54, 0x59, 0x5e, 0x01, 0x4e, 0x52, 0x57, 0x01, 0x17, 0x1a, 0x1c,
    0x01, 0x61, 0x65, 0x6c, 0x01, 0x2c, 0x2f, 0x33, 0x01, 0x09, 0x0b, 0x0d, 0x01, 0x24, 0x27, 0x2a,
    0x01, 0x69, 0x6e, 0x75, 0x01, 0x2b, 0x2e, 0x31, 0x01, 0x0c, 0x0e, 0x10, 0x01, 0x0b, 0x0e, 0x10,
    0x01, 0x10, 0x12, 0x14, 0x01, 0x0a, 0x0c, 0x0e, 0x03, 0x09, 0x0b, 0x0d, 0x01, 0x15, 0x17, 0x1a,
    0x01, 0x61, 0x65, 0x6c, 0x01, 0x2c, 0x2f, 0x33, 0x01, 0x15, 0x17, 0x1a, 0x01, 0x61, 0x65, 0x6c,
    0x01, 0x2c, 0x2f, 0x33, 0x01, 0x09, 0x0b, 0x0d, 0x01, 0x16, 0x18, 0x1b, 0x01, 0x6a, 0x6f, 0x76,
    0x01, 0x47, 0x4b, 0x50, 0x02, 0x0e, 0x10, 0x12, 0x01, 0x46, 0x4a, 0x4f, 0x01, 0x5b, 0x60, 0x66,
    0x01, 0x1d, 0x20, 0x23, 0x01, 0x63, 0x68, 0x6e, 0x01, 0x29, 0x2c, 0x2f, 0x02, 0x09, 0x0b, 0x0d,
    0x01, 0x2e, 0x31, 0x35, 0x01, 0x65, 0x6a, 0x71, 0x01, 0x1e, 0x21, 0x24, 0x01, 0x0c, 0x0f, 0x11,
    0x01, 0x25, 0x28, 0x2b, 0x01, 0x6c, 0x71, 0x78, 0x01, 0x31, 0x35, 0x39, 0x01, 0x09, 0x0b, 0x0d,
    0x01, 0x16, 0x18, 0x1b, 0x01, 0x63, 0x68, 0x6e, 0x01, 0x29, 0x2c, 0x2f, 0x03, 0x09, 0x0b, 0x0d,
    0x01, 0x12, 0x15, 0x17, 0x01, 0x59, 0x5e, 0x64, 0x01, 0x58, 0x5d, 0x63, 0x01, 0x60, 0x65, 0x6b,
    0x01, 0x18, 0x1a, 0x1d, 0x02, 0x09, 0x0b, 0x0d, 0x01, 0x13, 0x16, 0x18, 0x01, 0x63, 0x68, 0x6e,
    0x01, 0x60, 0x64, 0x6b, 0x03, 0x47, 0x4b, 0x50, 0x01, 0x2e, 0x31, 0x35, 0x01, 0x12, 0x14, 0x16,
    0x01, 0x4d, 0x51, 0x56, 0x01, 0x63, 0x68, 0x6e, 0x01, 0x4c, 0x50, 0x56, 0x01, 0x5a, 0x5e, 0x64,
    0x01, 0x60, 0x65, 0x6b, 0x02, 0x1e, 0x21, 0x24, 0x01, 0x65, 0x6a, 0x70, 0x01, 0x57, 0x5b, 0x61,
    0x01, 0x4c, 0x50, 0x55, 0x01, 0x5d, 0x62, 0x68, 0x01, 0x72, 0x77, 0x7f, 0x01, 0x31, 0x35, 0x39,
    0x01, 0x09, 0x0b, 0x0d, 0x01, 0x10, 0x13, 0x15, 0x01, 0x4f, 0x53, 0x59, 0x01, 0x63, 0x68, 0x6e,
    0x01, 0x4b, 0x4f, 0x54, 0x01, 0x56, 0x5b, 0x61, 0x01, 0x73, 0x78, 0x80, 0x01, 0x4a, 0x4e, 0x53,
    0x01, 0x16, 0x18, 0x1b, 0x01, 0x61, 0x65, 0x6c, 0x01, 0x2c, 0x2f, 0x33, 0x01, 0x09, 0x0b, 0x0d,
    0x01, 0x16, 0x18, 0x1b, 0x01, 0x63, 0x68, 0x6e, 0x01, 0x29, 0x2c, 0x2f, 0x02, 0x09, 0x0b, 0x0d,
    0x01, 0x46, 0x4a, 0x4f, 0x01, 0x4f, 0x53, 0x59, 0x01, 0x13, 0x15, 0x18, 0x01, 0x50, 0x54, 0x59,
    0x01, 0x62, 0x67, 0x6e, 0x01, 0x4b, 0x4f, 0x54, 0x01, 0x56, 0x5a, 0x60, 0x01, 0x73, 0x78, 0x80,
    0x01, 0x49, 0x4d, 0x52, 0x01, 0x09, 0x0c, 0x0e, 0x04, 0x09, 0x0b, 0x0d, 0x01, 0x16, 0x18, 0x1b,
    0x01, 0x63, 0x68, 0x6e, 0x01, 0x29, 0x2c, 0x2f, 0x01, 0x09, 0x0b, 0x0d, 0x01, 0x0e, 0x11, 0x13,
    0x01, 0x54, 0x58, 0x5e, 0x01, 0x40, 0x44, 0x48, 0x02, 0x09, 0x0b, 0x0d, 0x01, 0x3f, 0x43, 0x47,
    0x01, 0x54, 0x59, 0x5e, 0x01, 0x13, 0x16, 0x18, 0x01, 0x4b, 0x4f, 0x54, 0x01, 0x65, 0x6a, 0x70,
    0x01, 0x4c, 0x50, 0x56, 0x01, 0x55, 0x59, 0x5f, 0x01, 0x72, 0x77, 0x7e, 0x01, 0x49, 0x4d, 0x52,
    0x01, 0x09, 0x0c, 0x0e, 0x01, 0x2b, 0x2e, 0x31, 0x01, 0x52, 0x57, 0x5c, 0x01, 0x4b, 0x4f, 0x54,
    0x01, 0x4d, 0x51, 0x57, 0x01, 0x66, 0x6b, 0x71, 0x01, 0x3a, 0x3d, 0x42, 0x01, 0x16, 0x19, 0x1b,
    0x01, 0x61, 0x65, 0x6c, 0x01, 0x2c, 0x2f, 0x33, 0x01, 0x09, 0x0b, 0x0d, 0x01, 0x0f, 0x11, 0x13,
    0x01, 0x47, 0x4b, 0x50, 0x01, 0x64, 0x69, 0x70, 0x01, 0x4e, 0x52, 0x57, 0x01, 0x4c, 0x50, 0x56,
    0x01, 0x46, 0x4a, 0x4f, 0x01, 0x11, 0x13, 0x15, 0x03, 0x09, 0x0b, 0x0d, 0x01, 0x15, 0x17, 0x1a,
    0x01, 0x61, 0x65, 0x6c, 0x01, 0x2c, 0x2f, 0x33, 0x01, 0x15, 0x17, 0x1a, 0x01, 0x61, 0x65, 0x6c,
    0x01, 0x2c, 0x2f, 0x33, 0x01, 0x09, 0x0b, 0x0d, 0x01, 0x16, 0x18, 0x1b, 0x01, 0x69, 0x6e, 0x75,
    0x01, 0x67, 0x6c, 0x73, 0x01, 0x4f, 0x53, 0x59, 0x01, 0x51, 0x56, 0x5b, 0x01, 0x68, 0x6d, 0x73,
    0x01, 0x32, 0x35, 0x39, 0x01, 0x17, 0x19, 0x1c, 0x01, 0x63, 0x68, 0x6e, 0x01, 0x29, 0x2c, 0x2f,
    0x02, 0x09, 0x0b, 0x0d, 0x01, 0x1e, 0x21, 0x24, 0x01, 0x65, 0x6a, 0x70, 0x01, 0x57, 0x5b, 0x61,
    0x01, 0x4c, 0x50, 0x55, 0x01, 0x5d, 0x62, 0x68, 0x01, 0x72, 0x77, 0x7f, 0x01, 0x31, 0x35, 0x39,
    0x01, 0x09, 0x0b, 0x0d, 0x01, 0x16, 0x18, 0x1b, 0x01, 0x63, 0x68, 0x6e, 0x01, 0x29, 0x2c, 0x2f,
    0x03, 0x09, 0x0b, 0x0d, 0x01, 0x0a, 0x0c, 0x0e, 0x01, 0x39, 0x3d, 0x41, 0x01, 0x7a, 0x7f, 0x87,
    0x01, 0x45, 0x49, 0x4e, 0x01, 0x0b, 0x0e, 0x10, 0x02, 0x09, 0x0b, 0x0d, 0x01, 0x0e, 0x11, 0x13,
    0x01, 0x37, 0x3b, 0x3f, 0x04, 0x47, 0x4b, 0x50, 0x01, 0x2e, 0x31, 0x35, 0x01, 0x0b, 0x0d, 0x0f,
    0x01, 0x12, 0x15, 0x17, 0x01, 0x32, 0x35, 0x39, 0x01, 0x43, 0x47, 0x4c, 0x01, 0x3b, 0x3f, 0x43,
    0x01, 0x1b, 0x1e, 0x21, 0x01, 0x0a, 0x0c, 0x0e, 0x01, 0x0b, 0x0d, 0x0f, 0x01, 0x23, 0x26, 0x29,
    0x01, 0x41, 0x45, 0x49, 0x01, 0x40, 0x44, 0x48, 0x01, 0x29, 0x2c, 0x2f, 0x01, 0x35, 0x39, 0x3d,
    0x01, 0x1d, 0x20, 0x23, 0x02, 0x09, 0x0b, 0x0d, 0x01, 0x14, 0x16, 0x19, 0x01, 0x36, 0x39, 0x3d,
    0x01, 0x43, 0x47, 0x4c, 0x01, 0x30, 0x33, 0x37, 0x01, 0x30, 0x34, 0x38, 0x01, 0x2a, 0x2d, 0x30,
    0x01, 0x0f, 0x12, 0x14, 0x01, 0x35, 0x38, 0x3c, 0x01, 0x1b, 0x1d, 0x20, 0x01, 0x09, 0x0b, 0x0d,
    0x01, 0x0f, 0x12, 0x14, 0x01, 0x36, 0x3a, 0x3e, 0x01, 0x19, 0x1c, 0x1e, 0x02, 0x09, 0x0b, 0x0d,
    0x01, 0x28, 0x2b, 0x2e, 0x01, 0x2c, 0x2f, 0x33, 0x01, 0x0a, 0x0d, 0x0f, 0x01, 0x14, 0x17, 0x19,
    0x01, 0x36, 0x39, 0x3d, 0x01, 0x43, 0x47, 0x4c, 0x01, 0x34, 0x37, 0x3b, 0x01, 0x5a, 0x5f, 0x65,
    0x01, 0x41, 0x45, 0x4a, 0x05, 0x09, 0x0b, 0x0d, 0x01, 0x0f, 0x12, 0x14, 0x01, 0x36, 0x3a, 0x3e,
    0x01, 0x19, 0x1c, 0x1e, 0x01, 0x09, 0x0b, 0x0d, 0x01, 0x0c, 0x0e, 0x10, 0x01, 0x2e, 0x32, 0x35,
    0x01, 0x25, 0x28, 0x2b, 0x02, 0x09, 0x0b, 0x0d, 0x01, 0x24, 0x27, 0x2a, 0x01, 0x2f, 0x32, 0x36,
    0x01, 0x0c, 0x0e, 0x10, 0x01, 0x15, 0x17, 0x1a, 0x01, 0x38, 0x3b, 0x3f, 0x01, 0x43, 0x47, 0x4c,
    0x01, 0x2e, 0x31, 0x35, 0x01, 0x30, 0x34, 0x38, 0x01, 0x29, 0x2c, 0x30, 0x01, 0x09, 0x0c, 0x0e,
    0x01, 0x13, 0x15, 0x18, 0x01, 0x30, 0x33, 0x37, 0x01, 0x41, 0x45, 0x4a, 0x01, 0x42, 0x46, 0x4a,
    0x01, 0x2c, 0x2f, 0x33, 0x02, 0x0f, 0x11, 0x13, 0x01, 0x35, 0x38, 0x3c, 0x01, 0x1b, 0x1d, 0x20,
    0x02, 0x09, 0x0b, 0x0d, 0x01, 0x10, 0x12, 0x14, 0x01, 0x2d, 0x30, 0x34, 0x01, 0x42, 0x46, 0x4b,
    0x01, 0x3f, 0x43, 0x47, 0x01, 0x24, 0x27, 0x2a, 0x01, 0x0b, 0x0d, 0x0f, 0x03, 0x09, 0x0b, 0x0d,
    0x01, 0x0f, 0x11, 0x13, 0x01, 0x35, 0x38, 0x3c, 0x01, 0x1b, 0x1d, 0x20, 0x01, 0x0f, 0x11, 0x13,
    0x01, 0x35, 0x38, 0x3c, 0x01, 0x1b, 0x1d, 0x20, 0x01, 0x09, 0x0b, 0x0d, 0x01, 0x0f, 0x12, 0x14,
    0x01, 0x37, 0x3a, 0x3e, 0x01, 0x29, 0x2c, 0x2f, 0x01, 0x3b, 0x3e, 0x43, 0x01, 0x42, 0x46, 0x4a,
    0x01, 0x29, 0x2c, 0x2f, 0x01, 0x0d, 0x0f, 0x11, 0x01, 0x0f, 0x12, 0x14, 0x01, 0x36, 0x3a, 0x3e,
    0x01, 0x19, 0x1c, 0x1e, 0x02, 0x09, 0x0b, 0x0d, 0x01, 0x0b, 0x0d, 0x0f, 0x01, 0x23, 0x26, 0x29,
    0x01, 0x41, 0x45, 0x49, 0x01, 0x40, 0x44, 0x48, 0x01, 0x29, 0x2c, 0x2f, 0x01, 0x35, 0x39, 0x3d,
    0x01, 0x1d, 0x20, 0x23, 0x01, 0x09, 0x0b, 0x0d, 0x01, 0x0f, 0x12, 0x14, 0x01, 0x36, 0x3a, 0x3e,
    0x01, 0x19, 0x1c, 0x1e, 0x04, 0x09, 0x0b, 0x0d, 0x01, 0x26, 0x29, 0x2d, 0x01, 0x6a, 0x6f, 0x76,
    0x01, 0x22, 0x25, 0x28, 0x2b, 0x09, 0x0b, 0x0d, 0x01, 0x0a, 0x0c, 0x0e, 0x01, 0x21, 0x24, 0x27,
    0x01, 0x25, 0x28, 0x2b, 0x01, 0x1c, 0x1f, 0x22, 0x01, 0x38, 0x3b, 0x3f, 0x01, 0x67, 0x6c, 0x73,
    0x01, 0x29, 0x2c, 0x2f, 0x4c, 0x09, 0x0b, 0x0d, 0x01, 0x0b, 0x0e, 0x10, 0x01, 0x1a, 0x1d, 0x1f,
    0x01, 0x4d, 0x51, 0x56, 0x01, 0x52, 0x56, 0x5c, 0x01, 0x0f, 0x11, 0x13, 0x2b, 0x09, 0x0b, 0x0d,
    0x01, 0x0a, 0x0c, 0x0e, 0x01, 0x30, 0x33, 0x37, 0x01, 0x5d, 0x62, 0x68, 0x01, 0x64, 0x69, 0x70,
    0x01, 0x61, 0x65, 0x6c, 0x01, 0x3b, 0x3e, 0x43, 0x01, 0x0e, 0x10, 0x12, 0x4c, 0x09, 0x0b, 0x0d,
    0x01, 0x18, 0x1b, 0x1d, 0x01, 0x5c, 0x60, 0x66, 0x01, 0x5e, 0x62, 0x68, 0x01, 0x24, 0x27, 0x2a,
    0x01, 0x09, 0x0c, 0x0e, 0x2c, 0x09, 0x0b, 0x0d, 0x01, 0x0c, 0x0f, 0x11, 0x01, 0x16, 0x18, 0x1b,
    0x01, 0x1a, 0x1c, 0x1f, 0x01, 0x16, 0x18, 0x1b, 0x01, 0x0b, 0x0e, 0x10, 0x4d, 0x09, 0x0b, 0x0d,
    0x01, 0x0c, 0x0e, 0x10, 0x01, 0x19, 0x1b, 0x1e, 0x01, 0x15, 0x17, 0x1a, 0x01, 0x0a, 0x0d, 0x0f,
    0x04, 0x09, 0x0b, 0x0d, 0x01, 0x09, 0x0b, 0x0d, 0x01, 0x13, 0x15, 0x18, 0x01, 0x31, 0x35, 0x39,
    0x01, 0x43, 0x47, 0x4c, 0x01, 0x40, 0x44, 0x49, 0x01, 0x30, 0x33, 0x37, 0x01, 0x14, 0x16, 0x19,
    0x01, 0x0a, 0x0d, 0x0f, 0x01, 0x14, 0x17, 0x19, 0x01, 0x0d, 0x10, 0x12, 0x0e, 0x09, 0x0b, 0x0d,
    0x01, 0x0a, 0x0d, 0x0f, 0x01, 0x14, 0x17, 0x19, 0x01, 0x0d, 0x10, 0x12, 0x02, 0x09, 0x0b, 0x0d,
    0x01, 0x0f, 0x11, 0x13, 0x01, 0x35, 0x38, 0x3c, 0x01, 0x1b, 0x1d, 0x20, 0x26, 0x09, 0x0b, 0x0d,
    0x01, 0x0a, 0x0c, 0x0e, 0x01, 0x2b, 0x2e, 0x31, 0x01, 0x2a, 0x2d, 0x30, 0x01, 0x09, 0x0c, 0x0e,
    0x01, 0x0f, 0x11, 0x13, 0x01, 0x35, 0x38, 0x3c, 0x01, 0x1b, 0x1d, 0x20, 0x08, 0x09, 0x0b, 0x0d,
    0x01, 0x11, 0x13, 0x15, 0x01, 0x50, 0x54, 0x5a, 0x01, 0x64, 0x69, 0x6f, 0x01, 0x4d, 0x51, 0x57,
    0x01, 0x4b, 0x4f, 0x54, 0x01, 0x54, 0x58, 0x5e, 0x01, 0x2f, 0x33, 0x37, 0x01, 0x14, 0x16, 0x19,
    0x01, 0x56, 0x5b, 0x61, 0x01, 0x26, 0x29, 0x2d, 0x0e, 0x09, 0x0b, 0x0d, 0x01, 0x14, 0x16, 0x19,
    0x01, 0x56, 0x5b, 0x61, 0x01, 0x26, 0x29, 0x2d, 0x02, 0x09, 0x0b, 0x0d, 0x01, 0x13, 0x16, 0x18,
    0x01, 0x56, 0x5a, 0x60, 0x01, 0x28, 0x2b, 0x2e, 0x26, 0x09, 0x0b, 0x0d, 0x01, 0x0a, 0x0d, 0x0f,
    0x01, 0x4c, 0x50, 0x55, 0x01, 0x4a, 0x4e, 0x53, 0x01, 0x0a, 0x0c, 0x0e, 0x01, 0x13, 0x16, 0x18,
    0x01, 0x56, 0x5a, 0x60, 0x01, 0x28, 0x2b, 0x2e, 0x08, 0x09, 0x0b, 0x0d, 0x01, 0x24, 0x27, 0x2a,
    0x01, 0x6d, 0x72, 0x79, 0x01, 0x29, 0x2c, 0x2f, 0x01, 0x0b, 0x0e, 0x10, 0x01, 0x0b, 0x0d, 0x0f,
    0x01, 0x10, 0x13, 0x15, 0x01, 0x0f, 0x12, 0x14, 0x01, 0x1d, 0x20, 0x23, 0x01, 0x66, 0x6b, 0x71,
    0x01, 0x36, 0x39, 0x3d, 0x01, 0x18, 0x1b, 0x1d, 0x01, 0x10, 0x12, 0x14, 0x01, 0x09, 0x0b, 0x0d,
    0x01, 0x0d, 0x0f, 0x11, 0x01, 0x14, 0x17, 0x19, 0x01, 0x18, 0x1a, 0x1d, 0x01, 0x13, 0x16, 0x18,
    0x01, 0x0a, 0x0d, 0x0f, 0x01, 0x09, 0x0b, 0x0d, 0x01, 0x0a, 0x0d, 0x0f, 0x01, 0x14, 0x17, 0x19,
    0x01, 0x0f, 0x11, 0x13, 0x01, 0x14, 0x16, 0x19, 0x01, 0x17, 0x19, 0x1c, 0x01, 0x1f, 0x22, 0x25,
    0x01, 0x66, 0x6b, 0x71, 0x01, 0x36, 0x39, 0x3d, 0x01, 0x18, 0x1b, 0x1d, 0x01, 0x10, 0x12, 0x14,
    0x01, 0x0c, 0x0e, 0x10, 0x01, 0x1f, 0x22, 0x25, 0x01, 0x12, 0x14, 0x16, 0x01, 0x0a, 0x0d, 0x0f,
    0x01, 0x14, 0x17, 0x19, 0x01, 0x0f, 0x11, 0x13, 0x01, 0x14, 0x16, 0x19, 0x01, 0x17, 0x1a, 0x1c,
    0x01, 0x10, 0x12, 0x14, 0x01, 0x09, 0x0c, 0x0e, 0x02, 0x09, 0x0b, 0x0d, 0x01, 0x0a, 0x0d, 0x0f,
    0x01, 0x13, 0x15, 0x18, 0x01, 0x17, 0x1a, 0x1c, 0x01, 0x11, 0x13, 0x15, 0x01, 0x12, 0x14, 0x16,
    0x01, 0x11, 0x14, 0x16, 0x05, 0x09, 0x0b, 0x0d, 0x01, 0x0d, 0x0f, 0x11, 0x01, 0x14, 0x17, 0x19,
    0x01, 0x18, 0x1a, 0x1d, 0x01, 0x13, 0x16, 0x18, 0x01, 0x0a, 0x0d, 0x0f, 0x02, 0x09, 0x0b, 0x0d,
    0x01, 0x0b, 0x0d, 0x0f, 0x01, 0x15, 0x17, 0x1a, 0x01, 0x0c, 0x0e, 0x10, 0x01, 0x09, 0x0b, 0x0d,
    0x01, 0x09, 0x0c, 0x0e, 0x01, 0x12, 0x14, 0x16, 0x01, 0x11, 0x13, 0x15, 0x01, 0x09, 0x0b, 0x0d,
    0x01, 0x0a, 0x0d, 0x0f, 0x01, 0x13, 0x15, 0x18, 0x01, 0x17, 0x1a, 0x1c, 0x01, 0x12, 0x15, 0x17,
    0x01, 0x4c, 0x50, 0x56, 0x01, 0x4a, 0x4e, 0x53, 0x01, 0x0a, 0x0c, 0x0e, 0x01, 0x0c, 0x0e, 0x10,
    0x01, 0x1f, 0x22, 0x25, 0x01, 0x12, 0x14, 0x16, 0x01, 0x09, 0x0b, 0x0d, 0x01, 0x0a, 0x0c, 0x0e,
    0x01, 0x11, 0x14, 0x16, 0x01, 0x17, 0x1a, 0x1c, 0x01, 0x15, 0x17, 0x1a, 0x01, 0x0b, 0x0e, 0x10,
    0x02, 0x09, 0x0b, 0x0d, 0x01, 0x25, 0x28, 0x2b, 0x01, 0x6f, 0x74, 0x7b, 0x01, 0x32, 0x36, 0x3a,
    0x01, 0x12, 0x14, 0x16, 0x01, 0x0b, 0x0d, 0x0f, 0x01, 0x09, 0x0b, 0x0d, 0x01, 0x0e, 0x10, 0x12,
    0x01, 0x47, 0x4b, 0x50, 0x01, 0x7c, 0x82, 0x8a, 0x01, 0x6f, 0x74, 0x7b, 0x01, 0x64, 0x69, 0x70,
    0x01, 0x32, 0x36, 0x3a, 0x01, 0x0e, 0x10, 0x12, 0x01, 0x3d, 0x41, 0x45, 0x01, 0x5d, 0x62, 0x68,
    0x01, 0x64, 0x69, 0x70, 0x01, 0x5e, 0x63, 0x69, 0x01, 0x32, 0x36, 0x3a, 0x01, 0x0b, 0x0e, 0x10,
    0x01, 0x14, 0x17, 0x19, 0x01, 0x5a, 0x5f, 0x65, 0x01, 0x4f, 0x53, 0x59, 0x01, 0x5c, 0x60, 0x66,
    0x01, 0x57, 0x5b, 0x61, 0x01, 0x4c, 0x51, 0x56, 0x01, 0x7c, 0x82, 0x8a, 0x01, 0x6f, 0x74, 0x7b,
    0x01, 0x64, 0x69, 0x70, 0x01, 0x32, 0x36, 0x3a, 0x01, 0x13, 0x16, 0x18, 0x01, 0x56, 0x5a, 0x60,
    0x01, 0x28, 0x2b, 0x2e, 0x01, 0x14, 0x17, 0x19, 0x01, 0x5a, 0x5f, 0x65, 0x01, 0x4e, 0x52, 0x57,
    0x01, 0x5c, 0x60, 0x66, 0x01, 0x66, 0x6b, 0x71, 0x01, 0x52, 0x57, 0x5c, 0x01, 0x19, 0x1b, 0x1e,
    0x01, 0x09, 0x0b, 0x0d, 0x01, 0x0b, 0x0d, 0x0f, 0x01, 0x2e, 0x31, 0x35, 0x01, 0x5e, 0x63, 0x69,
    0x01, 0x64, 0x69, 0x6f, 0x01, 0x54, 0x59, 0x5e, 0x01, 0x5a, 0x5e, 0x64, 0x01, 0x42, 0x46, 0x4a,
    0x01, 0x0a, 0x0c, 0x0e, 0x03, 0x09, 0x0b, 0x0d, 0x01, 0x0e, 0x10, 0x12, 0x01, 0x3d, 0x41, 0x45,
    0x01, 0x5d, 0x62, 0x68, 0x01, 0x64, 0x69, 0x70, 0x01, 0x5e, 0x63, 0x69, 0x01, 0x32, 0x36, 0x3a,
    0x01, 0x0b, 0x0e, 0x10, 0x01, 0x09, 0x0b, 0x0d, 0x01, 0x16, 0x19, 0x1b, 0x01, 0x5c, 0x60, 0x66,
    0x01, 0x1f, 0x22, 0x25, 0x01, 0x09, 0x0b, 0x0d, 0x01, 0x0b, 0x0d, 0x0f, 0x01, 0x45, 0x49, 0x4e,
    0x01, 0x41, 0x45, 0x49, 0x01, 0x0a, 0x0d, 0x10, 0x01, 0x2d, 0x31, 0x34, 0x01, 0x5e, 0x63, 0x69,
    0x01, 0x64, 0x69, 0x6f, 0x01, 0x55, 0x59, 0x5f, 0x01, 0x62, 0x67, 0x6d, 0x01, 0x4a, 0x4e, 0x53,
    0x01, 0x0a, 0x0c, 0x0e, 0x01, 0x13, 0x16, 0x18, 0x01, 0x56, 0x5a, 0x60, 0x01, 0x28, 0x2b, 0x2e,
    0x01, 0x0a, 0x0d, 0x0f, 0x01, 0x2a, 0x2d, 0x31, 0x01, 0x5a, 0x5e, 0x64, 0x01, 0x64, 0x69, 0x70,
    0x01, 0x61, 0x66, 0x6c, 0x01, 0x3e, 0x42, 0x46, 0x01, 0x10, 0x12, 0x14, 0x01, 0x09, 0x0b, 0x0d,
    0x01, 0x12, 0x14, 0x16, 0x01, 0x51, 0x56, 0x5b, 0x01, 0x6f, 0x74, 0x7b, 0x01, 0x5f, 0x64, 0x6a,
    0x01, 0x4b, 0x4f, 0x54, 0x01, 0x2c, 0x30, 0x33, 0x01, 0x10, 0x13, 0x15, 0x01, 0x1d, 0x20, 0x23,
    0x01, 0x66, 0x6b, 0x71, 0x01, 0x36, 0x39, 0x3d, 0x01, 0x18, 0x1b, 0x1d, 0x01, 0x10, 0x12, 0x14,
    0x01, 0x0d, 0x10, 0x12, 0x01, 0x2a, 0x2d, 0x30, 0x01, 0x23, 0x26, 0x29, 0x01, 0x1d, 0x20, 0x23,
    0x01, 0x3b, 0x3f, 0x43, 0x01, 0x63, 0x68, 0x6f, 0x01, 0x1c, 0x1f, 0x21, 0x01, 0x16, 0x18, 0x1b,
    0x01, 0x6b, 0x70, 0x77, 0x01, 0x5c, 0x61, 0x67, 0x01, 0x25, 0x28, 0x2b, 0x01, 0x17, 0x1a, 0x1c,
    0x01, 0x1f, 0x22, 0x25, 0x01, 0x66, 0x6b, 0x71, 0x01, 0x36, 0x39, 0x3d, 0x01, 0x18, 0x1b, 0x1d,
    0x01, 0x10, 0x12, 0x14, 0x01, 0x15, 0x17, 0x1a, 0x01, 0x61, 0x65, 0x6c, 0x01, 0x2c, 0x2f, 0x33,
    0x01, 0x16, 0x18, 0x1b, 0x01, 0x6b, 0x70, 0x77, 0x01, 0x5a, 0x5f, 0x65, 0x01, 0x26, 0x29, 0x2c,
    0x01, 0x27, 0x2a, 0x2e, 0x01, 0x63, 0x68, 0x6e, 0x01, 0x3e, 0x41, 0x46, 0x01, 0x09, 0x0c, 0x0e,
    0x01, 0x1b, 0x1d, 0x20, 0x01, 0x65, 0x6a, 0x70, 0x01, 0x44, 0x48, 0x4d, 0x01, 0x1e, 0x21, 0x24,
    0x01, 0x35, 0x39, 0x3d, 0x01, 0x74, 0x7a, 0x81, 0x01, 0x4a, 0x4e, 0x53, 0x01, 0x0a, 0x0c, 0x0e,
    0x03, 0x09, 0x0b, 0x0d, 0x01, 0x0d, 0x10, 0x12, 0x01, 0x2a, 0x2d, 0x30, 0x01, 0x23, 0x26, 0x29,
    0x01, 0x1d, 0x20, 0x23, 0x01, 0x3b, 0x3f, 0x43, 0x01, 0x63, 0x68, 0x6f, 0x01, 0x1c, 0x1f, 0x21,
    0x01, 0x09, 0x0b, 0x0d, 0x01, 0x18, 0x1b, 0x1d, 0x01, 0x67, 0x6c, 0x73, 0x01, 0x22, 0x25, 0x28,
    0x01, 0x09, 0x0b, 0x0d, 0x01, 0x0b, 0x0d, 0x0f, 0x01, 0x4d, 0x51, 0x57, 0x01, 0x49, 0x4d, 0x52,
    0x01, 0x1a, 0x1d, 0x20, 0x01, 0x64, 0x69, 0x70, 0x01, 0x45, 0x49, 0x4e, 0x01, 0x1e, 0x21, 0x24,
    0x01, 0x36, 0x3a, 0x3e, 0x01, 0x74, 0x7a, 0x81, 0x01, 0x4a, 0x4e, 0x53, 0x01, 0x0a, 0x0c, 0x0e,
    0x01, 0x15, 0x17, 0x1a, 0x01, 0x61, 0x65, 0x6c, 0x01, 0x2c, 0x2f, 0x33, 0x01, 0x1a, 0x1c, 0x1f,
    0x01, 0x64, 0x69, 0x6f, 0x01, 0x48, 0x4c, 0x51, 0x01, 0x1f, 0x22, 0x25, 0x01, 0x33, 0x36, 0x3a,
    0x01, 0x69, 0x6e, 0x75, 0x01, 0x32, 0x36, 0x3a, 0x01, 0x09, 0x0c, 0x0e, 0x01, 0x09, 0x0b, 0x0d,
    0x01, 0x12, 0x14, 0x16, 0x01, 0x2e, 0x31, 0x35, 0x01, 0x47, 0x4b, 0x50, 0x01, 0x5e, 0x62, 0x68,
    0x01, 0x71, 0x76, 0x7d, 0x01, 0x40, 0x44, 0x48, 0x01, 0x18, 0x1b, 0x1e, 0x01, 0x62, 0x66, 0x6d,
    0x01, 0x2b, 0x2e, 0x31, 0x02, 0x09, 0x0b, 0x0d, 0x01, 0x0a, 0x0c, 0x0e, 0x01, 0x1c, 0x1f, 0x22,
    0x01, 0x3a, 0x3e, 0x42, 0x01, 0x46, 0x4a, 0x4f, 0x01, 0x4e, 0x52, 0x57, 0x01, 0x6f, 0x74, 0x7b,
    0x01, 0x2d, 0x30, 0x34, 0x01, 0x16, 0x18, 0x1b, 0x01, 0x66, 0x6b, 0x71, 0x01, 0x33, 0x36, 0x3a,
    0x01, 0x09, 0x0c, 0x0e, 0x01, 0x09, 0x0b, 0x0d, 0x01, 0x15, 0x18, 0x1a, 0x01, 0x62, 0x66, 0x6d,
    0x01, 0x2b, 0x2e, 0x31, 0x02, 0x09, 0x0b, 0x0d, 0x01, 0x15, 0x17, 0x1a, 0x01, 0x61, 0x65, 0x6c,
    0x01, 0x2c, 0x2f, 0x33, 0x01, 0x16, 0x18, 0x1b, 0x01, 0x65, 0x6a, 0x71, 0x01, 0x30, 0x34, 0x38,
    0x01, 0x09, 0x0b, 0x0d, 0x01, 0x0a, 0x0d, 0x0f, 0x01, 0x4a, 0x4e, 0x53, 0x01, 0x4d, 0x51, 0x57,
    0x01, 0x0b, 0x0d, 0x0f, 0x01, 0x30, 0x33, 0x37, 0x01, 0x64, 0x69, 0x6f, 0x01, 0x18, 0x1a, 0x1d,
    0x01, 0x09, 0x0b, 0x0d, 0x01, 0x0f, 0x11, 0x13, 0x01, 0x58, 0x5d, 0x63, 0x01, 0x4a, 0x4e, 0x53,
    0x01, 0x0a, 0x0c, 0x0e, 0x03, 0x09, 0x0b, 0x0d, 0x01, 0x0a, 0x0c, 0x0e, 0x01, 0x1c, 0x1f, 0x22,
    0x01, 0x3a, 0x3e, 0x42, 0x01, 0x46, 0x4a, 0x4f, 0x01, 0x4e, 0x52, 0x57, 0x01, 0x6f, 0x74, 0x7b,
    0x01, 0x2d, 0x30, 0x34, 0x01, 0x09, 0x0b, 0x0d, 0x01, 0x18, 0x1b, 0x1d, 0x01, 0x67, 0x6c, 0x73,
    0x01, 0x22, 0x25, 0x28, 0x01, 0x09, 0x0b, 0x0d, 0x01, 0x0b, 0x0d, 0x0f, 0x01, 0x4d, 0x51, 0x57,
    0x01, 0x49, 0x4d, 0x52, 0x01, 0x30, 0x34, 0x38, 0x01, 0x64, 0x69, 0x6f, 0x01, 0x18, 0x1a, 0x1d,
    0x01, 0x09, 0x0b, 0x0d, 0x01, 0x0f, 0x12, 0x14, 0x01, 0x59, 0x5d, 0x63, 0x01, 0x4a, 0x4e, 0x53,
    0x01, 0x0a, 0x0c, 0x0e, 0x01, 0x15, 0x17, 0x1a, 0x01, 0x61, 0x65, 0x6c, 0x01, 0x2c, 0x2f, 0x33,
    0x01, 0x2f, 0x33, 0x37, 0x01, 0x66, 0x6b, 0x72, 0x01, 0x19, 0x1c, 0x1e, 0x01, 0x09, 0x0b, 0x0d,
    0x01, 0x0c, 0x0e, 0x10, 0x01, 0x4f, 0x53, 0x58, 0x01, 0x50, 0x54, 0x59, 0x01, 0x0c, 0x0f, 0x11,
    0x03, 0x09, 0x0b, 0x0d, 0x01, 0x0a, 0x0d, 0x0f, 0x01, 0x12, 0x15, 0x17, 0x01, 0x4a, 0x4e, 0x53,
    0x01, 0x67, 0x6c, 0x72, 0x01, 0x20, 0x22, 0x26, 0x01, 0x62, 0x66, 0x6d, 0x01, 0x2b, 0x2e, 0x31,
    0x02, 0x09, 0x0b, 0x0d, 0x01, 0x1b, 0x1e, 0x20, 0x01, 0x60, 0x64, 0x6b, 0x01, 0x58, 0x5d, 0x63,
    0x01, 0x4a, 0x4e, 0x53, 0x01, 0x4d, 0x51, 0x56, 0x01, 0x6f, 0x74, 0x7b, 0x01, 0x31, 0x35, 0x39,
    0x01, 0x16, 0x18, 0x1b, 0x01, 0x63, 0x68, 0x6e, 0x01, 0x29, 0x2c, 0x30, 0x02, 0x09, 0x0b, 0x0d,
    0x01, 0x15, 0x18, 0x1a, 0x01, 0x62, 0x66, 0x6d, 0x01, 0x2b, 0x2e, 0x31, 0x02, 0x09, 0x0b, 0x0d,
    0x01, 0x15, 0x17, 0x1a, 0x01, 0x61, 0x65, 0x6c, 0x01, 0x2c, 0x2f, 0x33, 0x01, 0x16, 0x18, 0x1b,
    0x01, 0x63, 0x68, 0x6e, 0x01, 0x29, 0x2c, 0x2f, 0x02, 0x09, 0x0b, 0x0d, 0x01, 0x46, 0x4a, 0x4f,
    0x01, 0x4f, 0x53, 0x59, 0x01, 0x0c, 0x0e, 0x10, 0x01, 0x35, 0x38, 0x3c, 0x01, 0x60, 0x65, 0x6b,
    0x01, 0x14, 0x16, 0x19, 0x01, 0x09, 0x0b, 0x0d, 0x01, 0x0c, 0x0f, 0x11, 0x01, 0x51, 0x55, 0x5b,
    0x01, 0x4a, 0x4e, 0x53, 0x01, 0x0a, 0x0c, 0x0e, 0x03, 0x09, 0x0b, 0x0d, 0x01, 0x1b, 0x1e, 0x20,
    0x01, 0x60, 0x64, 0x6b, 0x01, 0x58, 0x5d, 0x63, 0x01, 0x4a, 0x4e, 0x53, 0x01, 0x4d, 0x51, 0x56,
    0x01, 0x6f, 0x74, 0x7b, 0x01, 0x31, 0x35, 0x39, 0x01, 0x09, 0x0b, 0x0d, 0x01, 0x18, 0x1a, 0x1d,
    0x01, 0x67, 0x6c, 0x73, 0x01, 0x22, 0x25, 0x28, 0x01, 0x09, 0x0b, 0x0d, 0x01, 0x0b, 0x0e, 0x10,
    0x01, 0x4e, 0x52, 0x58, 0x01, 0x49, 0x4d, 0x52, 0x01, 0x35, 0x39, 0x3d, 0x01, 0x60, 0x65, 0x6b,
    0x01, 0x14, 0x16, 0x19, 0x01, 0x09, 0x0b, 0x0d, 0x01, 0x0c, 0x0f, 0x11, 0x01, 0x51, 0x55, 0x5b,
    0x01, 0x4a, 0x4e, 0x53, 0x01, 0x0a, 0x0c, 0x0e, 0x01, 0x15, 0x17, 0x1a, 0x01, 0x61, 0x65, 0x6c,
    0x01, 0x2c, 0x2f, 0x33, 0x01, 0x35, 0x38, 0x3c, 0x01, 0x62, 0x67, 0x6e, 0x01, 0x14, 0x17, 0x19,
    0x01, 0x09, 0x0b, 0x0d, 0x01, 0x09, 0x0c, 0x0e, 0x01, 0x47, 0x4b, 0x50, 0x01, 0x54, 0x59, 0x5e,
    0x01, 0x0e, 0x10, 0x12, 0x01, 0x0c, 0x0f, 0x11, 0x01, 0x12, 0x14, 0x16, 0x01, 0x0c, 0x0f, 0x11,
    0x01, 0x0a, 0x0c, 0x0e, 0x01, 0x0e, 0x11, 0x13, 0x01, 0x44, 0x48, 0x4d, 0x01, 0x65, 0x6a, 0x70,
    0x01, 0x1e, 0x21, 0x24, 0x01, 0x61, 0x65, 0x6c, 0x01, 0x2f, 0x32, 0x36, 0x01, 0x09, 0x0c, 0x0e,
    0x01, 0x09, 0x0b, 0x0d, 0x01, 0x2e, 0x31, 0x35, 0x01, 0x65, 0x6a, 0x71, 0x01, 0x1e, 0x21, 0x24,
    0x01, 0x0c, 0x0f, 0x11, 0x01, 0x25, 0x28, 0x2b, 0x01, 0x6c, 0x71, 0x78, 0x01, 0x31, 0x35, 0x39,
    0x01, 0x16, 0x18, 0x1b, 0x01, 0x63, 0x68, 0x6e, 0x01, 0x29, 0x2c, 0x2f, 0x02, 0x09, 0x0b, 0x0d,
    0x01, 0x14, 0x17, 0x19, 0x01, 0x61, 0x65, 0x6c, 0x01, 0x2f, 0x32, 0x36, 0x01, 0x09, 0x0c, 0x0e,
    0x01, 0x09, 0x0b, 0x0d, 0x01, 0x15, 0x17, 0x1a, 0x01, 0x61, 0x65, 0x6c, 0x01, 0x2c, 0x2f, 0x33,
    0x01, 0x16, 0x18, 0x1b, 0x01, 0x63, 0x68, 0x6e, 0x01, 0x29, 0x2c, 0x2f, 0x02, 0x09, 0x0b, 0x0d,
    0x01, 0x46, 0x4a, 0x4f, 0x01, 0x4f, 0x53, 0x59, 0x01, 0x0c, 0x0e, 0x10, 0x01, 0x26, 0x29, 0x2d,
    0x01, 0x69, 0x6e, 0x75, 0x01, 0x26, 0x29, 0x2c, 0x01, 0x0b, 0x0d, 0x0f, 0x01, 0x19, 0x1c, 0x1e,
    0x01, 0x66, 0x6b, 0x72, 0x01, 0x4a, 0x4e, 0x53, 0x01, 0x0a, 0x0c, 0x0e, 0x03, 0x09, 0x0b, 0x0d,
    0x01, 0x2e, 0x31, 0x35, 0x01, 0x65, 0x6a, 0x71, 0x01, 0x1e, 0x21, 0x24, 0x01, 0x0c, 0x0f, 0x11,
    0x01, 0x25, 0x28, 0x2b, 0x01, 0x6c, 0x71, 0x78, 0x01, 0x31, 0x35, 0x39, 0x01, 0x09, 0x0b, 0x0d,
    0x01, 0x16, 0x18, 0x1b, 0x01, 0x65, 0x6a, 0x70, 0x01, 0x31, 0x34, 0x38, 0x01, 0x0b, 0x0e, 0x10,
    0x01, 0x17, 0x1a, 0x1c, 0x01, 0x61, 0x66, 0x6c, 0x01, 0x49, 0x4d, 0x52, 0x01, 0x26, 0x2a, 0x2d,
    0x01, 0x69, 0x6e, 0x75, 0x01, 0x26, 0x29, 0x2c, 0x01, 0x0b, 0x0d, 0x0f, 0x01, 0x1a, 0x1c, 0x1f,
    0x01, 0x67, 0x6c, 0x72, 0x01, 0x4a, 0x4e, 0x53, 0x01, 0x0a, 0x0c, 0x0e, 0x01, 0x15, 0x17, 0x1a,
    0x01, 0x61, 0x65, 0x6c, 0x01, 0x2c, 0x2f, 0x33, 0x01, 0x26, 0x29, 0x2c, 0x01, 0x6a, 0x6f, 0x76,
    0x01, 0x29, 0x2c, 0x2f, 0x01, 0x0b, 0x0d, 0x0f, 0x01, 0x16, 0x18, 0x1b, 0x01, 0x5d, 0x61, 0x67,
    0x01, 0x44, 0x48, 0x4d, 0x01, 0x0a, 0x0d, 0x0f, 0x01, 0x1f, 0x22, 0x25, 0x01, 0x53, 0x57, 0x5d,
    0x01, 0x4e, 0x52, 0x58, 0x01, 0x4a, 0x4e, 0x53, 0x01, 0x53, 0x57, 0x5d, 0x01, 0x6a, 0x6f, 0x76,
    0x01, 0x3e, 0x41, 0x46, 0x01, 0x12, 0x14, 0x16, 0x01, 0x52, 0x56, 0x5c, 0x01, 0x5f, 0x63, 0x69,
    0x01, 0x47, 0x4b, 0x50, 0x01, 0x25, 0x28, 0x2b, 0x01, 0x1e, 0x21, 0x24, 0x01, 0x65, 0x6a, 0x70,
    0x01, 0x57, 0x5b, 0x61, 0x01, 0x4c, 0x50, 0x55, 0x01, 0x5d, 0x62, 0x68, 0x01, 0x72, 0x77, 0x7f,
    0x01, 0x31, 0x35, 0x39, 0x01, 0x16, 0x18, 0x1b, 0x01, 0x63, 0x68, 0x6e, 0x01, 0x29, 0x2c, 0x2f,
    0x02, 0x09, 0x0b, 0x0d, 0x01, 0x0f, 0x11, 0x13, 0x01, 0x52, 0x56, 0x5c, 0x01, 0x5f, 0x63, 0x69,
    0x01, 0x47, 0x4b, 0x50, 0x01, 0x25, 0x28, 0x2b, 0x01, 0x15, 0x17, 0x1a, 0x01, 0x61, 0x65, 0x6c,
    0x01, 0x2c, 0x2f, 0x33, 0x01, 0x16, 0x18, 0x1b, 0x01, 0x63, 0x68, 0x6e, 0x01, 0x29, 0x2c, 0x2f,
    0x02, 0x09, 0x0b, 0x0d, 0x01, 0x46, 0x4a, 0x4f, 0x01, 0x4f, 0x53, 0x59, 0x01, 0x0c, 0x0e, 0x10,
    0x01, 0x10, 0x13, 0x15, 0x01, 0x50, 0x54, 0x59, 0x01, 0x62, 0x67, 0x6e, 0x01, 0x4b, 0x4f, 0x54,
    0x01, 0x56, 0x5a, 0x60, 0x01, 0x73, 0x78, 0x80, 0x01, 0x49, 0x4d, 0x52, 0x01, 0x09, 0x0c, 0x0e,
    0x03, 0x09, 0x0b, 0x0d, 0x01, 0x1e, 0x21, 0x24, 0x01, 0x65, 0x6a, 0x70, 0x01, 0x57, 0x5b, 0x61,
    0x01, 0x4c, 0x50, 0x55, 0x01, 0x5d, 0x62, 0x68, 0x01, 0x72, 0x77, 0x7f, 0x01, 0x31, 0x35, 0x39,
    0x01, 0x09, 0x0b, 0x0d, 0x01, 0x0e, 0x10, 0x12, 0x01, 0x4b, 0x4f, 0x54, 0x01, 0x65, 0x6a, 0x70,
    0x01, 0x4c, 0x50, 0x56, 0x01, 0x55, 0x59, 0x5f, 0x01, 0x72, 0x77, 0x7e, 0x01, 0x49, 0x4d, 0x52,
    0x01, 0x10, 0x13, 0x16, 0x01, 0x4f, 0x53, 0x59, 0x01, 0x63, 0x68, 0x6e, 0x01, 0x4b, 0x4f, 0x54,
    0x01, 0x56, 0x5b, 0x61, 0x01, 0x73, 0x78, 0x80, 0x01, 0x4a, 0x4e, 0x53, 0x01, 0x0a, 0x0c, 0x0e,
    0x01, 0x15, 0x17, 0x1a, 0x01, 0x61, 0x65, 0x6c, 0x01, 0x2c, 0x2f, 0x33, 0x01, 0x10, 0x12, 0x14,
    0x01, 0x4d, 0x51, 0x56, 0x01, 0x63, 0x68, 0x6e, 0x01, 0x4c, 0x50, 0x56, 0x01, 0x5a, 0x5e, 0x64,
    0x01, 0x60, 0x65, 0x6b, 0x01, 0x1e, 0x21, 0x24, 0x01, 0x09, 0x0b, 0x0d, 0x01, 0x0e, 0x11, 0x13,
    0x01, 0x28, 0x2b, 0x2e, 0x01, 0x3c, 0x40, 0x44, 0x01, 0x44, 0x48, 0x4d, 0x01, 0x3f, 0x43, 0x48,
    0x01, 0x28, 0x2b, 0x2f, 0x01, 0x0e, 0x11, 0x13, 0x01, 0x09, 0x0c, 0x0e, 0x01, 0x1b, 0x1e, 0x21,
    0x01, 0x3d, 0x41, 0x45, 0x01, 0x45, 0x49, 0x4e, 0x01, 0x25, 0x28, 0x2b, 0x01, 0x0b, 0x0d, 0x0f,
    0x01, 0x23, 0x26, 0x29, 0x01, 0x41, 0x45, 0x49, 0x01, 0x40, 0x44, 0x48, 0x01, 0x29, 0x2c, 0x2f,
    0x01, 0x35, 0x39, 0x3d, 0x01, 0x1d, 0x20, 0x23, 0x01, 0x0f, 0x12, 0x14, 0x01, 0x36, 0x3a, 0x3e,
    0x01, 0x19, 0x1c, 0x1e, 0x02, 0x09, 0x0b, 0x0d, 0x01, 0x09, 0x0c, 0x0e, 0x01, 0x1b, 0x1e, 0x21,
    0x01, 0x3d, 0x41, 0x45, 0x01, 0x45, 0x49, 0x4e, 0x01, 0x25, 0x28, 0x2b, 0x01, 0x0f, 0x11, 0x13,
    0x01, 0x35, 0x38, 0x3c, 0x01, 0x1b, 0x1d, 0x20, 0x01, 0x0f, 0x12, 0x14, 0x01, 0x36, 0x3a, 0x3e,
    0x01, 0x19, 0x1c, 0x1e, 0x02, 0x09, 0x0b, 0x0d, 0x01, 0x28, 0x2b, 0x2e, 0x01, 0x2c, 0x2f, 0x33,
    0x01, 0x0a, 0x0d, 0x0f, 0x01, 0x09, 0x0b, 0x0d, 0x01, 0x14, 0x17, 0x19, 0x01, 0x36, 0x39, 0x3d,
    0x01, 0x43, 0x47, 0x4c, 0x01, 0x34, 0x37, 0x3b, 0x01, 0x5a, 0x5f, 0x65, 0x01, 0x41, 0x45, 0x4a,
    0x04, 0x09, 0x0b, 0x0d, 0x01, 0x0b, 0x0d, 0x0f, 0x01, 0x23, 0x26, 0x29, 0x01, 0x41, 0x45, 0x49,
    0x01, 0x40, 0x44, 0x48, 0x01, 0x29, 0x2c, 0x2f, 0x01, 0x35, 0x39, 0x3d, 0x01, 0x1d, 0x20, 0x23,
    0x02, 0x09, 0x0b, 0x0d, 0x01, 0x15, 0x17, 0x1a, 0x01, 0x38, 0x3b, 0x3f, 0x01, 0x43, 0x47, 0x4c,
    0x01, 0x2e, 0x31, 0x35, 0x01, 0x30, 0x34, 0x38, 0x01, 0x29, 0x2c, 0x30, 0x01, 0x09, 0x0c, 0x0e,
    0x01, 0x14, 0x16, 0x19, 0x01, 0x36, 0x39, 0x3d, 0x01, 0x43, 0x47, 0x4c, 0x01, 0x30, 0x33, 0x37,
    0x01, 0x30, 0x34, 0x38, 0x01, 0x2a, 0x2d, 0x30, 0x01, 0x09, 0x0c, 0x0e, 0x01, 0x0f, 0x11, 0x13,
    0x01, 0x35, 0x38, 0x3c, 0x01, 0x1b, 0x1d, 0x20, 0x01, 0x09, 0x0b, 0x0d, 0x01, 0x12, 0x15, 0x17,
    0x01, 0x32, 0x35, 0x39, 0x01, 0x43, 0x47, 0x4c, 0x01, 0x3b, 0x3f, 0x43, 0x01, 0x1b, 0x1e, 0x21,
    0x01, 0x0a, 0x0c, 0x0e, 0x29, 0x09, 0x0b, 0x0d, 0x01, 0x0a, 0x0c, 0x0e, 0x01, 0x21, 0x24, 0x27,
    0x01, 0x25, 0x28, 0x2b, 0x01, 0x1c, 0x1f, 0x22, 0x01, 0x38, 0x3b, 0x3f, 0x01, 0x67, 0x6c, 0x73,
    0x01, 0x29, 0x2c, 0x2f, 0x4e, 0x09, 0x0b, 0x0d, 0x01, 0x0a, 0x0c, 0x0e, 0x01, 0x30, 0x33, 0x37,
    0x01, 0x5d, 0x62, 0x68, 0x01, 0x64, 0x69, 0x70, 0x01, 0x61, 0x65, 0x6c, 0x01, 0x3b, 0x3e, 0x43,
    0x01, 0x0e, 0x10, 0x12, 0x4f, 0x09, 0x0b, 0x0d, 0x01, 0x0c, 0x0f, 0x11, 0x01, 0x16, 0x18, 0x1b,
    0x01, 0x1a, 0x1c, 0x1f, 0x01, 0x16, 0x18, 0x1b, 0x01, 0x0b, 0x0e, 0x10, 0x27, 0x09, 0x0b, 0x0d,
    0x01, 0x09, 0x0b, 0x0d, 0x01, 0x13, 0x15, 0x18, 0x01, 0x31, 0x35, 0x39, 0x01, 0x43, 0x47, 0x4c,
    0x01, 0x40, 0x44, 0x49, 0x01, 0x30, 0x33, 0x37, 0x01, 0x14, 0x16, 0x19, 0x01, 0x09, 0x0b, 0x0d,
    0x01, 0x0a, 0x0d, 0x0f, 0x01, 0x14, 0x17, 0x19, 0x01, 0x0d, 0x10, 0x12, 0x0e, 0x09, 0x0b, 0x0d,
    0x01, 0x0a, 0x0d, 0x0f, 0x01, 0x14, 0x17, 0x19, 0x01, 0x0d, 0x10, 0x12, 0x02, 0x09, 0x0b, 0x0d,
    0x01, 0x0f, 0x11, 0x13, 0x01, 0x35, 0x38, 0x3c, 0x01, 0x1b, 0x1d, 0x20, 0x3e, 0x09, 0x0b, 0x0d,
    0x01, 0x0a, 0x0d, 0x0f, 0x01, 0x14, 0x17, 0x19, 0x01, 0x0d, 0x10, 0x12, 0x02, 0x09, 0x0b, 0x0d,
    0x01, 0x0f, 0x11, 0x13, 0x01, 0x35, 0x38, 0x3c, 0x01, 0x1b, 0x1d, 0x20, 0x07, 0x09, 0x0b, 0x0d,
    0x01, 0x0f, 0x11, 0x13, 0x01, 0x35, 0x38, 0x3c, 0x01, 0x1b, 0x1d, 0x20, 0x01, 0x09, 0x0b, 0x0d,
    0x01, 0x0a, 0x0d, 0x0f, 0x01, 0x14, 0x17, 0x19, 0x01, 0x0d, 0x10, 0x12, 0x09, 0x09, 0x0b, 0x0d,
    0x01, 0x11, 0x13, 0x15, 0x01, 0x50, 0x54, 0x5a, 0x01, 0x64, 0x69, 0x6f, 0x01, 0x4d, 0x51, 0x57,
    0x01, 0x4b, 0x4f, 0x54, 0x01, 0x54, 0x58, 0x5e, 0x01, 0x2f, 0x33, 0x37, 0x01, 0x09, 0x0b, 0x0d,
    0x01, 0x14, 0x16, 0x19, 0x01, 0x56, 0x5b, 0x61, 0x01, 0x26, 0x29, 0x2d, 0x0e, 0x09, 0x0b, 0x0d,
    0x01, 0x14, 0x16, 0x19, 0x01, 0x56, 0x5b, 0x61, 0x01, 0x26, 0x29, 0x2d, 0x02, 0x09, 0x0b, 0x0d,
    0x01, 0x13, 0x16, 0x18, 0x01, 0x56, 0x5a, 0x60, 0x01, 0x28, 0x2b, 0x2e, 0x3e, 0x09, 0x0b, 0x0d,
    0x01, 0x14, 0x16, 0x19, 0x01, 0x56, 0x5b, 0x61, 0x01, 0x26, 0x29, 0x2d, 0x02, 0x09, 0x0b, 0x0d,
    0x01, 0x13, 0x16, 0x18, 0x01, 0x56, 0x5a, 0x60, 0x01, 0x28, 0x2b, 0x2e, 0x07, 0x09, 0x0b, 0x0d,
    0x01, 0x13, 0x16, 0x18, 0x01, 0x56, 0x5a, 0x60, 0x01, 0x28, 0x2b, 0x2e, 0x01, 0x09, 0x0b, 0x0d,
    0x01, 0x14, 0x16, 0x19, 0x01, 0x56, 0x5b, 0x61, 0x01, 0x26, 0x29, 0x2d, 0x09, 0x09, 0x0b, 0x0d,
    0x01, 0x24, 0x27, 0x2a, 0x01, 0x6d, 0x72, 0x79, 0x01, 0x29, 0x2c, 0x2f, 0x01, 0x0b, 0x0e, 0x10,
    0x01, 0x0b, 0x0d, 0x0f, 0x01, 0x10, 0x13, 0x15, 0x01, 0x0e, 0x11, 0x13, 0x01, 0x0a, 0x0c, 0x0e,
    0x01, 0x1d, 0x20, 0x23, 0x01, 0x66, 0x6b, 0x71, 0x01, 0x36, 0x39, 0x3d, 0x01, 0x18, 0x1b, 0x1d,
    0x01, 0x10, 0x12, 0x14, 0x01, 0x09, 0x0b, 0x0d, 0x01, 0x0d, 0x0f, 0x11, 0x01, 0x14, 0x17, 0x19,
    0x01, 0x18, 0x1a, 0x1d, 0x01, 0x13, 0x16, 0x18, 0x01, 0x0a, 0x0d, 0x0f, 0x01, 0x09, 0x0b, 0x0d,
    0x01, 0x0a, 0x0d, 0x0f, 0x01, 0x14, 0x17, 0x19, 0x01, 0x0f, 0x11, 0x13, 0x01, 0x14, 0x16, 0x19,
    0x01, 0x17, 0x19, 0x1c, 0x01, 0x1f, 0x22, 0x25, 0x01, 0x66, 0x6b, 0x71, 0x01, 0x36, 0x39, 0x3d,
    0x01, 0x18, 0x1b, 0x1d, 0x01, 0x10, 0x12, 0x14, 0x01, 0x0c, 0x0e, 0x10, 0x01, 0x1f, 0x22, 0x25,
    0x01, 0x12, 0x14, 0x16, 0x01, 0x0a, 0x0d, 0x0f, 0x01, 0x14, 0x17, 0x19, 0x01, 0x0f, 0x11, 0x13,
    0x01, 0x14, 0x16, 0x19, 0x01, 0x17, 0x1a, 0x1c, 0x01, 0x10, 0x12, 0x14, 0x01, 0x09, 0x0c, 0x0e,
    0x02, 0x09, 0x0b, 0x0d, 0x01, 0x0a, 0x0d, 0x0f, 0x01, 0x13, 0x15, 0x18, 0x01, 0x17, 0x1a, 0x1c,
    0x01, 0x11, 0x13, 0x15, 0x01, 0x12, 0x14, 0x16, 0x01, 0x11, 0x14, 0x16, 0x05, 0x09, 0x0b, 0x0d,
    0x01, 0x09, 0x0c, 0x0e, 0x01, 0x10, 0x12, 0x14, 0x01, 0x17, 0x19, 0x1c, 0x01, 0x16, 0x18, 0x1b,
    0x01, 0x0e, 0x10, 0x12, 0x02, 0x09, 0x0b, 0x0d, 0x01, 0x0a, 0x0c, 0x0e, 0x01, 0x11, 0x14, 0x16,
    0x01, 0x17, 0x1a, 0x1c, 0x01, 0x15, 0x17, 0x1a, 0x01, 0x0b, 0x0e, 0x10, 0x01, 0x09, 0x0b, 0x0d,
    0x01, 0x0a, 0x0d, 0x0f, 0x01, 0x14, 0x17, 0x19, 0x01, 0x0f, 0x11, 0x13, 0x01, 0x14, 0x16, 0x19,
    0x01, 0x17, 0x1a, 0x1c, 0x01, 0x10, 0x12, 0x14, 0x01, 0x09, 0x0c, 0x0e, 0x01, 0x09, 0x0b, 0x0d,
    0x01, 0x0a, 0x0d, 0x0f, 0x01, 0x14, 0x17, 0x19, 0x01, 0x0f, 0x11, 0x13, 0x01, 0x14, 0x16, 0x19,
    0x01, 0x17, 0x1a, 0x1c, 0x01, 0x10, 0x12, 0x14, 0x01, 0x09, 0x0c, 0x0e, 0x01, 0x09, 0x0b, 0x0d,
    0x01, 0x09, 0x0c, 0x0e, 0x01, 0x10, 0x12, 0x14, 0x01, 0x17, 0x1a, 0x1c, 0x01, 0x16, 0x18, 0x1b,
    0x01, 0x0d, 0x10, 0x12, 0x03, 0x09, 0x0b, 0x0d, 0x01, 0x09, 0x0c, 0x0e, 0x01, 0x10, 0x12, 0x14,
    0x01, 0x17, 0x19, 0x1c, 0x01, 0x16, 0x18, 0x1b, 0x01, 0x0f, 0x11, 0x13, 0x01, 0x1d, 0x20, 0x23,
    0x01, 0x66, 0x6b, 0x71, 0x01, 0x36, 0x39, 0x3d, 0x01, 0x18, 0x1b, 0x1d, 0x01, 0x10, 0x12, 0x14,
    0x01, 0x0c, 0x0e, 0x10, 0x01, 0x1f, 0x22, 0x25, 0x01, 0x12, 0x14, 0x16, 0x01, 0x11, 0x14, 0x16,
    0x01, 0x12, 0x14, 0x16, 0x01, 0x09, 0x0c, 0x0e, 0x02, 0x09, 0x0b, 0x0d, 0x01, 0x11, 0x13, 0x15,
    0x01, 0x12, 0x15, 0x17, 0x01, 0x0c, 0x0f, 0x11, 0x01, 0x1f, 0x22, 0x25, 0x01, 0x12, 0x14, 0x16,
    0x01, 0x0a, 0x0c, 0x0e, 0x01, 0x1d, 0x20, 0x23, 0x01, 0x66, 0x6b, 0x71, 0x01, 0x36, 0x39, 0x3d,
    0x01, 0x18, 0x1b, 0x1d, 0x01, 0x18, 0x1a, 0x1c, 0x01, 0x12, 0x14, 0x16, 0x01, 0x09, 0x0c, 0x0e,
    0x02, 0x09, 0x0b, 0x0d, 0x01, 0x11, 0x13, 0x15, 0x01, 0x12, 0x15, 0x17, 0x01, 0x09, 0x0c, 0x0e,
    0x01, 0x25, 0x28, 0x2b, 0x01, 0x6f, 0x74, 0x7b, 0x01, 0x32, 0x36, 0x3a, 0x01, 0x12, 0x14, 0x16,
    0x01, 0x0b, 0x0d, 0x0f, 0x02, 0x09, 0x0b, 0x0d, 0x01, 0x0e, 0x10, 0x12, 0x01, 0x47, 0x4b, 0x50,
    0x01, 0x7c, 0x82, 0x8a, 0x01, 0x6f, 0x74, 0x7b, 0x01, 0x64, 0x69, 0x70, 0x01, 0x32, 0x36, 0x3a,
    0x01, 0x0e, 0x10, 0x12, 0x01, 0x3d, 0x41, 0x45, 0x01, 0x5d, 0x62, 0x68, 0x01, 0x64, 0x69, 0x70,
    0x01, 0x5e, 0x63, 0x69, 0x01, 0x32, 0x36, 0x3a, 0x01, 0x0b, 0x0e, 0x10, 0x01, 0x14, 0x17, 0x19,
    0x01, 0x5a, 0x5f, 0x65, 0x01, 0x4f, 0x53, 0x59, 0x01, 0x5c, 0x60, 0x66, 0x01, 0x57, 0x5b, 0x61,
    0x01, 0x4c, 0x51, 0x56, 0x01, 0x7c, 0x82, 0x8a, 0x01, 0x6f, 0x74, 0x7b, 0x01, 0x64, 0x69, 0x70,
    0x01, 0x32, 0x36, 0x3a, 0x01, 0x13, 0x16, 0x18, 0x01, 0x56, 0x5a, 0x60, 0x01, 0x28, 0x2b, 0x2e,
    0x01, 0x14, 0x17, 0x19, 0x01, 0x5a, 0x5f, 0x65, 0x01, 0x4e, 0x52, 0x57, 0x01, 0x5c, 0x60, 0x66,
    0x01, 0x66, 0x6b, 0x71, 0x01, 0x52, 0x57, 0x5c, 0x01, 0x19, 0x1b, 0x1e, 0x01, 0x09, 0x0b, 0x0d,
    0x01, 0x0b, 0x0d, 0x0f, 0x01, 0x2e, 0x31, 0x35, 0x01, 0x5e, 0x63, 0x69, 0x01, 0x64, 0x69, 0x6f,
    0x01, 0x54, 0x59, 0x5e, 0x01, 0x5a, 0x5e, 0x64, 0x01, 0x42, 0x46, 0x4a, 0x01, 0x0a, 0x0c, 0x0e,
    0x03, 0x09, 0x0b, 0x0d, 0x01, 0x0a, 0x0c, 0x0e, 0x01, 0x26, 0x29, 0x2c, 0x01, 0x55, 0x5a, 0x60,
    0x01, 0x63, 0x68, 0x6f, 0x01, 0x61, 0x65, 0x6c, 0x01, 0x42, 0x46, 0x4b, 0x01, 0x0f, 0x11, 0x13,
    0x01, 0x0a, 0x0d, 0x0f, 0x01, 0x2a, 0x2d, 0x31, 0x01, 0x5a, 0x5e, 0x64, 0x01, 0x64, 0x69, 0x70,
    0x01, 0x61, 0x66, 0x6c, 0x01, 0x3e, 0x42, 0x46, 0x01, 0x10, 0x12, 0x14, 0x01, 0x14, 0x17, 0x19,
    0x01, 0x5a, 0x5f, 0x65, 0x01, 0x4e, 0x52, 0x57, 0x01, 0x5c, 0x60, 0x66, 0x01, 0x66, 0x6b, 0x71,
    0x01, 0x52, 0x57, 0x5c, 0x01, 0x19, 0x1b, 0x1e, 0x01, 0x09, 0x0b, 0x0d, 0x01, 0x14, 0x17, 0x19,
    0x01, 0x5a, 0x5f, 0x65, 0x01, 0x4e, 0x52, 0x57, 0x01, 0x5c, 0x60, 0x66, 0x01, 0x66, 0x6b, 0x71,
    0x01, 0x52, 0x57, 0x5c, 0x01, 0x19, 0x1b, 0x1e, 0x01, 0x0a, 0x0c, 0x0e, 0x01, 0x25, 0x28, 0x2b,
    0x01, 0x54, 0x59, 0x5e, 0x01, 0x63, 0x68, 0x6f, 0x01, 0x62, 0x67, 0x6d, 0x01, 0x48, 0x4c, 0x51,
    0x01, 0x14, 0x17, 0x19, 0x01, 0x09, 0x0b, 0x0d, 0x01, 0x0a, 0x0c, 0x0e, 0x01, 0x26, 0x29, 0x2c,
    0x01, 0x55, 0x5a, 0x60, 0x01, 0x63, 0x68, 0x6f, 0x01, 0x61, 0x65, 0x6c, 0x01, 0x45, 0x49, 0x4e,
    0x01, 0x4a, 0x4e, 0x53, 0x01, 0x7c, 0x82, 0x8a, 0x01, 0x6f, 0x74, 0x7b, 0x01, 0x64, 0x69, 0x70,
    0x01, 0x32, 0x36, 0x3a, 0x01, 0x13, 0x16, 0x18, 0x01, 0x56, 0x5a, 0x60, 0x01, 0x29, 0x2c, 0x2f,
    0x01, 0x38, 0x3c, 0x40, 0x01, 0x4f, 0x53, 0x59, 0x01, 0x0f, 0x12, 0x14, 0x01, 0x09, 0x0b, 0x0d,
    0x01, 0x0d, 0x0f, 0x11, 0x01, 0x48, 0x4c, 0x51, 0x01, 0x40, 0x44, 0x48, 0x01, 0x14, 0x17, 0x1a,
    0x01, 0x56, 0x5a, 0x60, 0x01, 0x28, 0x2b, 0x2e, 0x01, 0x0e, 0x10, 0x12, 0x01, 0x47, 0x4b, 0x50,
    0x01, 0x7c, 0x82, 0x8a, 0x01, 0x6f, 0x74, 0x7b, 0x01, 0x64, 0x69, 0x70, 0x01, 0x50, 0x55, 0x5a,
    0x01, 0x50, 0x54, 0x59, 0x01, 0x10, 0x12, 0x14, 0x01, 0x09, 0x0b, 0x0d, 0x01, 0x0d, 0x10, 0x12,
    0x01, 0x49, 0x4d, 0x52, 0x01, 0x3e, 0x42, 0x47, 0x01, 0x0a, 0x0d, 0x0f, 0x01, 0x12, 0x14, 0x16,
    0x01, 0x51, 0x56, 0x5b, 0x01, 0x6f, 0x74, 0x7b, 0x01, 0x5f, 0x64, 0x6a, 0x01, 0x4b, 0x4f, 0x54,
    0x01, 0x2c, 0x30, 0x33, 0x01, 0x0f, 0x12, 0x14, 0x01, 0x0a, 0x0c, 0x0e, 0x01, 0x1d, 0x20, 0x23,
    0x01, 0x66, 0x6b, 0x71, 0x01, 0x36, 0x39, 0x3d, 0x01, 0x18, 0x1b, 0x1d, 0x01, 0x10, 0x12, 0x14,
    0x01, 0x0d, 0x10, 0x12, 0x01, 0x2a, 0x2d, 0x30, 0x01, 0x23, 0x26, 0x29, 0x01, 0x1d, 0x20, 0x23,
    0x01, 0x3b, 0x3f, 0x43, 0x01, 0x63, 0x68, 0x6f, 0x01, 0x1c, 0x1f, 0x21, 0x01, 0x16, 0x18, 0x1b,
    0x01, 0x6b, 0x70, 0x77, 0x01, 0x5c, 0x61, 0x67, 0x01, 0x25, 0x28, 0x2b, 0x01, 0x17, 0x1a, 0x1c,
    0x01, 0x1f, 0x22, 0x25, 0x01, 0x66, 0x6b, 0x71, 0x01, 0x36, 0x39, 0x3d, 0x01, 0x18, 0x1b, 0x1d,
    0x01, 0x10, 0x12, 0x14, 0x01, 0x15, 0x17, 0x1a, 0x01, 0x61, 0x65, 0x6c, 0x01, 0x2c, 0x2f, 0x33,
    0x01, 0x16, 0x18, 0x1b, 0x01, 0x6b, 0x70, 0x77, 0x01, 0x5a, 0x5f, 0x65, 0x01, 0x26, 0x29, 0x2c,
    0x01, 0x27, 0x2a, 0x2e, 0x01, 0x63, 0x68, 0x6e, 0x01, 0x3e, 0x41, 0x46, 0x01, 0x09, 0x0c, 0x0e,
    0x01, 0x1b, 0x1d, 0x20, 0x01, 0x65, 0x6a, 0x70, 0x01, 0x44, 0x48, 0x4d, 0x01, 0x1e, 0x21, 0x24,
    0x01, 0x35, 0x39, 0x3d, 0x01, 0x74, 0x7a, 0x81, 0x01, 0x4a, 0x4e, 0x53, 0x01, 0x0a, 0x0c, 0x0e,
    0x03, 0x09, 0x0b, 0x0d, 0x01, 0x18, 0x1a, 0x1d, 0x01, 0x61, 0x66, 0x6c, 0x01, 0x4c, 0x50, 0x56,
    0x01, 0x21, 0x24, 0x27, 0x01, 0x20, 0x23, 0x26, 0x01, 0x2a, 0x2d, 0x30, 0x01, 0x0e, 0x10, 0x12,
    0x01, 0x1a, 0x1c, 0x1f, 0x01, 0x64, 0x69, 0x6f, 0x01, 0x48, 0x4c, 0x51, 0x01, 0x1f, 0x22, 0x25,
    0x01, 0x33, 0x36, 0x3a, 0x01, 0x69, 0x6e, 0x75, 0x01, 0x32, 0x36, 0x3a, 0x01, 0x16, 0x19, 0x1c,
    0x01, 0x6b, 0x70, 0x77, 0x01, 0x5a, 0x5f, 0x65, 0x01, 0x26, 0x29, 0x2c, 0x01, 0x27, 0x2a, 0x2e,
    0x01, 0x63, 0x68, 0x6e, 0x01, 0x3e, 0x41, 0x46, 0x01, 0x09, 0x0c, 0x0e, 0x01, 0x16, 0x18, 0x1b,
    0x01, 0x6b, 0x70, 0x77, 0x01, 0x5a, 0x5f, 0x65, 0x01, 0x26, 0x29, 0x2c, 0x01, 0x27, 0x2a, 0x2e,
    0x01, 0x63, 0x68, 0x6e, 0x01, 0x3e, 0x41, 0x46, 0x01, 0x17, 0x1a, 0x1d, 0x01, 0x5d, 0x62, 0x68,
    0x01, 0x44, 0x48, 0x4d, 0x01, 0x20, 0x23, 0x26, 0x01, 0x27, 0x2a, 0x2e, 0x01, 0x5d, 0x61, 0x67,
    0x01, 0x3e, 0x42, 0x47, 0x01, 0x0a, 0x0d, 0x0f, 0x01, 0x18, 0x1a, 0x1d, 0x01, 0x61, 0x66, 0x6c,
    0x01, 0x4c, 0x50, 0x56, 0x01, 0x21, 0x24, 0x27, 0x01, 0x20, 0x23, 0x26, 0x01, 0x2b, 0x2e, 0x31,
    0x01, 0x22, 0x24, 0x27, 0x01, 0x66, 0x6b, 0x71, 0x01, 0x36, 0x39, 0x3d, 0x01, 0x18, 0x1b, 0x1d,
    0x01, 0x10, 0x12, 0x14, 0x01, 0x15, 0x17, 0x1a, 0x01, 0x61, 0x65, 0x6c, 0x01, 0x2c, 0x2f, 0x33,
    0x01, 0x22, 0x25, 0x28, 0x01, 0x65, 0x6a, 0x71, 0x01, 0x21, 0x24, 0x27, 0x01, 0x09, 0x0b, 0x0d,
    0x01, 0x1b, 0x1e, 0x20, 0x01, 0x64, 0x69, 0x6f, 0x01, 0x2a, 0x2d, 0x30, 0x01, 0x15, 0x17, 0x1a,
    0x01, 0x61, 0x65, 0x6c, 0x01, 0x2c, 0x2f, 0x33, 0x01, 0x0a, 0x0c, 0x0e, 0x01, 0x1d, 0x20, 0x23,
    0x01, 0x66, 0x6b, 0x71, 0x01, 0x36, 0x39, 0x3d, 0x01, 0x18, 0x1b, 0x1d, 0x01, 0x24, 0x27, 0x2a,
    0x01, 0x63, 0x68, 0x6f, 0x01, 0x24, 0x27, 0x2a, 0x01, 0x09, 0x0b, 0x0d, 0x01, 0x1d, 0x20, 0x23,
    0x01, 0x64, 0x69, 0x6f, 0x01, 0x26, 0x29, 0x2d, 0x02, 0x09, 0x0b, 0x0d, 0x01, 0x12, 0x14, 0x16,
    0x01, 0x2e, 0x31, 0x35, 0x01, 0x47, 0x4b, 0x50, 0x01, 0x5e, 0x62, 0x68, 0x01, 0x71, 0x76, 0x7d,
    0x01, 0x40, 0x44, 0x48, 0x01, 0x0c, 0x0f, 0x11, 0x01, 0x15, 0x18, 0x1a, 0x01, 0x62, 0x66, 0x6d,
    0x01, 0x2b, 0x2e, 0x31, 0x02, 0x09, 0x0b, 0x0d, 0x01, 0x0a, 0x0c, 0x0e, 0x01, 0x1c, 0x1f, 0x22,
    0x01, 0x3a, 0x3e, 0x42, 0x01, 0x46, 0x4a, 0x4f, 0x01, 0x4e, 0x52, 0x57, 0x01, 0x6f, 0x74, 0x7b,
    0x01, 0x2d, 0x30, 0x34, 0x01, 0x16, 0x18, 0x1b, 0x01, 0x66, 0x6b, 0x71, 0x01, 0x33, 0x36, 0x3a,
    0x01, 0x09, 0x0c, 0x0e, 0x01, 0x09, 0x0b, 0x0d, 0x01, 0x15, 0x18, 0x1a, 0x01, 0x62, 0x66, 0x6d,
    0x01, 0x2b, 0x2e, 0x31, 0x02, 0x09, 0x0b, 0x0d, 0x01, 0x15, 0x17, 0x1a, 0x01, 0x61, 0x65, 0x6c,
    0x01, 0x2c, 0x2f, 0x33, 0x01, 0x16, 0x18, 0x1b, 0x01, 0x65, 0x6a, 0x71, 0x01, 0x30, 0x34, 0x38,
    0x01, 0x09, 0x0b, 0x0d, 0x01, 0x0a, 0x0d, 0x0f, 0x01, 0x4a, 0x4e, 0x53, 0x01, 0x4d, 0x51, 0x57,
    0x01, 0x0b, 0x0d, 0x0f, 0x01, 0x30, 0x33, 0x37, 0x01, 0x64, 0x69, 0x6f, 0x01, 0x18, 0x1a, 0x1d,
    0x01, 0x09, 0x0b, 0x0d, 0x01, 0x0f, 0x11, 0x13, 0x01, 0x58, 0x5d, 0x63, 0x01, 0x4a, 0x4e, 0x53,
    0x01, 0x0a, 0x0c, 0x0e, 0x03, 0x09, 0x0b, 0x0d, 0x01, 0x2e, 0x32, 0x35, 0x01, 0x65, 0x6a, 0x71,
    0x01, 0x19, 0x1c, 0x1e, 0x04, 0x09, 0x0b, 0x0d, 0x01, 0x2f, 0x33, 0x37, 0x01, 0x66, 0x6b, 0x72,
    0x01, 0x19, 0x1c, 0x1e, 0x01, 0x09, 0x0b, 0x0d, 0x01, 0x0c, 0x0e, 0x10, 0x01, 0x4f, 0x53, 0x58,
    0x01, 0x50, 0x54, 0x59, 0x01, 0x18, 0x1c, 0x1e, 0x01, 0x65, 0x6a, 0x71, 0x01, 0x30, 0x34, 0x38,
    0x01, 0x09, 0x0b, 0x0d, 0x01, 0x0a, 0x0d, 0x0f, 0x01, 0x4a, 0x4e, 0x53, 0x01, 0x4d, 0x51, 0x57,
    0x01, 0x0b, 0x0d, 0x0f, 0x01, 0x16, 0x18, 0x1b, 0x01, 0x65, 0x6a, 0x71, 0x01, 0x30, 0x34, 0x38,
    0x01, 0x09, 0x0b, 0x0d, 0x01, 0x0a, 0x0d, 0x0f, 0x01, 0x4a, 0x4e, 0x53, 0x01, 0x4d, 0x51, 0x57,
    0x01, 0x2f, 0x33, 0x36, 0x01, 0x72, 0x77, 0x7e, 0x01, 0x4f, 0x53, 0x59, 0x02, 0x47, 0x4b, 0x50,
    0x01, 0x63, 0x68, 0x6e, 0x01, 0x58, 0x5c, 0x62, 0x01, 0x0f, 0x12, 0x14, 0x01, 0x2e, 0x32, 0x35,
    0x01, 0x65, 0x6a, 0x71, 0x01, 0x19, 0x1c, 0x1e, 0x03, 0x09, 0x0b, 0x0d, 0x01, 0x15, 0x18, 0x1a,
    0x01, 0x62, 0x66, 0x6d, 0x01, 0x2b, 0x2e, 0x31, 0x02, 0x09, 0x0b, 0x0d, 0x01, 0x15, 0x17, 0x1a,
    0x01, 0x61, 0x65, 0x6c, 0x01, 0x2c, 0x2f, 0x33, 0x01, 0x0f, 0x12, 0x14, 0x01, 0x56, 0x5a, 0x60,
    0x01, 0x41, 0x45, 0x49, 0x01, 0x0b, 0x0d, 0x0f, 0x01, 0x38, 0x3b, 0x3f, 0x01, 0x5c, 0x61, 0x67,
    0x01, 0x13, 0x15, 0x18, 0x01, 0x15, 0x17, 0x1a, 0x01, 0x61, 0x65, 0x6c, 0x01, 0x2c, 0x2f, 0x33,
    0x01, 0x09, 0x0b, 0x0d, 0x01, 0x15, 0x18, 0x1a, 0x01, 0x62, 0x66, 0x6d, 0x01, 0x2b, 0x2e, 0x31,
    0x01, 0x09, 0x0b, 0x0d, 0x01, 0x0d, 0x10, 0x12, 0x01, 0x4e, 0x52, 0x58, 0x01, 0x47, 0x4b, 0x50,
    0x01, 0x0d, 0x0f, 0x11, 0x01, 0x3e, 0x42, 0x46, 0x01, 0x57, 0x5b, 0x61, 0x01, 0x10, 0x13, 0x15,
    0x04, 0x09, 0x0b, 0x0d, 0x01, 0x0a, 0x0d, 0x0f, 0x01, 0x12, 0x15, 0x17, 0x01, 0x4a, 0x4e, 0x53,
    0x01, 0x67, 0x6c, 0x72, 0x01, 0x15, 0x17, 0x1a, 0x01, 0x15, 0x18, 0x1a, 0x01, 0x62, 0x66, 0x6d,
    0x01, 0x2b, 0x2e, 0x31, 0x02, 0x09, 0x0b, 0x0d, 0x01, 0x1b, 0x1e, 0x20, 0x01, 0x60, 0x64, 0x6b,
    0x01, 0x58, 0x5d, 0x63, 0x01, 0x4a, 0x4e, 0x53, 0x01, 0x4d, 0x51, 0x56, 0x01, 0x6f, 0x74, 0x7b,
    0x01, 0x31, 0x35, 0x39, 0x01, 0x16, 0x18, 0x1b, 0x01, 0x63, 0x68, 0x6e, 0x01, 0x29, 0x2c, 0x30,
    0x02, 0x09, 0x0b, 0x0d, 0x01, 0x15, 0x18, 0x1a, 0x01, 0x62, 0x66, 0x6d, 0x01, 0x2b, 0x2e, 0x31,
    0x02, 0x09, 0x0b, 0x0d, 0x01, 0x15, 0x17, 0x1a, 0x01, 0x61, 0x65, 0x6c, 0x01, 0x2c, 0x2f, 0x33,
    0x01, 0x16, 0x18, 0x1b, 0x01, 0x63, 0x68, 0x6e, 0x01, 0x29, 0x2c, 0x2f, 0x02, 0x09, 0x0b, 0x0d,
    0x01, 0x46, 0x4a, 0x4f, 0x01, 0x4f, 0x53, 0x59, 0x01, 0x0c, 0x0e, 0x10, 0x01, 0x35, 0x38, 0x3c,
    0x01, 0x60, 0x65, 0x6b, 0x01, 0x14, 0x16, 0x19, 0x01, 0x09, 0x0b, 0x0d, 0x01, 0x0c, 0x0f, 0x11,
    0x01, 0x51, 0x55, 0x5b, 0x01, 0x4a, 0x4e, 0x53, 0x01, 0x0a, 0x0c, 0x0e, 0x03, 0x09, 0x0b, 0x0d,
    0x01, 0x34, 0x38, 0x3c, 0x01, 0x61, 0x65, 0x6c, 0x01, 0x14, 0x17, 0x19, 0x04, 0x09, 0x0b, 0x0d,
    0x01, 0x35, 0x38, 0x3c, 0x01, 0x62, 0x67, 0x6e, 0x01, 0x14, 0x17, 0x19, 0x01, 0x09, 0x0b, 0x0d,
    0x01, 0x09, 0x0c, 0x0e, 0x01, 0x47, 0x4b, 0x50, 0x01, 0x54, 0x59, 0x5e, 0x01, 0x1a, 0x1d, 0x1f,
    0x01, 0x63, 0x68, 0x6e, 0x01, 0x29, 0x2c, 0x2f, 0x02, 0x09, 0x0b, 0x0d, 0x01, 0x46, 0x4a, 0x4f,
    0x01, 0x4f, 0x53, 0x59, 0x01, 0x0c, 0x0e, 0x10, 0x01, 0x16, 0x18, 0x1b, 0x01, 0x63, 0x68, 0x6e,
    0x01, 0x29, 0x2c, 0x2f, 0x02, 0x09, 0x0b, 0x0d, 0x01, 0x46, 0x4a, 0x4f, 0x01, 0x4f, 0x53, 0x59,
    0x01, 0x36, 0x3a, 0x3e, 0x01, 0x71, 0x76, 0x7d, 0x01, 0x4d, 0x51, 0x56, 0x03, 0x47, 0x4b, 0x50,
    0x01, 0x33, 0x37, 0x3b, 0x01, 0x0d, 0x0f, 0x11, 0x01, 0x34, 0x38, 0x3c, 0x01, 0x61, 0x65, 0x6c,
    0x01, 0x14, 0x17, 0x19, 0x03, 0x09, 0x0b, 0x0d, 0x01, 0x15, 0x18, 0x1a, 0x01, 0x62, 0x66, 0x6d,
    0x01, 0x2b, 0x2e, 0x31, 0x02, 0x09, 0x0b, 0x0d, 0x01, 0x15, 0x17, 0x1a, 0x01, 0x61, 0x65, 0x6c,
    0x01, 0x2c, 0x2f, 0x33, 0x01, 0x09, 0x0c, 0x0e, 0x01, 0x36, 0x3a, 0x3e, 0x01, 0x5e, 0x62, 0x68,
    0x01, 0x1b, 0x1e, 0x20, 0x01, 0x57, 0x5b, 0x61, 0x01, 0x3f, 0x43, 0x47, 0x01, 0x0a, 0x0c, 0x0e,
    0x01, 0x15, 0x17, 0x1a, 0x01, 0x61, 0x65, 0x6c, 0x01, 0x2c, 0x2f, 0x33, 0x01, 0x09, 0x0b, 0x0d,
    0x01, 0x15, 0x18, 0x1a, 0x01, 0x62, 0x66, 0x6d, 0x01, 0x2b, 0x2e, 0x31, 0x02, 0x09, 0x0b, 0x0d,
    0x01, 0x2b, 0x2e, 0x32, 0x01, 0x60, 0x65, 0x6b, 0x01, 0x23, 0x26, 0x29, 0x01, 0x5c, 0x61, 0x67,
    0x01, 0x35, 0x39, 0x3d, 0x01, 0x09, 0x0c, 0x0e, 0x01, 0x09, 0x0b, 0x0d, 0x01, 0x0c, 0x0f, 0x11,
    0x01, 0x12, 0x14, 0x16, 0x01, 0x0c, 0x0f, 0x11, 0x01, 0x0a, 0x0c, 0x0e, 0x01, 0x0e, 0x11, 0x13,
    0x01, 0x44, 0x48, 0x4d, 0x01, 0x65, 0x6a, 0x70, 0x02, 0x14, 0x17, 0x19, 0x01, 0x61, 0x65, 0x6c,
    0x01, 0x2f, 0x32, 0x36, 0x01, 0x09, 0x0c, 0x0e, 0x01, 0x09, 0x0b, 0x0d, 0x01, 0x2e, 0x31, 0x35,
    0x01, 0x65, 0x6a, 0x71, 0x01, 0x1e, 0x21, 0x24, 0x01, 0x0c, 0x0f, 0x11, 0x01, 0x25, 0x28, 0x2b,
    0x01, 0x6c, 0x71, 0x78, 0x01, 0x31, 0x35, 0x39, 0x01, 0x16, 0x18, 0x1b, 0x01, 0x63, 0x68, 0x6e,
    0x01, 0x29, 0x2c, 0x2f, 0x02, 0x09, 0x0b, 0x0d, 0x01, 0x14, 0x17, 0x19, 0x01, 0x61, 0x65, 0x6c,
    0x01, 0x2f, 0x32, 0x36, 0x01, 0x09, 0x0c, 0x0e, 0x01, 0x09, 0x0b, 0x0d, 0x01, 0x15, 0x17, 0x1a,
    0x01, 0x61, 0x65, 0x6c, 0x01, 0x2c, 0x2f, 0x33, 0x01, 0x16, 0x18, 0x1b, 0x01, 0x63, 0x68, 0x6e,
    0x01, 0x29, 0x2c, 0x2f, 0x02, 0x09, 0x0b, 0x0d, 0x01, 0x46, 0x4a, 0x4f, 0x01, 0x4f, 0x53, 0x59,
    0x01, 0x0c, 0x0e, 0x10, 0x01, 0x26, 0x29, 0x2d, 0x01, 0x69, 0x6e, 0x75, 0x01, 0x26, 0x29, 0x2c,
    0x01, 0x0b, 0x0d, 0x0f, 0x01, 0x19, 0x1c, 0x1e, 0x01, 0x66, 0x6b, 0x72, 0x01, 0x4a, 0x4e, 0x53,
    0x01, 0x0a, 0x0c, 0x0e, 0x03, 0x09, 0x0b, 0x0d, 0x01, 0x24, 0x27, 0x2a, 0x01, 0x69, 0x6e, 0x75,
    0x01, 0x2b, 0x2e, 0x31, 0x01, 0x0c, 0x0e, 0x10, 0x01, 0x0b, 0x0e, 0x10, 0x01, 0x10, 0x12, 0x14,
    0x01, 0x0a, 0x0c, 0x0e, 0x01, 0x26, 0x29, 0x2c, 0x01, 0x6a, 0x6f, 0x76, 0x01, 0x29, 0x2c, 0x2f,
    0x01, 0x0b, 0x0d, 0x0f, 0x01, 0x16, 0x18, 0x1b, 0x01, 0x5d, 0x61, 0x67, 0x01, 0x44, 0x48, 0x4d,
    0x01, 0x17, 0x1a, 0x1c, 0x01, 0x63, 0x68, 0x6e, 0x01, 0x29, 0x2c, 0x2f, 0x02, 0x09, 0x0b, 0x0d,
    0x01, 0x46, 0x4a, 0x4f, 0x01, 0x4f, 0x53, 0x59, 0x01, 0x0c, 0x0e, 0x10, 0x01, 0x16, 0x18, 0x1b,
    0x01, 0x63, 0x68, 0x6e, 0x01, 0x29, 0x2c, 0x2f, 0x02, 0x09, 0x0b, 0x0d, 0x01, 0x46, 0x4a, 0x4f,
    0x01, 0x4f, 0x53, 0x59, 0x01, 0x27, 0x29, 0x2d, 0x01, 0x68, 0x6d, 0x73, 0x01, 0x2b, 0x2e, 0x31,
    0x01, 0x0c, 0x0e, 0x10, 0x01, 0x0a, 0x0d, 0x0f, 0x01, 0x0f, 0x12, 0x14, 0x01, 0x0f, 0x11, 0x13,
    0x01, 0x09, 0x0b, 0x0d, 0x01, 0x24, 0x27, 0x2a, 0x01, 0x69, 0x6e, 0x75, 0x01, 0x2b, 0x2e, 0x31,
    0x01, 0x0c, 0x0e, 0x10, 0x01, 0x0b, 0x0e, 0x10, 0x01, 0x10, 0x12, 0x14, 0x01, 0x15, 0x17, 0x1a,
    0x01, 0x61, 0x65, 0x6c, 0x01, 0x2f, 0x32, 0x36, 0x01, 0x09, 0x0c, 0x0e, 0x01, 0x09, 0x0b, 0x0d,
    0x01, 0x15, 0x17, 0x1a, 0x01, 0x61, 0x65, 0x6c, 0x01, 0x2c, 0x2f, 0x33, 0x01, 0x09, 0x0b, 0x0d,
    0x01, 0x19, 0x1c, 0x1e, 0x01, 0x63, 0x68, 0x6e, 0x01, 0x45, 0x49, 0x4e, 0x01, 0x64, 0x69, 0x70,
    0x01, 0x1f, 0x22, 0x25, 0x01, 0x09, 0x0b, 0x0d, 0x01, 0x15, 0x17, 0x1a, 0x01, 0x61, 0x65, 0x6c,
    0x01, 0x2c, 0x2f, 0x33, 0x01, 0x09, 0x0b, 0x0d, 0x01, 0x14, 0x17, 0x19, 0x01, 0x61, 0x65, 0x6c,
    0x01, 0x2f, 0x32, 0x36, 0x01, 0x09, 0x0c, 0x0e, 0x01, 0x09, 0x0b, 0x0d, 0x01, 0x12, 0x15, 0x17,
    0x01, 0x59, 0x5e, 0x64, 0x01, 0x58, 0x5d, 0x63, 0x01, 0x60, 0x65, 0x6b, 0x01, 0x18, 0x1a, 0x1d,
    0x02, 0x09, 0x0b, 0x0d, 0x01, 0x1f, 0x22, 0x25, 0x01, 0x53, 0x57, 0x5d, 0x01, 0x4e, 0x52, 0x58,
    0x01, 0x4a, 0x4e, 0x53, 0x01, 0x53, 0x57, 0x5d, 0x01, 0x6a, 0x6f, 0x76, 0x01, 0x3e, 0x41, 0x46,
    0x01, 0x0c, 0x0e, 0x10, 0x01, 0x0f, 0x11, 0x13, 0x01, 0x52, 0x56, 0x5c, 0x01, 0x5f, 0x63, 0x69,
    0x01, 0x47, 0x4b, 0x50, 0x01, 0x25, 0x28, 0x2b, 0x01, 0x1e, 0x21, 0x24, 0x01, 0x65, 0x6a, 0x70,
    0x01, 0x57, 0x5b, 0x61, 0x01, 0x4c, 0x50, 0x55, 0x01, 0x5d, 0x62, 0x68, 0x01, 0x72, 0x77, 0x7f,
    0x01, 0x31, 0x35, 0x39, 0x01, 0x16, 0x18, 0x1b, 0x01, 0x63, 0x68, 0x6e, 0x01, 0x29, 0x2c, 0x2f,
    0x02, 0x09, 0x0b, 0x0d, 0x01, 0x0f, 0x11, 0x13, 0x01, 0x52, 0x56, 0x5c, 0x01, 0x5f, 0x63, 0x69,
    0x01, 0x47, 0x4b, 0x50, 0x01, 0x25, 0x28, 0x2b, 0x01, 0x15, 0x17, 0x1a, 0x01, 0x61, 0x65, 0x6c,
    0x01, 0x2c, 0x2f, 0x33, 0x01, 0x16, 0x18, 0x1b, 0x01, 0x63, 0x68, 0x6e, 0x01, 0x29, 0x2c, 0x2f,
    0x02, 0x09, 0x0b, 0x0d, 0x01, 0x46, 0x4a, 0x4f, 0x01, 0x4f, 0x53, 0x59, 0x01, 0x0c, 0x0e, 0x10,
    0x01, 0x10, 0x13, 0x15, 0x01, 0x50, 0x54, 0x59, 0x01, 0x62, 0x67, 0x6e, 0x01, 0x4b, 0x4f, 0x54,
    0x01, 0x56, 0x5a, 0x60, 0x01, 0x73, 0x78, 0x80, 0x01, 0x49, 0x4d, 0x52, 0x01, 0x09, 0x0c, 0x0e,
    0x03, 0x09, 0x0b, 0x0d, 0x01, 0x0f, 0x11, 0x13, 0x01, 0x47, 0x4b, 0x50, 0x01, 0x64, 0x69, 0x70,
    0x01, 0x4e, 0x52, 0x57, 0x01, 0x4c, 0x50, 0x56, 0x01, 0x46, 0x4a, 0x4f, 0x01, 0x11, 0x13, 0x15,
    0x01, 0x10, 0x12, 0x14, 0x01, 0x4d, 0x51, 0x56, 0x01, 0x63, 0x68, 0x6e, 0x01, 0x4c, 0x50, 0x56,
    0x01, 0x5a, 0x5e, 0x64, 0x01, 0x60, 0x65, 0x6b, 0x01, 0x1e, 0x21, 0x24, 0x01, 0x16, 0x18, 0x1b,
    0x01, 0x63, 0x68, 0x6e, 0x01, 0x29, 0x2c, 0x2f, 0x02, 0x09, 0x0b, 0x0d, 0x01, 0x46, 0x4a, 0x4f,
    0x01, 0x4f, 0x53, 0x59, 0x01, 0x0c, 0x0e, 0x10, 0x01, 0x16, 0x18, 0x1b, 0x01, 0x63, 0x68, 0x6e,
    0x01, 0x29, 0x2c, 0x2f, 0x02, 0x09, 0x0b, 0x0d, 0x01, 0x46, 0x4a, 0x4f, 0x01, 0x4f, 0x53, 0x59,
    0x01, 0x11, 0x13, 0x16, 0x01, 0x45, 0x49, 0x4e, 0x01, 0x64, 0x69, 0x6f, 0x01, 0x4e, 0x52, 0x58,
    0x01, 0x4a, 0x4e, 0x53, 0x01, 0x53, 0x58, 0x5d, 0x01, 0x33, 0x37, 0x3b, 0x01, 0x09, 0x0b, 0x0d,
    0x01, 0x0f, 0x11, 0x13, 0x01, 0x47, 0x4b, 0x50, 0x01, 0x64, 0x69, 0x70, 0x01, 0x4e, 0x52, 0x57,
    0x01, 0x4c, 0x50, 0x56, 0x01, 0x46, 0x4a, 0x4f, 0x01, 0x16, 0x19, 0x1b, 0x01, 0x52, 0x56, 0x5c,
    0x01, 0x5f, 0x63, 0x69, 0x01, 0x47, 0x4b, 0x50, 0x01, 0x25, 0x28, 0x2b, 0x01, 0x15, 0x17, 0x1a,
    0x01, 0x61, 0x65, 0x6c, 0x01, 0x2c, 0x2f, 0x33, 0x01, 0x09, 0x0b, 0x0d, 0x01, 0x0c, 0x0f, 0x11,
    0x01, 0x4b, 0x4f, 0x54, 0x01, 0x78, 0x7d, 0x85, 0x01, 0x53, 0x58, 0x5d, 0x01, 0x0e, 0x11, 0x13,
    0x01, 0x09, 0x0b, 0x0d, 0x01, 0x15, 0x17, 0x1a, 0x01, 0x61, 0x65, 0x6c, 0x01, 0x2c, 0x2f, 0x33,
    0x01, 0x09, 0x0b, 0x0d, 0x01, 0x0f, 0x11, 0x13, 0x01, 0x52, 0x56, 0x5c, 0x01, 0x5f, 0x63, 0x69,
    0x01, 0x47, 0x4b, 0x50, 0x01, 0x25, 0x28, 0x2b, 0x01, 0x0a, 0x0c, 0x0e, 0x01, 0x39, 0x3d, 0x41,
    0x01, 0x7a, 0x7f, 0x87, 0x01, 0x45, 0x49, 0x4e, 0x01, 0x0b, 0x0e, 0x10, 0x02, 0x09, 0x0b, 0x0d,
    0x01, 0x0e, 0x11, 0x13, 0x01, 0x28, 0x2b, 0x2e, 0x01, 0x3c, 0x40, 0x44, 0x01, 0x44, 0x48, 0x4d,
    0x01, 0x3f, 0x43, 0x48, 0x01, 0x28, 0x2b, 0x2f, 0x01, 0x0e, 0x11, 0x13, 0x01, 0x09, 0x0b, 0x0d,
    0x01, 0x09, 0x0c, 0x0e, 0x01, 0x1b, 0x1e, 0x21, 0x01, 0x3d, 0x41, 0x45, 0x01, 0x45, 0x49, 0x4e,
    0x01, 0x25, 0x28, 0x2b, 0x01, 0x0b, 0x0d, 0x0f, 0x01, 0x23, 0x26, 0x29, 0x01, 0x41, 0x45, 0x49,
    0x01, 0x40, 0x44, 0x48, 0x01, 0x29, 0x2c, 0x2f, 0x01, 0x35, 0x39, 0x3d, 0x01, 0x1d, 0x20, 0x23,
    0x01, 0x0f, 0x12, 0x14, 0x01, 0x36, 0x3a, 0x3e, 0x01, 0x19, 0x1c, 0x1e, 0x02, 0x09, 0x0b, 0x0d,
    0x01, 0x09, 0x0c, 0x0e, 0x01, 0x1b, 0x1e, 0x21, 0x01, 0x3d, 0x41, 0x45, 0x01, 0x45, 0x49, 0x4e,
    0x01, 0x25, 0x28, 0x2b, 0x01, 0x0f, 0x11, 0x13, 0x01, 0x35, 0x38, 0x3c, 0x01, 0x1b, 0x1d, 0x20,
    0x01, 0x0f, 0x12, 0x14, 0x01, 0x36, 0x3a, 0x3e, 0x01, 0x19, 0x1c, 0x1e, 0x02, 0x09, 0x0b, 0x0d,
    0x01, 0x28, 0x2b, 0x2e, 0x01, 0x2c, 0x2f, 0x33, 0x01, 0x0a, 0x0d, 0x0f, 0x01, 0x09, 0x0b, 0x0d,
    0x01, 0x14, 0x17, 0x19, 0x01, 0x36, 0x39, 0x3d, 0x01, 0x43, 0x47, 0x4c, 0x01, 0x34, 0x37, 0x3b,
    0x01, 0x5a, 0x5f, 0x65, 0x01, 0x41, 0x45, 0x4a, 0x05, 0x09, 0x0b, 0x0d, 0x01, 0x10, 0x12, 0x14,
    0x01, 0x2d, 0x30, 0x34, 0x01, 0x42, 0x46, 0x4b, 0x01, 0x3f, 0x43, 0x47, 0x01, 0x24, 0x27, 0x2a,
    0x01, 0x0b, 0x0d, 0x0f, 0x01, 0x09, 0x0b, 0x0d, 0x01, 0x12, 0x15, 0x17, 0x01, 0x32, 0x35, 0x39,
    0x01, 0x43, 0x47, 0x4c, 0x01, 0x3b, 0x3f, 0x43, 0x01, 0x1b, 0x1e, 0x21, 0x01, 0x0a, 0x0c, 0x0e,
    0x01, 0x0f, 0x12, 0x14, 0x01, 0x36, 0x3a, 0x3e, 0x01, 0x19, 0x1c, 0x1e, 0x02, 0x09, 0x0b, 0x0d,
    0x01, 0x28, 0x2b, 0x2e, 0x01, 0x2c, 0x2f, 0x33, 0x01, 0x0a, 0x0d, 0x0f, 0x01, 0x0f, 0x12, 0x14,
    0x01, 0x36, 0x3a, 0x3e, 0x01, 0x19, 0x1c, 0x1e, 0x02, 0x09, 0x0b, 0x0d, 0x01, 0x28, 0x2b, 0x2e,
    0x01, 0x2c, 0x2f, 0x33, 0x01, 0x0a, 0x0d, 0x0f, 0x01, 0x0f, 0x12, 0x14, 0x01, 0x2b, 0x2e, 0x31,
    0x01, 0x41, 0x45, 0x4a, 0x01, 0x42, 0x46, 0x4b, 0x01, 0x34, 0x37, 0x3b, 0x01, 0x16, 0x19, 0x1b,
    0x02, 0x09, 0x0b, 0x0d, 0x01, 0x10, 0x12, 0x14, 0x01, 0x2d, 0x30, 0x34, 0x01, 0x42, 0x46, 0x4b,
    0x01, 0x3f, 0x43, 0x47, 0x01, 0x24, 0x27, 0x2a, 0x01, 0x0b, 0x0d, 0x10, 0x01, 0x1b, 0x1e, 0x21,
    0x01, 0x3d, 0x41, 0x45, 0x01, 0x45, 0x49, 0x4e, 0x01, 0x25, 0x28, 0x2b, 0x01, 0x0f, 0x11, 0x13,
    0x01, 0x35, 0x38, 0x3c, 0x01, 0x1b, 0x1d, 0x20, 0x02, 0x09, 0x0b, 0x0d, 0x01, 0x20, 0x23, 0x26,
    0x01, 0x43, 0x47, 0x4c, 0x01, 0x25, 0x28, 0x2b, 0x01, 0x09, 0x0c, 0x0e, 0x01, 0x09, 0x0b, 0x0d,
    0x01, 0x0f, 0x11, 0x13, 0x01, 0x35, 0x38, 0x3c, 0x01, 0x1b, 0x1d, 0x20, 0x01, 0x09, 0x0b, 0x0d,
    0x01, 0x09, 0x0c, 0x0e, 0x01, 0x1b, 0x1e, 0x21, 0x01, 0x3d, 0x41, 0x45, 0x01, 0x45, 0x49, 0x4e,
    0x01, 0x25, 0x28, 0x2b, 0x01, 0x09, 0x0b, 0x0d, 0x01, 0x26, 0x29, 0x2d, 0x01, 0x6a, 0x6f, 0x76,
    0x01, 0x22, 0x25, 0x28, 0x2c, 0x09, 0x0b, 0x0d, 0x01, 0x0a, 0x0c, 0x0e, 0x01, 0x21, 0x24, 0x27,
    0x01, 0x25, 0x28, 0x2b, 0x01, 0x1c, 0x1f, 0x22, 0x01, 0x38, 0x3b, 0x3f, 0x01, 0x67, 0x6c, 0x73,
    0x01, 0x29, 0x2c, 0x2f, 0x46, 0x09, 0x0b, 0x0d, 0x01, 0x0b, 0x0e, 0x10, 0x01, 0x1a, 0x1d, 0x1f,
    0x01, 0x4d, 0x51, 0x56, 0x01, 0x52, 0x56, 0x5c, 0x01, 0x0f, 0x11, 0x13, 0x2c, 0x09, 0x0b, 0x0d,
    0x01, 0x0a, 0x0c, 0x0e, 0x01, 0x30, 0x33, 0x37, 0x01, 0x5d, 0x62, 0x68, 0x01, 0x64, 0x69, 0x70,
    0x01, 0x61, 0x65, 0x6c, 0x01, 0x3b, 0x3e, 0x43, 0x01, 0x0e, 0x10, 0x12, 0x46, 0x09, 0x0b, 0x0d,
    0x01, 0x18, 0x1b, 0x1d, 0x01, 0x5c, 0x60, 0x66, 0x01, 0x5e, 0x62, 0x68, 0x01, 0x24, 0x27, 0x2a,
    0x01, 0x09, 0x0c, 0x0e, 0x2d, 0x09, 0x0b, 0x0d, 0x01, 0x0c, 0x0f, 0x11, 0x01, 0x16, 0x18, 0x1b,
    0x01, 0x1a, 0x1c, 0x1f, 0x01, 0x16, 0x18, 0x1b, 0x01, 0x0b, 0x0e, 0x10, 0x47, 0x09, 0x0b, 0x0d,
    0x01, 0x0c, 0x0e, 0x10, 0x01, 0x19, 0x1b, 0x1e, 0x01, 0x15, 0x17, 0x1a, 0x01, 0x0a, 0x0d, 0x0f,
    0x04, 0x09, 0x0b, 0x0d, 0x01, 0x09, 0x0b, 0x0d, 0x01, 0x13, 0x15, 0x18, 0x01, 0x31, 0x35, 0x39,
    0x01, 0x43, 0x47, 0x4c, 0x01, 0x40, 0x44, 0x49, 0x01, 0x30, 0x33, 0x37, 0x01, 0x14, 0x16, 0x19,
    0x01, 0x0a, 0x0d, 0x0f, 0x01, 0x14, 0x17, 0x19, 0x01, 0x0d, 0x10, 0x12, 0x0e, 0x09, 0x0b, 0x0d,
    0x01, 0x0a, 0x0d, 0x0f, 0x01, 0x14, 0x17, 0x19, 0x01, 0x0d, 0x10, 0x12, 0x02, 0x09, 0x0b, 0x0d,
    0x01, 0x0f, 0x11, 0x13, 0x01, 0x35, 0x38, 0x3c, 0x01, 0x1b, 0x1d, 0x20, 0x13, 0x09, 0x0b, 0x0d,
    0x01, 0x0e, 0x11, 0x13, 0x01, 0x37, 0x3b, 0x3f, 0x02, 0x47, 0x4b, 0x50, 0x01, 0x41, 0x45, 0x4a,
    0x01, 0x2a, 0x2d, 0x31, 0x01, 0x0e, 0x11, 0x13, 0x09, 0x09, 0x0b, 0x0d, 0x01, 0x0f, 0x12, 0x14,
    0x01, 0x36, 0x3a, 0x3e, 0x01, 0x19, 0x1c, 0x1e, 0x19, 0x09, 0x0b, 0x0d, 0x01, 0x11, 0x13, 0x15,
    0x01, 0x50, 0x54, 0x5a, 0x01, 0x64, 0x69, 0x6f, 0x01, 0x4d, 0x51, 0x57, 0x01, 0x4b, 0x4f, 0x54,
    0x01, 0x54, 0x58, 0x5e, 0x01, 0x2f, 0x33, 0x37, 0x01, 0x14, 0x16, 0x19, 0x01, 0x56, 0x5b, 0x61,
    0x01, 0x26, 0x29, 0x2d, 0x0e, 0x09, 0x0b, 0x0d, 0x01, 0x14, 0x16, 0x19, 0x01, 0x56, 0x5b, 0x61,
    0x01, 0x26, 0x29, 0x2d, 0x02, 0x09, 0x0b, 0x0d, 0x01, 0x13, 0x16, 0x18, 0x01, 0x56, 0x5a, 0x60,
    0x01, 0x28, 0x2b, 0x2e, 0x13, 0x09, 0x0b, 0x0d, 0x01, 0x13, 0x16, 0x18, 0x01, 0x63, 0x68, 0x6e,
    0x01, 0x60, 0x64, 0x6b, 0x01, 0x48, 0x4c, 0x51, 0x01, 0x53, 0x57, 0x5d, 0x01, 0x6c, 0x71, 0x78,
    0x01, 0x3b, 0x3e, 0x43, 0x01, 0x0b, 0x0d, 0x0f, 0x08, 0x09, 0x0b, 0x0d, 0x01, 0x16, 0x18, 0x1b,
    0x01, 0x63, 0x68, 0x6e, 0x01, 0x29, 0x2c, 0x2f, 0x19, 0x09, 0x0b, 0x0d, 0x01, 0x24, 0x27, 0x2a,
    0x01, 0x6d, 0x72, 0x79, 0x01, 0x29, 0x2c, 0x2f, 0x01, 0x0b, 0x0e, 0x10, 0x01, 0x0b, 0x0d, 0x0f,
    0x01, 0x10, 0x13, 0x15, 0x01, 0x0f, 0x12, 0x14, 0x01, 0x1d, 0x20, 0x23, 0x01, 0x66, 0x6b, 0x71,
    0x01, 0x36, 0x39, 0x3d, 0x01, 0x18, 0x1b, 0x1d, 0x01, 0x10, 0x12, 0x14, 0x01, 0x09, 0x0b, 0x0d,
    0x01, 0x0d, 0x0f, 0x11, 0x01, 0x14, 0x17, 0x19, 0x01, 0x18, 0x1a, 0x1d, 0x01, 0x13, 0x16, 0x18,
    0x01, 0x0a, 0x0d, 0x0f, 0x01, 0x09, 0x0b, 0x0d, 0x01, 0x0a, 0x0d, 0x0f, 0x01, 0x14, 0x17, 0x19,
    0x01, 0x0f, 0x11, 0x13, 0x01, 0x14, 0x16, 0x19, 0x01, 0x17, 0x19, 0x1c, 0x01, 0x1f, 0x22, 0x25,
    0x01, 0x66, 0x6b, 0x71, 0x01, 0x36, 0x39, 0x3d, 0x01, 0x18, 0x1b, 0x1d, 0x01, 0x10, 0x12, 0x14,
    0x01, 0x0c, 0x0e, 0x10, 0x01, 0x1f, 0x22, 0x25, 0x01, 0x12, 0x14, 0x16, 0x01, 0x0a, 0x0d, 0x0f,
    0x01, 0x14, 0x17, 0x19, 0x01, 0x0f, 0x11, 0x13, 0x01, 0x14, 0x16, 0x19, 0x01, 0x17, 0x1a, 0x1c,
    0x01, 0x10, 0x12, 0x14, 0x01, 0x09, 0x0c, 0x0e, 0x02, 0x09, 0x0b, 0x0d, 0x01, 0x0a, 0x0d, 0x0f,
    0x01, 0x13, 0x15, 0x18, 0x01, 0x17, 0x1a, 0x1c, 0x01, 0x11, 0x13, 0x15, 0x01, 0x12, 0x14, 0x16,
    0x01, 0x11, 0x14, 0x16, 0x04, 0x09, 0x0b, 0x0d, 0x01, 0x13, 0x16, 0x18, 0x01, 0x61, 0x65, 0x6c,
    0x01, 0x3a, 0x3e, 0x42, 0x01, 0x09, 0x0c, 0x0e, 0x01, 0x0f, 0x11, 0x13, 0x01, 0x4f, 0x53, 0x59,
    0x01, 0x5e, 0x62, 0x68, 0x01, 0x11, 0x13, 0x15, 0x02, 0x09, 0x0b, 0x0d, 0x01, 0x09, 0x0c, 0x0e,
    0x01, 0x10, 0x12, 0x14, 0x01, 0x17, 0x1a, 0x1c, 0x01, 0x16, 0x18, 0x1b, 0x01, 0x0d, 0x10, 0x12,
    0x01, 0x09, 0x0b, 0x0d, 0x01, 0x16, 0x18, 0x1b, 0x01, 0x63, 0x68, 0x6e, 0x01, 0x2b, 0x2e, 0x32,
    0x01, 0x14, 0x17, 0x19, 0x01, 0x17, 0x19, 0x1c, 0x01, 0x0f, 0x11, 0x13, 0x01, 0x09, 0x0c, 0x0e,
    0x02, 0x09, 0x0b, 0x0d, 0x01, 0x0a, 0x0c, 0x0e, 0x01, 0x11, 0x14, 0x16, 0x01, 0x17, 0x1a, 0x1c,
    0x01, 0x15, 0x17, 0x1a, 0x01, 0x0b, 0x0e, 0x10, 0x01, 0x09, 0x0b, 0x0d, 0x01, 0x0a, 0x0d, 0x0f,
    0x01, 0x14, 0x17, 0x19, 0x01, 0x0f, 0x11, 0x13, 0x01, 0x14, 0x16, 0x19, 0x01, 0x16, 0x18, 0x1b,
    0x01, 0x0c, 0x0e, 0x11, 0x01, 0x14, 0x17, 0x19, 0x01, 0x0f, 0x11, 0x13, 0x01, 0x14, 0x16, 0x19,
    0x01, 0x17, 0x1a, 0x1c, 0x01, 0x10, 0x12, 0x14, 0x01, 0x09, 0x0c, 0x0e, 0x01, 0x09, 0x0b, 0x0d,
    0x01, 0x25, 0x28, 0x2b, 0x01, 0x6f, 0x74, 0x7b, 0x01, 0x32, 0x36, 0x3a, 0x01, 0x12, 0x14, 0x16,
    0x01, 0x0b, 0x0d, 0x0f, 0x01, 0x09, 0x0b, 0x0d, 0x01, 0x0e, 0x10, 0x12, 0x01, 0x47, 0x4b, 0x50,
    0x01, 0x7c, 0x82, 0x8a, 0x01, 0x6f, 0x74, 0x7b, 0x01, 0x64, 0x69, 0x70, 0x01, 0x32, 0x36, 0x3a,
    0x01, 0x0e, 0x10, 0x12, 0x01, 0x3d, 0x41, 0x45, 0x01, 0x5d, 0x62, 0x68, 0x01, 0x64, 0x69, 0x70,
    0x01, 0x5e, 0x63, 0x69, 0x01, 0x32, 0x36, 0x3a, 0x01, 0x0b, 0x0e, 0x10, 0x01, 0x14, 0x17, 0x19,
    0x01, 0x5a, 0x5f, 0x65, 0x01, 0x4f, 0x53, 0x59, 0x01, 0x5c, 0x60, 0x66, 0x01, 0x57, 0x5b, 0x61,
    0x01, 0x4c, 0x51, 0x56, 0x01, 0x7c, 0x82, 0x8a, 0x01, 0x6f, 0x74, 0x7b, 0x01, 0x64, 0x69, 0x70,
    0x01, 0x32, 0x36, 0x3a, 0x01, 0x13, 0x16, 0x18, 0x01, 0x56, 0x5a, 0x60, 0x01, 0x28, 0x2b, 0x2e,
    0x01, 0x14, 0x17, 0x19, 0x01, 0x5a, 0x5f, 0x65, 0x01, 0x4e, 0x52, 0x57, 0x01, 0x5c, 0x60, 0x66,
    0x01, 0x66, 0x6b, 0x71, 0x01, 0x52, 0x57, 0x5c, 0x01, 0x19, 0x1b, 0x1e, 0x01, 0x09, 0x0b, 0x0d,
    0x01, 0x0b, 0x0d, 0x0f, 0x01, 0x2e, 0x31, 0x35, 0x01, 0x5e, 0x63, 0x69, 0x01, 0x64, 0x69, 0x6f,
    0x01, 0x54, 0x59, 0x5e, 0x01, 0x5a, 0x5e, 0x64, 0x01, 0x42, 0x46, 0x4a, 0x01, 0x0a, 0x0c, 0x0e,
    0x03, 0x09, 0x0b, 0x0d, 0x01, 0x13, 0x16, 0x18, 0x01, 0x61, 0x65, 0x6c, 0x01, 0x3a, 0x3e, 0x42,
    0x01, 0x09, 0x0c, 0x0e, 0x01, 0x0f, 0x11, 0x13, 0x01, 0x4f, 0x53, 0x59, 0x01, 0x5b, 0x60, 0x66,
    0x01, 0x10, 0x13, 0x15, 0x01, 0x09, 0x0b, 0x0d, 0x01, 0x0a, 0x0c, 0x0e, 0x01, 0x25, 0x28, 0x2b,
    0x01, 0x54, 0x59, 0x5e, 0x01, 0x63, 0x68, 0x6f, 0x01, 0x62, 0x67, 0x6d, 0x01, 0x48, 0x4c, 0x51,
    0x01, 0x14, 0x17, 0x19, 0x01, 0x16, 0x18, 0x1b, 0x01, 0x65, 0x6a, 0x71, 0x01, 0x54, 0x58, 0x5e,
    0x01, 0x5d, 0x62, 0x68, 0x01, 0x65, 0x6a, 0x70, 0x01, 0x50, 0x55, 0x5a, 0x01, 0x1a, 0x1c, 0x1f,
    0x01, 0x09, 0x0b, 0x0d, 0x01, 0x0a, 0x0d, 0x0f, 0x01, 0x2a, 0x2d, 0x31, 0x01, 0x5a, 0x5e, 0x64,
    0x01, 0x64, 0x69, 0x70, 0x01, 0x61, 0x66, 0x6c, 0x01, 0x3e, 0x42, 0x46, 0x01, 0x10, 0x12, 0x14,
    0x01, 0x14, 0x17, 0x19, 0x01, 0x5a, 0x5f, 0x65, 0x01, 0x4f, 0x53, 0x59, 0x01, 0x5c, 0x60, 0x66,
    0x01, 0x55, 0x59, 0x5f, 0x01, 0x1d, 0x21, 0x23, 0x01, 0x5a, 0x5f, 0x65, 0x01, 0x4e, 0x52, 0x57,
    0x01, 0x5c, 0x60, 0x66, 0x01, 0x66, 0x6b, 0x71, 0x01, 0x52, 0x57, 0x5c, 0x01, 0x19, 0x1b, 0x1e,
    0x01, 0x09, 0x0b, 0x0d, 0x01, 0x12, 0x14, 0x16, 0x01, 0x51, 0x56, 0x5b, 0x01, 0x6f, 0x74, 0x7b,
    0x01, 0x5f, 0x64, 0x6a, 0x01, 0x4b, 0x4f, 0x54, 0x01, 0x2c, 0x30, 0x33, 0x01, 0x10, 0x13, 0x15,
    0x01, 0x1d, 0x20, 0x23, 0x01, 0x66, 0x6b, 0x71, 0x01, 0x36, 0x39, 0x3d, 0x01, 0x18, 0x1b, 0x1d,
    0x01, 0x10, 0x12, 0x14, 0x01, 0x0d, 0x10, 0x12, 0x01, 0x2a, 0x2d, 0x30, 0x01, 0x23, 0x26, 0x29,
    0x01, 0x1d, 0x20, 0x23, 0x01, 0x3b, 0x3f, 0x43, 0x01, 0x63, 0x68, 0x6f, 0x01, 0x1c, 0x1f, 0x21,
    0x01, 0x16, 0x18, 0x1b, 0x01, 0x6b, 0x70, 0x77, 0x01, 0x5c, 0x61, 0x67, 0x01, 0x25, 0x28, 0x2b,
    0x01, 0x17, 0x1a, 0x1c, 0x01, 0x1f, 0x22, 0x25, 0x01, 0x66, 0x6b, 0x71, 0x01, 0x36, 0x39, 0x3d,
    0x01, 0x18, 0x1b, 0x1d, 0x01, 0x10, 0x12, 0x14, 0x01, 0x15, 0x17, 0x1a, 0x01, 0x61, 0x65, 0x6c,
    0x01, 0x2c, 0x2f, 0x33, 0x01, 0x16, 0x18, 0x1b, 0x01, 0x6b, 0x70, 0x77, 0x01, 0x5a, 0x5f, 0x65,
    0x01, 0x26, 0x29, 0x2c, 0x01, 0x27, 0x2a, 0x2e, 0x01, 0x63, 0x68, 0x6e, 0x01, 0x3e, 0x41, 0x46,
    0x01, 0x09, 0x0c, 0x0e, 0x01, 0x1b, 0x1d, 0x20, 0x01, 0x65, 0x6a, 0x70, 0x01, 0x44, 0x48, 0x4d,
    0x01, 0x1e, 0x21, 0x24, 0x01, 0x35, 0x39, 0x3d, 0x01, 0x74, 0x7a, 0x81, 0x01, 0x4a, 0x4e, 0x53,
    0x01, 0x0a, 0x0c, 0x0e, 0x03, 0x09, 0x0b, 0x0d, 0x01, 0x13, 0x16, 0x18, 0x01, 0x63, 0x68, 0x6e,
    0x01, 0x60, 0x64, 0x6b, 0x01, 0x48, 0x4c, 0x51, 0x01, 0x54, 0x59, 0x5e, 0x01, 0x69, 0x6e, 0x75,
    0x01, 0x31, 0x35, 0x39, 0x01, 0x0a, 0x0c, 0x0e, 0x01, 0x09, 0x0b, 0x0d, 0x01, 0x17, 0x1a, 0x1c,
    0x01, 0x5d, 0x62, 0x68, 0x01, 0x44, 0x48, 0x4d, 0x01, 0x20, 0x23, 0x26, 0x01, 0x27, 0x2a, 0x2e,
    0x01, 0x5d, 0x61, 0x67, 0x01, 0x3e, 0x42, 0x47, 0x01, 0x17, 0x1a, 0x1c, 0x01, 0x6c, 0x71, 0x78,
    0x01, 0x5f, 0x64, 0x6a, 0x01, 0x26, 0x29, 0x2c, 0x01, 0x25, 0x28, 0x2b, 0x01, 0x5e, 0x63, 0x69,
    0x01, 0x4a, 0x4e, 0x53, 0x01, 0x0d, 0x0f, 0x11, 0x01, 0x1a, 0x1c, 0x1f, 0x01, 0x64, 0x69, 0x6f,
    0x01, 0x48, 0x4c, 0x51, 0x01, 0x1f, 0x22, 0x25, 0x01, 0x33, 0x36, 0x3a, 0x01, 0x69, 0x6e, 0x75,
    0x01, 0x32, 0x36, 0x3a, 0x01, 0x16, 0x19, 0x1c, 0x01, 0x6b, 0x70, 0x77, 0x01, 0x5c, 0x61, 0x67,
    0x01, 0x25, 0x28, 0x2b, 0x01, 0x16, 0x19, 0x1b, 0x01, 0x17, 0x1a, 0x1c, 0x01, 0x6b, 0x70, 0x77,
    0x01, 0x5a, 0x5f, 0x65, 0x01, 0x26, 0x29, 0x2c, 0x01, 0x27, 0x2a, 0x2e, 0x01, 0x63, 0x68, 0x6e,
    0x01, 0x3e, 0x41, 0x46, 0x01, 0x09, 0x0c, 0x0e, 0x01, 0x09, 0x0b, 0x0d, 0x01, 0x12, 0x14, 0x16,
    0x01, 0x2e, 0x31, 0x35, 0x01, 0x47, 0x4b, 0x50, 0x01, 0x5e, 0x62, 0x68, 0x01, 0x71, 0x76, 0x7d,
    0x01, 0x40, 0x44, 0x48, 0x01, 0x18, 0x1b, 0x1e, 0x01, 0x62, 0x66, 0x6d, 0x01, 0x2b, 0x2e, 0x31,
    0x02, 0x09, 0x0b, 0x0d, 0x01, 0x0a, 0x0c, 0x0e, 0x01, 0x1c, 0x1f, 0x22, 0x01, 0x3a, 0x3e, 0x42,
    0x01, 0x46, 0x4a, 0x4f, 0x01, 0x4e, 0x52, 0x57, 0x01, 0x6f, 0x74, 0x7b, 0x01, 0x2d, 0x30, 0x34,
    0x01, 0x16, 0x18, 0x1b, 0x01, 0x66, 0x6b, 0x71, 0x01, 0x33, 0x36, 0x3a, 0x01, 0x09, 0x0c, 0x0e,
    0x01, 0x09, 0x0b, 0x0d, 0x01, 0x15, 0x18, 0x1a, 0x01, 0x62, 0x66, 0x6d, 0x01, 0x2b, 0x2e, 0x31,
    0x02, 0x09, 0x0b, 0x0d, 0x01, 0x15, 0x17, 0x1a, 0x01, 0x61, 0x65, 0x6c, 0x01, 0x2c, 0x2f, 0x33,
    0x01, 0x16, 0x18, 0x1b, 0x01, 0x65, 0x6a, 0x71, 0x01, 0x30, 0x34, 0x38, 0x01, 0x09, 0x0b, 0x0d,
    0x01, 0x0a, 0x0d, 0x0f, 0x01, 0x4a, 0x4e, 0x53, 0x01, 0x4d, 0x51, 0x57, 0x01, 0x0b, 0x0d, 0x0f,
    0x01, 0x30, 0x33, 0x37, 0x01, 0x64, 0x69, 0x6f, 0x01, 0x18, 0x1a, 0x1d, 0x01, 0x09, 0x0b, 0x0d,
    0x01, 0x0f, 0x11, 0x13, 0x01, 0x58, 0x5d, 0x63, 0x01, 0x4a, 0x4e, 0x53, 0x01, 0x0a, 0x0c, 0x0e,
    0x03, 0x09, 0x0b, 0x0d, 0x01, 0x13, 0x16, 0x18, 0x01, 0x63, 0x68, 0x6e, 0x01, 0x60, 0x64, 0x6b,
    0x01, 0x49, 0x4d, 0x52, 0x01, 0x5d, 0x62, 0x68, 0x01, 0x64, 0x69, 0x70, 0x01, 0x1e, 0x21, 0x24,
    0x02, 0x09, 0x0b, 0x0d, 0x01, 0x2e, 0x31, 0x35, 0x01, 0x72, 0x77, 0x7e, 0x01, 0x4f, 0x53, 0x59,
    0x02, 0x47, 0x4b, 0x50, 0x01, 0x63, 0x68, 0x6e, 0x01, 0x58, 0x5c, 0x62, 0x01, 0x1b, 0x1e, 0x21,
    0x01, 0x67, 0x6c, 0x72, 0x01, 0x35, 0x39, 0x3d, 0x02, 0x09, 0x0c, 0x0e, 0x01, 0x34, 0x38, 0x3c,
    0x01, 0x63, 0x68, 0x6e, 0x01, 0x15, 0x17, 0x1a, 0x01, 0x2f, 0x33, 0x37, 0x01, 0x66, 0x6b, 0x72,
    0x01, 0x19, 0x1c, 0x1e, 0x01, 0x09, 0x0b, 0x0d, 0x01, 0x0c, 0x0e, 0x10, 0x01, 0x4f, 0x53, 0x58,
    0x01, 0x50, 0x54, 0x59, 0x01, 0x18, 0x1c, 0x1e, 0x01, 0x66, 0x6b, 0x71, 0x01, 0x33, 0x36, 0x3a,
    0x01, 0x09, 0x0c, 0x0e, 0x01, 0x09, 0x0b, 0x0d, 0x01, 0x16, 0x18, 0x1b, 0x01, 0x65, 0x6a, 0x71,
    0x01, 0x30, 0x34, 0x38, 0x01, 0x09, 0x0b, 0x0d, 0x01, 0x0a, 0x0d, 0x0f, 0x01, 0x4a, 0x4e, 0x53,
    0x01, 0x4d, 0x51, 0x57, 0x01, 0x0b, 0x0d, 0x0f, 0x03, 0x09, 0x0b, 0x0d, 0x01, 0x0a, 0x0d, 0x0f,
    0x01, 0x12, 0x15, 0x17, 0x01, 0x4a, 0x4e, 0x53, 0x01, 0x67, 0x6c, 0x72, 0x01, 0x20, 0x22, 0x26,
    0x01, 0x62, 0x66, 0x6d, 0x01, 0x2b, 0x2e, 0x31, 0x02, 0x09, 0x0b, 0x0d, 0x01, 0x1b, 0x1e, 0x20,
    0x01, 0x60, 0x64, 0x6b, 0x01, 0x58, 0x5d, 0x63, 0x01, 0x4a, 0x4e, 0x53, 0x01, 0x4d, 0x51, 0x56,
    0x01, 0x6f, 0x74, 0x7b, 0x01, 0x31, 0x35, 0x39, 0x01, 0x16, 0x18, 0x1b, 0x01, 0x63, 0x68, 0x6e,
    0x01, 0x29, 0x2c, 0x30, 0x02, 0x09, 0x0b, 0x0d, 0x01, 0x15, 0x18, 0x1a, 0x01, 0x62, 0x66, 0x6d,
    0x01, 0x2b, 0x2e, 0x31, 0x02, 0x09, 0x0b, 0x0d, 0x01, 0x15, 0x17, 0x1a, 0x01, 0x61, 0x65, 0x6c,
    0x01, 0x2c, 0x2f, 0x33, 0x01, 0x16, 0x18, 0x1b, 0x01, 0x63, 0x68, 0x6e, 0x01, 0x29, 0x2c, 0x2f,
    0x02, 0x09, 0x0b, 0x0d, 0x01, 0x46, 0x4a, 0x4f, 0x01, 0x4f, 0x53, 0x59, 0x01, 0x0c, 0x0e, 0x10,
    0x01, 0x35, 0x38, 0x3c, 0x01, 0x60, 0x65, 0x6b, 0x01, 0x14, 0x16, 0x19, 0x01, 0x09, 0x0b, 0x0d,
    0x01, 0x0c, 0x0f, 0x11, 0x01, 0x51, 0x55, 0x5b, 0x01, 0x4a, 0x4e, 0x53, 0x01, 0x0a, 0x0c, 0x0e,
    0x03, 0x09, 0x0b, 0x0d, 0x01, 0x13, 0x16, 0x18, 0x01, 0x61, 0x65, 0x6c, 0x01, 0x3a, 0x3e, 0x42,
    0x01, 0x09, 0x0c, 0x0e, 0x01, 0x15, 0x18, 0x1a, 0x01, 0x58, 0x5d, 0x63, 0x01, 0x4c, 0x50, 0x56,
    0x01, 0x0d, 0x10, 0x12, 0x01, 0x09, 0x0b, 0x0d, 0x01, 0x34, 0x38, 0x3c, 0x01, 0x71, 0x76, 0x7d,
    0x01, 0x4d, 0x51, 0x56, 0x03, 0x47, 0x4b, 0x50, 0x01, 0x33, 0x37, 0x3b, 0x01, 0x19, 0x1c, 0x1e,
    0x01, 0x65, 0x6a, 0x70, 0x01, 0x2e, 0x31, 0x35, 0x02, 0x09, 0x0b, 0x0d, 0x01, 0x2d, 0x30, 0x34,
    0x01, 0x66, 0x6b, 0x71, 0x01, 0x16, 0x19, 0x1b, 0x01, 0x35, 0x38, 0x3c, 0x01, 0x62, 0x67, 0x6e,
    0x01, 0x14, 0x17, 0x19, 0x01, 0x09, 0x0b, 0x0d, 0x01, 0x09, 0x0c, 0x0e, 0x01, 0x47, 0x4b, 0x50,
    0x01, 0x54, 0x59, 0x5e, 0x01, 0x1a, 0x1d, 0x1f, 0x01, 0x63, 0x68, 0x6e, 0x01, 0x29, 0x2c, 0x30,
    0x02, 0x09, 0x0b, 0x0d, 0x01, 0x16, 0x18, 0x1b, 0x01, 0x63, 0x68, 0x6e, 0x01, 0x29, 0x2c, 0x2f,
    0x02, 0x09, 0x0b, 0x0d, 0x01, 0x46, 0x4a, 0x4f, 0x01, 0x4f, 0x53, 0x59, 0x01, 0x0c, 0x0e, 0x10,
    0x01, 0x0c, 0x0f, 0x11, 0x01, 0x12, 0x14, 0x16, 0x01, 0x0c, 0x0f, 0x11, 0x01, 0x0a, 0x0c, 0x0e,
    0x01, 0x0e, 0x11, 0x13, 0x01, 0x44, 0x48, 0x4d, 0x01, 0x65, 0x6a, 0x70, 0x01, 0x1e, 0x21, 0x24,
    0x01, 0x61, 0x65, 0x6c, 0x01, 0x2f, 0x32, 0x36, 0x01, 0x09, 0x0c, 0x0e, 0x01, 0x09, 0x0b, 0x0d,
    0x01, 0x2e, 0x31, 0x35, 0x01, 0x65, 0x6a, 0x71, 0x01, 0x1e, 0x21, 0x24, 0x01, 0x0c, 0x0f, 0x11,
    0x01, 0x25, 0x28, 0x2b, 0x01, 0x6c, 0x71, 0x78, 0x01, 0x31, 0x35, 0x39, 0x01, 0x16, 0x18, 0x1b,
    0x01, 0x63, 0x68, 0x6e, 0x01, 0x29, 0x2c, 0x2f, 0x02, 0x09, 0x0b, 0x0d, 0x01, 0x14, 0x17, 0x19,
    0x01, 0x61, 0x65, 0x6c, 0x01, 0x2f, 0x32, 0x36, 0x01, 0x09, 0x0c, 0x0e, 0x01, 0x09, 0x0b, 0x0d,
    0x01, 0x15, 0x17, 0x1a, 0x01, 0x61, 0x65, 0x6c, 0x01, 0x2c, 0x2f, 0x33, 0x01, 0x16, 0x18, 0x1b,
    0x01, 0x63, 0x68, 0x6e, 0x01, 0x29, 0x2c, 0x2f, 0x02, 0x09, 0x0b, 0x0d, 0x01, 0x46, 0x4a, 0x4f,
    0x01, 0x4f, 0x53, 0x59, 0x01, 0x0c, 0x0e, 0x10, 0x01, 0x26, 0x29, 0x2d, 0x01, 0x69, 0x6e, 0x75,
    0x01, 0x26, 0x29, 0x2c, 0x01, 0x0b, 0x0d, 0x0f, 0x01, 0x19, 0x1c, 0x1e, 0x01, 0x66, 0x6b, 0x72,
    0x01, 0x4a, 0x4e, 0x53, 0x01, 0x0a, 0x0c, 0x0e, 0x03, 0x09, 0x0b, 0x0d, 0x01, 0x13, 0x16, 0x18,
    0x01, 0x61, 0x65, 0x6c, 0x01, 0x3a, 0x3e, 0x42, 0x01, 0x09, 0x0b, 0x0d, 0x01, 0x09, 0x0c, 0x0e,
    0x01, 0x2c, 0x30, 0x33, 0x01, 0x69, 0x6e, 0x75, 0x01, 0x22, 0x25, 0x28, 0x01, 0x09, 0x0b, 0x0d,
    0x01, 0x24, 0x27, 0x2a, 0x01, 0x68, 0x6d, 0x73, 0x01, 0x2b, 0x2e, 0x31, 0x01, 0x0c, 0x0e, 0x10,
    0x01, 0x0a, 0x0d, 0x0f, 0x01, 0x0f, 0x12, 0x14, 0x01, 0x0f, 0x11, 0x13, 0x01, 0x16, 0x18, 0x1b,
    0x01, 0x6a, 0x6f, 0x76, 0x01, 0x47, 0x4b, 0x50, 0x02, 0x0e, 0x10, 0x12, 0x01, 0x46, 0x4a, 0x4f,
    0x01, 0x5b, 0x60, 0x66, 0x01, 0x11, 0x14, 0x16, 0x01, 0x26, 0x29, 0x2c, 0x01, 0x6a, 0x6f, 0x76,
    0x01, 0x29, 0x2c, 0x2f, 0x01, 0x0b, 0x0d, 0x0f, 0x01, 0x16, 0x18, 0x1b, 0x01, 0x5d, 0x61, 0x67,
    0x01, 0x44, 0x48, 0x4d, 0x01, 0x17, 0x1a, 0x1c, 0x01, 0x63, 0x68, 0x6e, 0x01, 0x29, 0x2c, 0x2f,
    0x02, 0x09, 0x0b, 0x0d, 0x01, 0x16, 0x18, 0x1b, 0x01, 0x63, 0x68, 0x6e, 0x01, 0x29, 0x2c, 0x2f,
    0x02, 0x09, 0x0b, 0x0d, 0x01, 0x46, 0x4a, 0x4f, 0x01, 0x4f, 0x53, 0x59, 0x01, 0x0c, 0x0e, 0x10,
    0x01, 0x1f, 0x22, 0x25, 0x01, 0x53, 0x57, 0x5d, 0x01, 0x4e, 0x52, 0x58, 0x01, 0x4a, 0x4e, 0x53,
    0x01, 0x53, 0x57, 0x5d, 0x01, 0x6a, 0x6f, 0x76, 0x01, 0x3e, 0x41, 0x46, 0x01, 0x12, 0x14, 0x16,
    0x01, 0x52, 0x56, 0x5c, 0x01, 0x5f, 0x63, 0x69, 0x01, 0x47, 0x4b, 0x50, 0x01, 0x25, 0x28, 0x2b,
    0x01, 0x1e, 0x21, 0x24, 0x01, 0x65, 0x6a, 0x70, 0x01, 0x57, 0x5b, 0x61, 0x01, 0x4c, 0x50, 0x55,
    0x01, 0x5d, 0x62, 0x68, 0x01, 0x72, 0x77, 0x7f, 0x01, 0x31, 0x35, 0x39, 0x01, 0x16, 0x18, 0x1b,
    0x01, 0x63, 0x68, 0x6e, 0x01, 0x29, 0x2c, 0x2f, 0x02, 0x09, 0x0b, 0x0d, 0x01, 0x0f, 0x11, 0x13,
    0x01, 0x52, 0x56, 0x5c, 0x01, 0x5f, 0x63, 0x69, 0x01, 0x47, 0x4b, 0x50, 0x01, 0x25, 0x28, 0x2b,
    0x01, 0x15, 0x17, 0x1a, 0x01, 0x61, 0x65, 0x6c, 0x01, 0x2c, 0x2f, 0x33, 0x01, 0x16, 0x18, 0x1b,
    0x01, 0x63, 0x68, 0x6e, 0x01, 0x29, 0x2c, 0x2f, 0x02, 0x09, 0x0b, 0x0d, 0x01, 0x46, 0x4a, 0x4f,
    0x01, 0x4f, 0x53, 0x59, 0x01, 0x0c, 0x0e, 0x10, 0x01, 0x10, 0x13, 0x15, 0x01, 0x50, 0x54, 0x59,
    0x01, 0x62, 0x67, 0x6e, 0x01, 0x4b, 0x4f, 0x54, 0x01, 0x56, 0x5a, 0x60, 0x01, 0x73, 0x78, 0x80,
    0x01, 0x49, 0x4d, 0x52, 0x01, 0x09, 0x0c, 0x0e, 0x03, 0x09, 0x0b, 0x0d, 0x01, 0x13, 0x16, 0x18,
    0x01, 0x61, 0x65, 0x6c, 0x01, 0x3a, 0x3e, 0x42, 0x02, 0x09, 0x0b, 0x0d, 0x01, 0x12, 0x14, 0x16,
    0x01, 0x5b, 0x5f, 0x65, 0x01, 0x49, 0x4d, 0x52, 0x01, 0x0c, 0x0e, 0x10, 0x01, 0x0e, 0x11, 0x13,
    0x01, 0x45, 0x49, 0x4e, 0x01, 0x64, 0x69, 0x6f, 0x01, 0x4e, 0x52, 0x58, 0x01, 0x4a, 0x4e, 0x53,
    0x01, 0x53, 0x58, 0x5d, 0x01, 0x33, 0x37, 0x3b, 0x01, 0x16, 0x18, 0x1b, 0x01, 0x69, 0x6e, 0x75,
    0x01, 0x67, 0x6c, 0x73, 0x01, 0x4f, 0x53, 0x59, 0x01, 0x51, 0x56, 0x5b, 0x01, 0x68, 0x6d, 0x73,
    0x01, 0x32, 0x35, 0x39, 0x01, 0x0a, 0x0c, 0x0e, 0x01, 0x10, 0x12, 0x14, 0x01, 0x4d, 0x51, 0x56,
    0x01, 0x63, 0x68, 0x6e, 0x01, 0x4c, 0x50, 0x56, 0x01, 0x5a, 0x5e, 0x64, 0x01, 0x60, 0x65, 0x6b,
    0x01, 0x1e, 0x21, 0x24, 0x01, 0x16, 0x18, 0x1b, 0x01, 0x63, 0x68, 0x6e, 0x01, 0x29, 0x2c, 0x2f,
    0x02, 0x09, 0x0b, 0x0d, 0x01, 0x16, 0x18, 0x1b, 0x01, 0x63, 0x68, 0x6e, 0x01, 0x29, 0x2c, 0x2f,
    0x02, 0x09, 0x0b, 0x0d, 0x01, 0x46, 0x4a, 0x4f, 0x01, 0x4f, 0x53, 0x59, 0x01, 0x0c, 0x0e, 0x10,
    0x01, 0x0e, 0x11, 0x13, 0x01, 0x28, 0x2b, 0x2e, 0x01, 0x3c, 0x40, 0x44, 0x01, 0x44, 0x48, 0x4d,
    0x01, 0x3f, 0x43, 0x48, 0x01, 0x28, 0x2b, 0x2f, 0x01, 0x0e, 0x11, 0x13, 0x01, 0x09, 0x0c, 0x0e,
    0x01, 0x1b, 0x1e, 0x21, 0x01, 0x3d, 0x41, 0x45, 0x01, 0x45, 0x49, 0x4e, 0x01, 0x25, 0x28, 0x2b,
    0x01, 0x0b, 0x0d, 0x0f, 0x01, 0x23, 0x26, 0x29, 0x01, 0x41, 0x45, 0x49, 0x01, 0x40, 0x44, 0x48,
    0x01, 0x29, 0x2c, 0x2f, 0x01, 0x35, 0x39, 0x3d, 0x01, 0x1d, 0x20, 0x23, 0x01, 0x0f, 0x12, 0x14,
    0x01, 0x36, 0x3a, 0x3e, 0x01, 0x19, 0x1c, 0x1e, 0x02, 0x09, 0x0b, 0x0d, 0x01, 0x09, 0x0c, 0x0e,
    0x01, 0x1b, 0x1e, 0x21, 0x01, 0x3d, 0x41, 0x45, 0x01, 0x45, 0x49, 0x4e, 0x01, 0x25, 0x28, 0x2b,
    0x01, 0x0f, 0x11, 0x13, 0x01, 0x35, 0x38, 0x3c, 0x01, 0x1b, 0x1d, 0x20, 0x01, 0x0f, 0x12, 0x14,
    0x01, 0x36, 0x3a, 0x3e, 0x01, 0x19, 0x1c, 0x1e, 0x02, 0x09, 0x0b, 0x0d, 0x01, 0x28, 0x2b, 0x2e,
    0x01, 0x2c, 0x2f, 0x33, 0x01, 0x0a, 0x0d, 0x0f, 0x01, 0x09, 0x0b, 0x0d, 0x01, 0x14, 0x17, 0x19,
    0x01, 0x36, 0x39, 0x3d, 0x01, 0x43, 0x47, 0x4c, 0x01, 0x34, 0x37, 0x3b, 0x01, 0x5a, 0x5f, 0x65,
    0x01, 0x41, 0x45, 0x4a, 0x04, 0x09, 0x0b, 0x0d, 0x01, 0x0e, 0x11, 0x13, 0x01, 0x35, 0x38, 0x3c,
    0x01, 0x22, 0x25, 0x28, 0x02, 0x09, 0x0b, 0x0d, 0x01, 0x09, 0x0c, 0x0e, 0x01, 0x26, 0x29, 0x2d,
    0x01, 0x36, 0x39, 0x3d, 0x01, 0x0e, 0x10, 0x12, 0x01, 0x09, 0x0b, 0x0d, 0x01, 0x0f, 0x12, 0x14,
    0x01, 0x2b, 0x2e, 0x31, 0x01, 0x41, 0x45, 0x4a, 0x01, 0x42, 0x46, 0x4b, 0x01, 0x34, 0x37, 0x3b,
    0x01, 0x16, 0x19, 0x1b, 0x01, 0x0f, 0x12, 0x14, 0x01, 0x37, 0x3a, 0x3e, 0x01, 0x29, 0x2c, 0x2f,
    0x01, 0x3b, 0x3e, 0x43, 0x01, 0x42, 0x46, 0x4a, 0x01, 0x29, 0x2c, 0x2f, 0x01, 0x0d, 0x0f, 0x11,
    0x02, 0x09, 0x0b, 0x0d, 0x01, 0x12, 0x15, 0x17, 0x01, 0x32, 0x35, 0x39, 0x01, 0x43, 0x47, 0x4c,
    0x01, 0x3b, 0x3f, 0x43, 0x01, 0x1b, 0x1e, 0x21, 0x01, 0x0a, 0x0c, 0x0e, 0x01, 0x0f, 0x12, 0x14,
    0x01, 0x36, 0x3a, 0x3e, 0x01, 0x19, 0x1c, 0x1e, 0x02, 0x09, 0x0b, 0x0d, 0x01, 0x0f, 0x12, 0x14,
    0x01, 0x36, 0x3a, 0x3e, 0x01, 0x19, 0x1c, 0x1e, 0x02, 0x09, 0x0b, 0x0d, 0x01, 0x28, 0x2b, 0x2e,
    0x01, 0x2c, 0x2f, 0x33, 0x01, 0x0a, 0x0d, 0x0f, 0x28, 0x09, 0x0b, 0x0d, 0x01, 0x0a, 0x0c, 0x0e,
    0x01, 0x21, 0x24, 0x27, 0x01, 0x25, 0x28, 0x2b, 0x01, 0x1c, 0x1f, 0x22, 0x01, 0x38, 0x3b, 0x3f,
    0x01, 0x67, 0x6c, 0x73, 0x01, 0x29, 0x2c, 0x2f, 0x58, 0x09, 0x0b, 0x0d, 0x01, 0x0a, 0x0c, 0x0e,
    0x01, 0x30, 0x33, 0x37, 0x01, 0x5d, 0x62, 0x68, 0x01, 0x64, 0x69, 0x70, 0x01, 0x61, 0x65, 0x6c,
    0x01, 0x3b, 0x3e, 0x43, 0x01, 0x0e, 0x10, 0x12, 0x59, 0x09, 0x0b, 0x0d, 0x01, 0x0c, 0x0f, 0x11,
    0x01, 0x16, 0x18, 0x1b, 0x01, 0x1a, 0x1c, 0x1f, 0x01, 0x16, 0x18, 0x1b, 0x01, 0x0b, 0x0e, 0x10,
    0x31, 0x09, 0x0b, 0x0d, 0x01, 0x09, 0x0b, 0x0d, 0x01, 0x09, 0x0c, 0x0e, 0x01, 0x16, 0x18, 0x1b,
    0x01, 0x31, 0x35, 0x39, 0x01, 0x42, 0x46, 0x4b, 0x01, 0x40, 0x44, 0x49, 0x01, 0x2b, 0x2e, 0x31,
    0x01, 0x10, 0x13, 0x15, 0x10, 0x09, 0x0b, 0x0d, 0x01, 0x0f, 0x11, 0x13, 0x01, 0x35, 0x38, 0x3c,
    0x01, 0x1b, 0x1d, 0x20, 0x04, 0x09, 0x0b, 0x0d, 0x01, 0x0a, 0x0c, 0x0e, 0x01, 0x2b, 0x2e, 0x31,
    0x01, 0x2a, 0x2d, 0x30, 0x01, 0x09, 0x0c, 0x0e, 0x12, 0x09, 0x0b, 0x0d, 0x01, 0x0a, 0x0d, 0x0f,
    0x01, 0x14, 0x17, 0x19, 0x01, 0x0d, 0x10, 0x12, 0x0c, 0x09, 0x0b, 0x0d, 0x01, 0x0a, 0x0d, 0x0f,
    0x01, 0x14, 0x17, 0x19, 0x01, 0x0d, 0x10, 0x12, 0x0e, 0x09, 0x0b, 0x0d, 0x01, 0x0a, 0x0d, 0x0f,
    0x01, 0x14, 0x17, 0x19, 0x01, 0x0d, 0x10, 0x12, 0x02, 0x09, 0x0b, 0x0d, 0x01, 0x09, 0x0c, 0x0e,
    0x01, 0x20, 0x23, 0x26, 0x01, 0x5c, 0x60, 0x66, 0x01, 0x5f, 0x63, 0x69, 0x01, 0x4c, 0x50, 0x56,
    0x01, 0x4b, 0x4f, 0x54, 0x01, 0x58, 0x5c, 0x62, 0x01, 0x3e, 0x42, 0x46, 0x01, 0x0d, 0x0f, 0x11,
    0x0f, 0x09, 0x0b, 0x0d, 0x01, 0x15, 0x17, 0x1a, 0x01, 0x61, 0x65, 0x6c, 0x01, 0x2c, 0x2f, 0x33,
    0x04, 0x09, 0x0b, 0x0d, 0x01, 0x0a, 0x0d, 0x0f, 0x01, 0x4c, 0x50, 0x55, 0x01, 0x4a, 0x4e, 0x53,
    0x01, 0x0a, 0x0c, 0x0e, 0x12, 0x09, 0x0b, 0x0d, 0x01, 0x14, 0x16, 0x19, 0x01, 0x56, 0x5b, 0x61,
    0x01, 0x26, 0x29, 0x2d, 0x0c, 0x09, 0x0b, 0x0d, 0x01, 0x14, 0x16, 0x19, 0x01, 0x56, 0x5b, 0x61,
    0x01, 0x26, 0x29, 0x2d, 0x0e, 0x09, 0x0b, 0x0d, 0x01, 0x14, 0x16, 0x19, 0x01, 0x56, 0x5b, 0x61,
    0x01, 0x26, 0x29, 0x2d, 0x02, 0x09, 0x0b, 0x0d, 0x01, 0x11, 0x14, 0x16, 0x01, 0x58, 0x5c, 0x62,
    0x01, 0x56, 0x5b, 0x61, 0x01, 0x19, 0x1b, 0x1e, 0x02, 0x0b, 0x0d, 0x0f, 0x01, 0x14, 0x17, 0x19,
    0x01, 0x1f, 0x22, 0x25, 0x01, 0x0c, 0x0e, 0x10, 0x01, 0x09, 0x0b, 0x0d, 0x01, 0x0a, 0x0c, 0x0e,
    0x01, 0x11, 0x14, 0x16, 0x01, 0x17, 0x1a, 0x1c, 0x01, 0x15, 0x17, 0x1a, 0x01, 0x0b, 0x0e, 0x10,
    0x01, 0x09, 0x0b, 0x0d, 0x01, 0x0b, 0x0d, 0x0f, 0x01, 0x15, 0x17, 0x1a, 0x01, 0x0c, 0x0e, 0x10,
    0x01, 0x09, 0x0b, 0x0d, 0x01, 0x09, 0x0c, 0x0e, 0x01, 0x12, 0x14, 0x16, 0x01, 0x11, 0x13, 0x15,
    0x01, 0x09, 0x0b, 0x0d, 0x01, 0x15, 0x17, 0x1a, 0x01, 0x61, 0x65, 0x6c, 0x01, 0x2c, 0x2f, 0x33,
    0x01, 0x09, 0x0b, 0x0d, 0x01, 0x0a, 0x0d, 0x0f, 0x01, 0x13, 0x15, 0x18, 0x01, 0x17, 0x1a, 0x1c,
    0x01, 0x12, 0x15, 0x17, 0x01, 0x4c, 0x50, 0x56, 0x01, 0x4a, 0x4e, 0x53, 0x01, 0x0a, 0x0c, 0x0e,
    0x03, 0x09, 0x0b, 0x0d, 0x01, 0x0a, 0x0d, 0x0f, 0x01, 0x14, 0x17, 0x19, 0x01, 0x0f, 0x11, 0x13,
    0x01, 0x14, 0x16, 0x19, 0x01, 0x17, 0x1a, 0x1c, 0x01, 0x10, 0x12, 0x14, 0x01, 0x09, 0x0c, 0x0e,
    0x02, 0x09, 0x0b, 0x0d, 0x01, 0x0a, 0x0c, 0x0e, 0x01, 0x11, 0x14, 0x16, 0x01, 0x17, 0x1a, 0x1c,
    0x01, 0x15, 0x17, 0x1a, 0x01, 0x0b, 0x0e, 0x10, 0x01, 0x0a, 0x0c, 0x0e, 0x01, 0x1d, 0x20, 0x23,
    0x01, 0x66, 0x6b, 0x71, 0x01, 0x36, 0x39, 0x3d, 0x01, 0x18, 0x1b, 0x1d, 0x01, 0x10, 0x12, 0x14,
    0x05, 0x09, 0x0b, 0x0d, 0x01, 0x0d, 0x10, 0x12, 0x01, 0x16, 0x19, 0x1b, 0x01, 0x17, 0x1a, 0x1c,
    0x01, 0x12, 0x14, 0x16, 0x01, 0x0b, 0x0e, 0x10, 0x01, 0x1d, 0x20, 0x23, 0x01, 0x66, 0x6b, 0x71,
    0x01, 0x36, 0x39, 0x3d, 0x01, 0x18, 0x1b, 0x1d, 0x01, 0x10, 0x12, 0x14, 0x01, 0x09, 0x0b, 0x0d,
    0x01, 0x0d, 0x0f, 0x11, 0x01, 0x14, 0x17, 0x19, 0x01, 0x18, 0x1a, 0x1d, 0x01, 0x13, 0x16, 0x18,
    0x01, 0x0a, 0x0d, 0x0f, 0x01, 0x09, 0x0b, 0x0d, 0x01, 0x0a, 0x0d, 0x0f, 0x01, 0x14, 0x17, 0x19,
    0x01, 0x0f, 0x11, 0x13, 0x01, 0x14, 0x16, 0x19, 0x01, 0x17, 0x19, 0x1c, 0x01, 0x1f, 0x22, 0x25,
    0x01, 0x66, 0x6b, 0x71, 0x01, 0x36, 0x39, 0x3d, 0x01, 0x18, 0x1b, 0x1d, 0x01, 0x10, 0x12, 0x14,
    0x01, 0x24, 0x27, 0x2a, 0x01, 0x6e, 0x73, 0x7a, 0x01, 0x28, 0x2b, 0x2f, 0x06, 0x09, 0x0b, 0x0d,
    0x01, 0x0a, 0x0d, 0x0f, 0x01, 0x2a, 0x2d, 0x31, 0x01, 0x5a, 0x5e, 0x64, 0x01, 0x64, 0x69, 0x70,
    0x01, 0x61, 0x66, 0x6c, 0x01, 0x3e, 0x42, 0x46, 0x01, 0x10, 0x12, 0x14, 0x01, 0x16, 0x19, 0x1b,
    0x01, 0x5c, 0x60, 0x66, 0x01, 0x1f, 0x22, 0x25, 0x01, 0x09, 0x0b, 0x0d, 0x01, 0x0b, 0x0d, 0x0f,
    0x01, 0x45, 0x49, 0x4e, 0x01, 0x41, 0x45, 0x49, 0x01, 0x09, 0x0c, 0x0e, 0x01, 0x15, 0x17, 0x1a,
    0x01, 0x61, 0x65, 0x6c, 0x01, 0x2c, 0x2f, 0x33, 0x01, 0x0a, 0x0d, 0x0f, 0x01, 0x2d, 0x31, 0x34,
    0x01, 0x5e, 0x63, 0x69, 0x01, 0x64, 0x69, 0x6f, 0x01, 0x55, 0x59, 0x5f, 0x01, 0x62, 0x67, 0x6d,
    0x01, 0x4a, 0x4e, 0x53, 0x01, 0x0a, 0x0c, 0x0e, 0x03, 0x09, 0x0b, 0x0d, 0x01, 0x14, 0x17, 0x19,
    0x01, 0x5a, 0x5f, 0x65, 0x01, 0x4e, 0x52, 0x57, 0x01, 0x5c, 0x60, 0x66, 0x01, 0x66, 0x6b, 0x71,
    0x01, 0x52, 0x57, 0x5c, 0x01, 0x19, 0x1b, 0x1e, 0x01, 0x09, 0x0b, 0x0d, 0x01, 0x0a, 0x0d, 0x0f,
    0x01, 0x2a, 0x2d, 0x31, 0x01, 0x5a, 0x5e, 0x64, 0x01, 0x64, 0x69, 0x70, 0x01, 0x61, 0x66, 0x6c,
    0x01, 0x3e, 0x42, 0x46, 0x01, 0x15, 0x17, 0x19, 0x01, 0x47, 0x4b, 0x50, 0x01, 0x7c, 0x82, 0x8a,
    0x01, 0x6f, 0x74, 0x7b, 0x01, 0x64, 0x69, 0x70, 0x01, 0x32, 0x36, 0x3a, 0x04, 0x09, 0x0b, 0x0d,
    0x01, 0x13, 0x15, 0x18, 0x01, 0x48, 0x4c, 0x51, 0x01, 0x63, 0x68, 0x6e, 0x01, 0x63, 0x68, 0x6f,
    0x01, 0x55, 0x5a, 0x60, 0x01, 0x26, 0x29, 0x2c, 0x01, 0x47, 0x4b, 0x50, 0x01, 0x7c, 0x82, 0x8a,
    0x01, 0x6f, 0x74, 0x7b, 0x01, 0x64, 0x69, 0x70, 0x01, 0x32, 0x36, 0x3a, 0x01, 0x0e, 0x10, 0x12,
    0x01, 0x3d, 0x41, 0x45, 0x01, 0x5d, 0x62, 0x68, 0x01, 0x64, 0x69, 0x70, 0x01, 0x5e, 0x63, 0x69,
    0x01, 0x32, 0x36, 0x3a, 0x01, 0x0b, 0x0e, 0x10, 0x01, 0x14, 0x17, 0x19, 0x01, 0x5a, 0x5f, 0x65,
    0x01, 0x4f, 0x53, 0x59, 0x01, 0x5c, 0x60, 0x66, 0x01, 0x57, 0x5b, 0x61, 0x01, 0x4c, 0x51, 0x56,
    0x01, 0x7c, 0x82, 0x8a, 0x01, 0x6f, 0x74, 0x7b, 0x01, 0x64, 0x69, 0x70, 0x01, 0x32, 0x36, 0x3a,
    0x01, 0x33, 0x36, 0x3a, 0x01, 0x6b, 0x70, 0x77, 0x01, 0x18, 0x1b, 0x1d, 0x06, 0x09, 0x0b, 0x0d,
    0x01, 0x1a, 0x1c, 0x1f, 0x01, 0x64, 0x69, 0x6f, 0x01, 0x48, 0x4c, 0x51, 0x01, 0x1f, 0x22, 0x25,
    0x01, 0x33, 0x36, 0x3a, 0x01, 0x69, 0x6e, 0x75, 0x01, 0x32, 0x36, 0x3a, 0x01, 0x18, 0x1b, 0x1e,
    0x01, 0x67, 0x6c, 0x73, 0x01, 0x22, 0x25, 0x28, 0x01, 0x09, 0x0b, 0x0d, 0x01, 0x0b, 0x0d, 0x0f,
    0x01, 0x4d, 0x51, 0x57, 0x01, 0x49, 0x4d, 0x52, 0x01, 0x09, 0x0c, 0x0e, 0x01, 0x15, 0x17, 0x1a,
    0x01, 0x61, 0x65, 0x6c, 0x01, 0x2c, 0x2f, 0x33, 0x01, 0x1a, 0x1d, 0x1f, 0x01, 0x64, 0x69, 0x70,
    0x01, 0x45, 0x49, 0x4e, 0x01, 0x1e, 0x21, 0x24, 0x01, 0x36, 0x3a, 0x3e, 0x01, 0x74, 0x7a, 0x81,
    0x01, 0x4a, 0x4e, 0x53, 0x01, 0x0a, 0x0c, 0x0e, 0x03, 0x09, 0x0b, 0x0d, 0x01, 0x16, 0x18, 0x1b,
    0x01, 0x6b, 0x70, 0x77, 0x01, 0x5a, 0x5f, 0x65, 0x01, 0x26, 0x29, 0x2c, 0x01, 0x27, 0x2a, 0x2e,
    0x01, 0x63, 0x68, 0x6e, 0x01, 0x3e, 0x41, 0x46, 0x01, 0x09, 0x0c, 0x0e, 0x01, 0x1a, 0x1c, 0x1f,
    0x01, 0x64, 0x69, 0x6f, 0x01, 0x48, 0x4c, 0x51, 0x01, 0x1f, 0x22, 0x25, 0x01, 0x33, 0x36, 0x3a,
    0x01, 0x69, 0x6e, 0x75, 0x01, 0x33, 0x37, 0x3b, 0x01, 0x1d, 0x21, 0x24, 0x01, 0x66, 0x6b, 0x71,
    0x01, 0x36, 0x39, 0x3d, 0x01, 0x18, 0x1b, 0x1d, 0x01, 0x10, 0x12, 0x14, 0x04, 0x09, 0x0b, 0x0d,
    0x01, 0x2c, 0x2f, 0x33, 0x01, 0x66, 0x6b, 0x72, 0x01, 0x2c, 0x2f, 0x33, 0x01, 0x1d, 0x20, 0x23,
    0x01, 0x29, 0x2c, 0x30, 0x01, 0x1c, 0x1f, 0x22, 0x01, 0x1d, 0x20, 0x23, 0x01, 0x66, 0x6b, 0x71,
    0x01, 0x36, 0x39, 0x3d, 0x01, 0x18, 0x1b, 0x1d, 0x01, 0x10, 0x12, 0x14, 0x01, 0x0d, 0x10, 0x12,
    0x01, 0x2a, 0x2d, 0x30, 0x01, 0x23, 0x26, 0x29, 0x01, 0x1d, 0x20, 0x23, 0x01, 0x3b, 0x3f, 0x43,
    0x01, 0x63, 0x68, 0x6f, 0x01, 0x1c, 0x1f, 0x21, 0x01, 0x16, 0x18, 0x1b, 0x01, 0x6b, 0x70, 0x77,
    0x01, 0x5c, 0x61, 0x67, 0x01, 0x25, 0x28, 0x2b, 0x01, 0x17, 0x1a, 0x1c, 0x01, 0x1f, 0x22, 0x25,
    0x01, 0x66, 0x6b, 0x71, 0x01, 0x36, 0x39, 0x3d, 0x01, 0x18, 0x1b, 0x1d, 0x01, 0x10, 0x12, 0x14,
    0x01, 0x33, 0x36, 0x3a, 0x01, 0x6b, 0x70, 0x77, 0x01, 0x18, 0x1b, 0x1d, 0x06, 0x09, 0x0b, 0x0d,
    0x01, 0x2f, 0x33, 0x37, 0x01, 0x66, 0x6b, 0x72, 0x01, 0x19, 0x1c, 0x1e, 0x01, 0x09, 0x0b, 0x0d,
    0x01, 0x0c, 0x0e, 0x10, 0x01, 0x4f, 0x53, 0x58, 0x01, 0x50, 0x54, 0x59, 0x01, 0x1b, 0x1e, 0x21,
    0x01, 0x67, 0x6c, 0x73, 0x01, 0x22, 0x25, 0x28, 0x01, 0x09, 0x0b, 0x0d, 0x01, 0x0b, 0x0d, 0x0f,
    0x01, 0x4d, 0x51, 0x57, 0x01, 0x49, 0x4d, 0x52, 0x01, 0x09, 0x0c, 0x0e, 0x01, 0x15, 0x17, 0x1a,
    0x01, 0x61, 0x65, 0x6c, 0x01, 0x2c, 0x2f, 0x33, 0x01, 0x30, 0x33, 0x37, 0x01, 0x64, 0x69, 0x6f,
    0x01, 0x18, 0x1a, 0x1d, 0x01, 0x09, 0x0b, 0x0d, 0x01, 0x0f, 0x12, 0x14, 0x01, 0x59, 0x5d, 0x63,
    0x01, 0x4a, 0x4e, 0x53, 0x01, 0x0a, 0x0c, 0x0e, 0x03, 0x09, 0x0b, 0x0d, 0x01, 0x16, 0x18, 0x1b,
    0x01, 0x65, 0x6a, 0x71, 0x01, 0x30, 0x34, 0x38, 0x01, 0x09, 0x0b, 0x0d, 0x01, 0x0a, 0x0d, 0x0f,
    0x01, 0x4a, 0x4e, 0x53, 0x01, 0x4d, 0x51, 0x57, 0x01, 0x0b, 0x0d, 0x0f, 0x01, 0x2f, 0x33, 0x37,
    0x01, 0x66, 0x6b, 0x72, 0x01, 0x19, 0x1c, 0x1e, 0x01, 0x09, 0x0b, 0x0d, 0x01, 0x0c, 0x0e, 0x10,
    0x01, 0x4f, 0x53, 0x58, 0x01, 0x50, 0x54, 0x59, 0x01, 0x18, 0x1b, 0x1e, 0x01, 0x62, 0x66, 0x6d,
    0x01, 0x2b, 0x2e, 0x31, 0x06, 0x09, 0x0b, 0x0d, 0x01, 0x24, 0x27, 0x2a, 0x01, 0x63, 0x68, 0x6e,
    0x01, 0x3e, 0x42, 0x47, 0x01, 0x23, 0x26, 0x29, 0x01, 0x13, 0x16, 0x18, 0x01, 0x0a, 0x0c, 0x0e,
    0x01, 0x15, 0x18, 0x1a, 0x01, 0x62, 0x66, 0x6d, 0x01, 0x2b, 0x2e, 0x31, 0x02, 0x09, 0x0b, 0x0d,
    0x01, 0x0a, 0x0c, 0x0e, 0x01, 0x1c, 0x1f, 0x22, 0x01, 0x3a, 0x3e, 0x42, 0x01, 0x46, 0x4a, 0x4f,
    0x01, 0x4e, 0x52, 0x57, 0x01, 0x6f, 0x74, 0x7b, 0x01, 0x2d, 0x30, 0x34, 0x01, 0x16, 0x18, 0x1b,
    0x01, 0x66, 0x6b, 0x71, 0x01, 0x33, 0x36, 0x3a, 0x01, 0x09, 0x0c, 0x0e, 0x01, 0x09, 0x0b, 0x0d,
    0x01, 0x15, 0x18, 0x1a, 0x01, 0x62, 0x66, 0x6d, 0x01, 0x2b, 0x2e, 0x31, 0x02, 0x09, 0x0b, 0x0d,
    0x01, 0x24, 0x27, 0x2a, 0x01, 0x6e, 0x73, 0x7a, 0x01, 0x28, 0x2b, 0x2f, 0x06, 0x09, 0x0b, 0x0d,
    0x01, 0x35, 0x38, 0x3c, 0x01, 0x62, 0x67, 0x6e, 0x01, 0x14, 0x17, 0x19, 0x01, 0x09, 0x0b, 0x0d,
    0x01, 0x09, 0x0c, 0x0e, 0x01, 0x47, 0x4b, 0x50, 0x01, 0x54, 0x59, 0x5e, 0x01, 0x1c, 0x1e, 0x21,
    0x01, 0x67, 0x6c, 0x73, 0x01, 0x22, 0x25, 0x28, 0x01, 0x09, 0x0b, 0x0d, 0x01, 0x0b, 0x0e, 0x10,
    0x01, 0x4e, 0x52, 0x58, 0x01, 0x49, 0x4d, 0x52, 0x01, 0x09, 0x0c, 0x0e, 0x01, 0x15, 0x17, 0x1a,
    0x01, 0x61, 0x65, 0x6c, 0x01, 0x2c, 0x2f, 0x33, 0x01, 0x35, 0x38, 0x3c, 0x01, 0x60, 0x65, 0x6b,
    0x01, 0x14, 0x16, 0x19, 0x01, 0x09, 0x0b, 0x0d, 0x01, 0x0c, 0x0f, 0x11, 0x01, 0x51, 0x55, 0x5b,
    0x01, 0x4a, 0x4e, 0x53, 0x01, 0x0a, 0x0c, 0x0e, 0x03, 0x09, 0x0b, 0x0d, 0x01, 0x16, 0x18, 0x1b,
    0x01, 0x63, 0x68, 0x6e, 0x01, 0x29, 0x2c, 0x2f, 0x02, 0x09, 0x0b, 0x0d, 0x01, 0x46, 0x4a, 0x4f,
    0x01, 0x4f, 0x53, 0x59, 0x01, 0x0c, 0x0e, 0x10, 0x01, 0x35, 0x38, 0x3c, 0x01, 0x62, 0x67, 0x6e,
    0x01, 0x14, 0x17, 0x19, 0x01, 0x09, 0x0b, 0x0d, 0x01, 0x09, 0x0c, 0x0e, 0x01, 0x47, 0x4b, 0x50,
    0x01, 0x54, 0x59, 0x5e, 0x01, 0x1a, 0x1c, 0x1f, 0x01, 0x62, 0x66, 0x6d, 0x01, 0x2b, 0x2e, 0x31,
    0x06, 0x09, 0x0b, 0x0d, 0x01, 0x0c, 0x0f, 0x11, 0x01, 0x2c, 0x2f, 0x33, 0x01, 0x4a, 0x4e, 0x53,
    0x01, 0x58, 0x5c, 0x62, 0x01, 0x5a, 0x5e, 0x64, 0x01, 0x26, 0x29, 0x2d, 0x01, 0x15, 0x18, 0x1b,
    0x01, 0x62, 0x66, 0x6d, 0x01, 0x2b, 0x2e, 0x31, 0x02, 0x09, 0x0b, 0x0d, 0x01, 0x1b, 0x1e, 0x20,
    0x01, 0x60, 0x64, 0x6b, 0x01, 0x58, 0x5d, 0x63, 0x01, 0x4a, 0x4e, 0x53, 0x01, 0x4d, 0x51, 0x56,
    0x01, 0x6f, 0x74, 0x7b, 0x01, 0x31, 0x35, 0x39, 0x01, 0x16, 0x18, 0x1b, 0x01, 0x63, 0x68, 0x6e,
    0x01, 0x29, 0x2c, 0x30, 0x02, 0x09, 0x0b, 0x0d, 0x01, 0x15, 0x18, 0x1a, 0x01, 0x62, 0x66, 0x6d,
    0x01, 0x2b, 0x2e, 0x31, 0x02, 0x09, 0x0b, 0x0d, 0x01, 0x11, 0x14, 0x16, 0x01, 0x58, 0x5d, 0x63,
    0x01, 0x56, 0x5b, 0x61, 0x01, 0x19, 0x1b, 0x1e, 0x02, 0x0b, 0x0d, 0x0f, 0x01, 0x14, 0x16, 0x19,
    0x01, 0x1f, 0x22, 0x25, 0x01, 0x0c, 0x0e, 0x10, 0x01, 0x26, 0x29, 0x2c, 0x01, 0x6a, 0x6f, 0x76,
    0x01, 0x29, 0x2c, 0x2f, 0x01, 0x0b, 0x0d, 0x0f, 0x01, 0x16, 0x18, 0x1b, 0x01, 0x5d, 0x61, 0x67,
    0x01, 0x44, 0x48, 0x4d, 0x01, 0x17, 0x1a, 0x1c, 0x01, 0x65, 0x6a, 0x70, 0x01, 0x31, 0x34, 0x38,
    0x01, 0x0b, 0x0e, 0x10, 0x01, 0x17, 0x1a, 0x1c, 0x01, 0x61, 0x66, 0x6c, 0x01, 0x49, 0x4d, 0x52,
    0x01, 0x09, 0x0c, 0x0e, 0x01, 0x15, 0x17, 0x1a, 0x01, 0x61, 0x65, 0x6c, 0x01, 0x2c, 0x2f, 0x33,
    0x01, 0x26, 0x29, 0x2d, 0x01, 0x69, 0x6e, 0x75, 0x01, 0x26, 0x29, 0x2c, 0x01, 0x0b, 0x0d, 0x0f,
    0x01, 0x1a, 0x1c, 0x1f, 0x01, 0x67, 0x6c, 0x72, 0x01, 0x4a, 0x4e, 0x53, 0x01, 0x0a, 0x0c, 0x0e,
    0x03, 0x09, 0x0b, 0x0d, 0x01, 0x16, 0x18, 0x1b, 0x01, 0x63, 0x68, 0x6e, 0x01, 0x29, 0x2c, 0x2f,
    0x02, 0x09, 0x0b, 0x0d, 0x01, 0x46, 0x4a, 0x4f, 0x01, 0x4f, 0x53, 0x59, 0x01, 0x0c, 0x0e, 0x10,
    0x01, 0x26, 0x29, 0x2c, 0x01, 0x6a, 0x6f, 0x76, 0x01, 0x29, 0x2c, 0x2f, 0x01, 0x0b, 0x0d, 0x0f,
    0x01, 0x16, 0x18, 0x1b, 0x01, 0x5d, 0x61, 0x67, 0x01, 0x44, 0x48, 0x4d, 0x01, 0x15, 0x18, 0x1b,
    0x01, 0x61, 0x65, 0x6c, 0x01, 0x2f, 0x32, 0x36, 0x01, 0x09, 0x0c, 0x0e, 0x05, 0x09, 0x0b, 0x0d,
    0x01, 0x0e, 0x10, 0x12, 0x01, 0x10, 0x12, 0x14, 0x01, 0x0e, 0x10, 0x12, 0x01, 0x17, 0x19, 0x1c,
    0x01, 0x54, 0x59, 0x5e, 0x01, 0x4e, 0x52, 0x57, 0x01, 0x17, 0x19, 0x1c, 0x01, 0x61, 0x65, 0x6c,
    0x01, 0x2f, 0x32, 0x36, 0x01, 0x09, 0x0c, 0x0e, 0x01, 0x09, 0x0b, 0x0d, 0x01, 0x2e, 0x31, 0x35,
    0x01, 0x65, 0x6a, 0x71, 0x01, 0x1e, 0x21, 0x24, 0x01, 0x0c, 0x0f, 0x11, 0x01, 0x25, 0x28, 0x2b,
    0x01, 0x6c, 0x71, 0x78, 0x01, 0x31, 0x35, 0x39, 0x01, 0x16, 0x18, 0x1b, 0x01, 0x63, 0x68, 0x6e,
    0x01, 0x29, 0x2c, 0x2f, 0x02, 0x09, 0x0b, 0x0d, 0x01, 0x14, 0x17, 0x19, 0x01, 0x61, 0x65, 0x6c,
    0x01, 0x2f, 0x32, 0x36, 0x01, 0x09, 0x0c, 0x0e, 0x01, 0x09, 0x0b, 0x0d, 0x01, 0x09, 0x0c, 0x0e,
    0x01, 0x21, 0x24, 0x27, 0x01, 0x5c, 0x61, 0x67, 0x01, 0x5f, 0x64, 0x6a, 0x01, 0x4c, 0x50, 0x55,
    0x01, 0x4b, 0x4f, 0x54, 0x01, 0x57, 0x5c, 0x62, 0x01, 0x3e, 0x42, 0x46, 0x01, 0x0d, 0x0f, 0x11,
    0x01, 0x10, 0x12, 0x14, 0x01, 0x4d, 0x51, 0x56, 0x01, 0x63, 0x68, 0x6e, 0x01, 0x4c, 0x50, 0x56,
    0x01, 0x5a, 0x5e, 0x64, 0x01, 0x60, 0x65, 0x6b, 0x01, 0x1e, 0x21, 0x24, 0x01, 0x0e, 0x10, 0x12,
    0x01, 0x4b, 0x4f, 0x54, 0x01, 0x65, 0x6a, 0x70, 0x01, 0x4c, 0x50, 0x56, 0x01, 0x55, 0x59, 0x5f,
    0x01, 0x72, 0x77, 0x7e, 0x01, 0x49, 0x4d, 0x52, 0x01, 0x09, 0x0c, 0x0e, 0x01, 0x15, 0x17, 0x1a,
    0x01, 0x61, 0x65, 0x6c, 0x01, 0x2c, 0x2f, 0x33, 0x01, 0x10, 0x13, 0x15, 0x01, 0x4f, 0x53, 0x59,
    0x01, 0x63, 0x68, 0x6e, 0x01, 0x4b, 0x4f, 0x54, 0x01, 0x56, 0x5b, 0x61, 0x01, 0x73, 0x78, 0x80,
    0x01, 0x4a, 0x4e, 0x53, 0x01, 0x0a, 0x0c, 0x0e, 0x03, 0x09, 0x0b, 0x0d, 0x01, 0x16, 0x18, 0x1b,
    0x01, 0x63, 0x68, 0x6e, 0x01, 0x29, 0x2c, 0x2f, 0x02, 0x09, 0x0b, 0x0d, 0x01, 0x46, 0x4a, 0x4f,
    0x01, 0x4f, 0x53, 0x59, 0x01, 0x0c, 0x0e, 0x10, 0x01, 0x10, 0x12, 0x14, 0x01, 0x4d, 0x51, 0x56,
    0x01, 0x63, 0x68, 0x6e, 0x01, 0x4c, 0x50, 0x56, 0x01, 0x5a, 0x5e, 0x64, 0x01, 0x60, 0x65, 0x6b,
    0x01, 0x1e, 0x21, 0x24, 0x01, 0x0f, 0x11, 0x13, 0x01, 0x52, 0x56, 0x5c, 0x01, 0x5f, 0x63, 0x69,
    0x01, 0x47, 0x4b, 0x50, 0x01, 0x25, 0x28, 0x2b, 0x04, 0x09, 0x0b, 0x0d, 0x01, 0x2b, 0x2e, 0x31,
    0x01, 0x52, 0x57, 0x5c, 0x01, 0x4b, 0x4f, 0x54, 0x01, 0x4d, 0x51, 0x57, 0x01, 0x66, 0x6b, 0x71,
    0x01, 0x3a, 0x3d, 0x42, 0x01, 0x10, 0x13, 0x15, 0x01, 0x52, 0x56, 0x5c, 0x01, 0x5f, 0x63, 0x69,
    0x01, 0x47, 0x4b, 0x50, 0x01, 0x25, 0x28, 0x2b, 0x01, 0x1e, 0x21, 0x24, 0x01, 0x65, 0x6a, 0x70,
    0x01, 0x57, 0x5b, 0x61, 0x01, 0x4c, 0x50, 0x55, 0x01, 0x5d, 0x62, 0x68, 0x01, 0x72, 0x77, 0x7f,
    0x01, 0x31, 0x35, 0x39, 0x01, 0x16, 0x18, 0x1b, 0x01, 0x63, 0x68, 0x6e, 0x01, 0x29, 0x2c, 0x2f,
    0x02, 0x09, 0x0b, 0x0d, 0x01, 0x0f, 0x11, 0x13, 0x01, 0x52, 0x56, 0x5c, 0x01, 0x5f, 0x63, 0x69,
    0x01, 0x47, 0x4b, 0x50, 0x01, 0x25, 0x28, 0x2b, 0x01, 0x09, 0x0b, 0x0d, 0x01, 0x09, 0x0c, 0x0e,
    0x01, 0x16, 0x18, 0x1b, 0x01, 0x32, 0x35, 0x39, 0x01, 0x43, 0x47, 0x4c, 0x01, 0x41, 0x45, 0x49,
    0x01, 0x2a, 0x2d, 0x31, 0x01, 0x10, 0x13, 0x15, 0x02, 0x09, 0x0b, 0x0d, 0x01, 0x12, 0x15, 0x17,
    0x01, 0x32, 0x35, 0x39, 0x01, 0x43, 0x47, 0x4c, 0x01, 0x3b, 0x3f, 0x43, 0x01, 0x1b, 0x1e, 0x21,
    0x01, 0x0a, 0x0c, 0x0e, 0x01, 0x09, 0x0b, 0x0d, 0x01, 0x15, 0x17, 0x1a, 0x01, 0x38, 0x3b, 0x3f,
    0x01, 0x43, 0x47, 0x4c, 0x01, 0x2e, 0x31, 0x35, 0x01, 0x30, 0x34, 0x38, 0x01, 0x29, 0x2c, 0x30,
    0x01, 0x09, 0x0c, 0x0e, 0x01, 0x0f, 0x11, 0x13, 0x01, 0x35, 0x38, 0x3c, 0x01, 0x1b, 0x1d, 0x20,
    0x01, 0x09, 0x0b, 0x0d, 0x01, 0x14, 0x16, 0x19, 0x01, 0x36, 0x39, 0x3d, 0x01, 0x43, 0x47, 0x4c,
    0x01, 0x30, 0x33, 0x37, 0x01, 0x30, 0x34, 0x38, 0x01, 0x2a, 0x2d, 0x30, 0x01, 0x09, 0x0c, 0x0e,
    0x03, 0x09, 0x0b, 0x0d, 0x01, 0x0f, 0x12, 0x14, 0x01, 0x36, 0x3a, 0x3e, 0x01, 0x19, 0x1c, 0x1e,
    0x02, 0x09, 0x0b, 0x0d, 0x01, 0x28, 0x2b, 0x2e, 0x01, 0x2c, 0x2f, 0x33, 0x01, 0x0a, 0x0d, 0x0f,
    0x01, 0x09, 0x0b, 0x0d, 0x01, 0x12, 0x15, 0x17, 0x01, 0x32, 0x35, 0x39, 0x01, 0x43, 0x47, 0x4c,
    0x01, 0x3b, 0x3f, 0x43, 0x01, 0x1b, 0x1e, 0x21, 0x01, 0x0a, 0x0c, 0x0e, 0x01, 0x09, 0x0c, 0x0e,
    0x01, 0x1b, 0x1e, 0x21, 0x01, 0x3d, 0x41, 0x45, 0x01, 0x45, 0x49, 0x4e, 0x01, 0x25, 0x28, 0x2b,
    0x04, 0x09, 0x0b, 0x0d, 0x01, 0x13, 0x15, 0x18, 0x01, 0x30, 0x33, 0x37, 0x01, 0x41, 0x45, 0x4a,
    0x01, 0x42, 0x46, 0x4a, 0x01, 0x2c, 0x2f, 0x33, 0x01, 0x0f, 0x11, 0x13, 0x01, 0x09, 0x0c, 0x0e,
    0x01, 0x1b, 0x1e, 0x21, 0x01, 0x3d, 0x41, 0x45, 0x01, 0x45, 0x49, 0x4e, 0x01, 0x25, 0x28, 0x2b,
    0x01, 0x0b, 0x0d, 0x0f, 0x01, 0x23, 0x26, 0x29, 0x01, 0x41, 0x45, 0x49, 0x01, 0x40, 0x44, 0x48,
    0x01, 0x29, 0x2c, 0x2f, 0x01, 0x35, 0x39, 0x3d, 0x01, 0x1d, 0x20, 0x23, 0x01, 0x0f, 0x12, 0x14,
    0x01, 0x36, 0x3a, 0x3e, 0x01, 0x19, 0x1c, 0x1e, 0x02, 0x09, 0x0b, 0x0d, 0x01, 0x09, 0x0c, 0x0e,
    0x01, 0x1b, 0x1e, 0x21, 0x01, 0x3d, 0x41, 0x45, 0x01, 0x45, 0x49, 0x4e, 0x01, 0x25, 0x28, 0x2b,
    0x01, 0x0e, 0x11, 0x13, 0x01, 0x37, 0x3b, 0x3f, 0x02, 0x47, 0x4b, 0x50, 0x01, 0x41, 0x45, 0x4a,
    0x01, 0x2a, 0x2d, 0x31, 0x01, 0x0e, 0x11, 0x13, 0x0f, 0x09, 0x0b, 0x0d, 0x01, 0x0a, 0x0d, 0x0f,
    0x01, 0x14, 0x17, 0x19, 0x01, 0x0d, 0x10, 0x12, 0x0e, 0x09, 0x0b, 0x0d, 0x01, 0x0a, 0x0d, 0x0f,
    0x01, 0x14, 0x17, 0x19, 0x01, 0x0d, 0x10, 0x12, 0x05, 0x09, 0x0b, 0x0d, 0x01, 0x0a, 0x0d, 0x0f,
    0x01, 0x14, 0x17, 0x19, 0x01, 0x0d, 0x10, 0x12, 0x02, 0x09, 0x0b, 0x0d, 0x01, 0x0f, 0x12, 0x14,
    0x01, 0x36, 0x3a, 0x3e, 0x01, 0x19, 0x1c, 0x1e, 0x17, 0x09, 0x0b, 0x0d, 0x01, 0x0f, 0x11, 0x13,
    0x01, 0x35, 0x38, 0x3c, 0x01, 0x1b, 0x1d, 0x20, 0x1c, 0x09, 0x0b, 0x0d, 0x01, 0x13, 0x16, 0x18,
    0x01, 0x63, 0x68, 0x6e, 0x01, 0x60, 0x64, 0x6b, 0x01, 0x48, 0x4c, 0x51, 0x01, 0x53, 0x57, 0x5d,
    0x01, 0x6c, 0x71, 0x78, 0x01, 0x3b, 0x3e, 0x43, 0x01, 0x0b, 0x0d, 0x0f, 0x0e, 0x09, 0x0b, 0x0d,
    0x01, 0x14, 0x16, 0x19, 0x01, 0x56, 0x5b, 0x61, 0x01, 0x26, 0x29, 0x2d, 0x0e, 0x09, 0x0b, 0x0d,
    0x01, 0x14, 0x16, 0x19, 0x01, 0x56, 0x5b, 0x61, 0x01, 0x26, 0x29, 0x2d, 0x05, 0x09, 0x0b, 0x0d,
    0x01, 0x14, 0x16, 0x19, 0x01, 0x56, 0x5b, 0x61, 0x01, 0x26, 0x29, 0x2d, 0x02, 0x09, 0x0b, 0x0d,
    0x01, 0x16, 0x18, 0x1b, 0x01, 0x63, 0x68, 0x6e, 0x01, 0x29, 0x2c, 0x2f, 0x17, 0x09, 0x0b, 0x0d,
    0x01, 0x15, 0x17, 0x1a, 0x01, 0x61, 0x65, 0x6c, 0x01, 0x2c, 0x2f, 0x33, 0x1c, 0x09, 0x0b, 0x0d,
    0x01, 0x13, 0x16, 0x18, 0x01, 0x61, 0x65, 0x6c, 0x01, 0x3a, 0x3e, 0x42, 0x01, 0x09, 0x0c, 0x0e,
    0x01, 0x0f, 0x11, 0x13, 0x01, 0x4f, 0x53, 0x59, 0x01, 0x5e, 0x62, 0x68, 0x01, 0x11, 0x13, 0x15,
    0x01, 0x09, 0x0b, 0x0d, 0x01, 0x09, 0x0c, 0x0e, 0x01, 0x10, 0x12, 0x14, 0x01, 0x17, 0x1a, 0x1c,
    0x01, 0x16, 0x18, 0x1b, 0x01, 0x0d, 0x10, 0x12, 0x02, 0x09, 0x0b, 0x0d, 0x01, 0x0d, 0x10, 0x12,
    0x01, 0x16, 0x19, 0x1b, 0x01, 0x17, 0x1a, 0x1c, 0x01, 0x12, 0x14, 0x16, 0x01, 0x0a, 0x0d, 0x0f,
    0x01, 0x0a, 0x0c, 0x0e, 0x01, 0x1d, 0x20, 0x23, 0x01, 0x66, 0x6b, 0x71, 0x01, 0x36, 0x39, 0x3d,
    0x01, 0x18, 0x1b, 0x1d, 0x01, 0x10, 0x12, 0x14, 0x01, 0x0d, 0x0f, 0x11, 0x01, 0x14, 0x17, 0x19,
    0x01, 0x18, 0x1a, 0x1d, 0x01, 0x13, 0x16, 0x18, 0x01, 0x0a, 0x0d, 0x0f, 0x02, 0x09, 0x0b, 0x0d,
    0x01, 0x0a, 0x0d, 0x0f, 0x01, 0x14, 0x17, 0x19, 0x01, 0x0f, 0x11, 0x13, 0x01, 0x14, 0x16, 0x19,
    0x01, 0x17, 0x19, 0x1c, 0x01, 0x1f, 0x22, 0x25, 0x01, 0x66, 0x6b, 0x71, 0x01, 0x36, 0x39, 0x3d,
    0x01, 0x18, 0x1b, 0x1d, 0x01, 0x10, 0x12, 0x14, 0x02, 0x09, 0x0b, 0x0d, 0x01, 0x0a, 0x0c, 0x0e,
    0x01, 0x1d, 0x20, 0x23, 0x01, 0x66, 0x6b, 0x71, 0x01, 0x36, 0x39, 0x3d, 0x01, 0x18, 0x1b, 0x1d,
    0x01, 0x10, 0x12, 0x14, 0x01, 0x16, 0x18, 0x1b, 0x01, 0x63, 0x68, 0x6e, 0x01, 0x2b, 0x2e, 0x31,
    0x01, 0x14, 0x16, 0x19, 0x01, 0x17, 0x1a, 0x1c, 0x01, 0x10, 0x12, 0x14, 0x01, 0x09, 0x0c, 0x0e,
    0x01, 0x09, 0x0b, 0x0d, 0x01, 0x09, 0x0c, 0x0e, 0x01, 0x10, 0x12, 0x14, 0x01, 0x17, 0x1a, 0x1c,
    0x01, 0x16, 0x18, 0x1b, 0x01, 0x0d, 0x10, 0x12, 0x06, 0x09, 0x0b, 0x0d, 0x01, 0x0a, 0x0d, 0x0f,
    0x01, 0x14, 0x17, 0x19, 0x01, 0x0f, 0x12, 0x14, 0x01, 0x14, 0x17, 0x19, 0x01, 0x17, 0x19, 0x1c,
    0x01, 0x0f, 0x11, 0x13, 0x01, 0x09, 0x0c, 0x0e, 0x01, 0x15, 0x17, 0x1a, 0x01, 0x61, 0x65, 0x6c,
    0x01, 0x2c, 0x2f, 0x33, 0x02, 0x09, 0x0b, 0x0d, 0x01, 0x0d, 0x0f, 0x11, 0x01, 0x14, 0x17, 0x19,
    0x01, 0x18, 0x1a, 0x1d, 0x01, 0x13, 0x16, 0x18, 0x01, 0x0a, 0x0d, 0x0f, 0x01, 0x09, 0x0b, 0x0d,
    0x01, 0x11, 0x14, 0x16, 0x01, 0x12, 0x14, 0x16, 0x01, 0x09, 0x0c, 0x0e, 0x02, 0x09, 0x0b, 0x0d,
    0x01, 0x11, 0x13, 0x15, 0x01, 0x12, 0x15, 0x17, 0x02, 0x09, 0x0c, 0x0e, 0x01, 0x10, 0x12, 0x14,
    0x01, 0x17, 0x1a, 0x1c, 0x01, 0x16, 0x18, 0x1b, 0x01, 0x0d, 0x10, 0x12, 0x01, 0x09, 0x0b, 0x0d,
    0x01, 0x0a, 0x0d, 0x0f, 0x01, 0x14, 0x17, 0x19, 0x01, 0x0f, 0x11, 0x13, 0x01, 0x14, 0x16, 0x19,
    0x01, 0x16, 0x18, 0x1b, 0x01, 0x0b, 0x0d, 0x0f, 0x01, 0x13, 0x16, 0x18, 0x01, 0x61, 0x65, 0x6c,
    0x01, 0x3a, 0x3e, 0x42, 0x01, 0x09, 0x0c, 0x0e, 0x01, 0x0f, 0x11, 0x13, 0x01, 0x4f, 0x53, 0x59,
    0x01, 0x5b, 0x60, 0x66, 0x01, 0x10, 0x13, 0x15, 0x01, 0x0a, 0x0c, 0x0e, 0x01, 0x25, 0x28, 0x2b,
    0x01, 0x54, 0x59, 0x5e, 0x01, 0x63, 0x68, 0x6f, 0x01, 0x62, 0x67, 0x6d, 0x01, 0x48, 0x4c, 0x51,
    0x01, 0x14, 0x17, 0x19, 0x01, 0x13, 0x15, 0x18, 0x01, 0x48, 0x4c, 0x51, 0x01, 0x63, 0x68, 0x6e,
    0x01, 0x63, 0x68, 0x6f, 0x01, 0x55, 0x5a, 0x60, 0x01, 0x22, 0x25, 0x28, 0x01, 0x0e, 0x10, 0x12,
    0x01, 0x47, 0x4b, 0x50, 0x01, 0x7c, 0x82, 0x8a, 0x01, 0x6f, 0x74, 0x7b, 0x01, 0x64, 0x69, 0x70,
    0x01, 0x35, 0x39, 0x3d, 0x01, 0x3d, 0x41, 0x45, 0x01, 0x5d, 0x62, 0x68, 0x01, 0x64, 0x69, 0x70,
    0x01, 0x5e, 0x63, 0x69, 0x01, 0x32, 0x36, 0x3a, 0x01, 0x0b, 0x0e, 0x10, 0x01, 0x09, 0x0b, 0x0d,
    0x01, 0x14, 0x17, 0x19, 0x01, 0x5a, 0x5f, 0x65, 0x01, 0x4f, 0x53, 0x59, 0x01, 0x5c, 0x60, 0x66,
    0x01, 0x57, 0x5b, 0x61, 0x01, 0x4c, 0x51, 0x56, 0x01, 0x7c, 0x82, 0x8a, 0x01, 0x6f, 0x74, 0x7b,
    0x01, 0x64, 0x69, 0x70, 0x01, 0x32, 0x36, 0x3a, 0x02, 0x09, 0x0b, 0x0d, 0x01, 0x0e, 0x10, 0x12,
    0x01, 0x47, 0x4b, 0x50, 0x01, 0x7c, 0x82, 0x8a, 0x01, 0x6f, 0x74, 0x7b, 0x01, 0x64, 0x69, 0x70,
    0x01, 0x32, 0x36, 0x3a, 0x01, 0x16, 0x18, 0x1b, 0x01, 0x65, 0x6a, 0x71, 0x01, 0x51, 0x56, 0x5b,
    0x01, 0x5c, 0x60, 0x66, 0x01, 0x66, 0x6b, 0x71, 0x01, 0x52, 0x57, 0x5c, 0x01, 0x19, 0x1b, 0x1e,
    0x01, 0x0a, 0x0c, 0x0e, 0x01, 0x25, 0x28, 0x2b, 0x01, 0x54, 0x59, 0x5e, 0x01, 0x63, 0x68, 0x6f,
    0x01, 0x62, 0x67, 0x6d, 0x01, 0x48, 0x4c, 0x51, 0x01, 0x14, 0x17, 0x19, 0x05, 0x09, 0x0b, 0x0d,
    0x01, 0x14, 0x17, 0x19, 0x01, 0x5a, 0x5f, 0x65, 0x01, 0x50, 0x54, 0x5a, 0x01, 0x5d, 0x62, 0x68,
    0x01, 0x65, 0x6a, 0x70, 0x01, 0x50, 0x55, 0x5a, 0x01, 0x1a, 0x1c, 0x1f, 0x01, 0x15, 0x17, 0x1a,
    0x01, 0x61, 0x65, 0x6c, 0x01, 0x2c, 0x2f, 0x33, 0x01, 0x09, 0x0b, 0x0d, 0x01, 0x0e, 0x10, 0x12,
    0x01, 0x3d, 0x41, 0x45, 0x01, 0x5d, 0x62, 0x68, 0x01, 0x64, 0x69, 0x70, 0x01, 0x5e, 0x63, 0x69,
    0x01, 0x32, 0x36, 0x3a, 0x01, 0x0b, 0x0e, 0x11, 0x01, 0x36, 0x3a, 0x3e, 0x01, 0x50, 0x54, 0x59,
    0x01, 0x10, 0x12, 0x14, 0x01, 0x09, 0x0b, 0x0d, 0x01, 0x0d, 0x10, 0x12, 0x01, 0x49, 0x4d, 0x52,
    0x01, 0x3e, 0x42, 0x47, 0x01, 0x0b, 0x0e, 0x10, 0x01, 0x25, 0x28, 0x2b, 0x01, 0x54, 0x59, 0x5e,
    0x01, 0x63, 0x68, 0x6f, 0x01, 0x62, 0x67, 0x6d, 0x01, 0x48, 0x4c, 0x51, 0x02, 0x14, 0x17, 0x19,
    0x01, 0x5a, 0x5f, 0x65, 0x01, 0x4f, 0x53, 0x59, 0x01, 0x5c, 0x60, 0x66, 0x01, 0x55, 0x59, 0x5f,
    0x02, 0x13, 0x16, 0x18, 0x01, 0x63, 0x68, 0x6e, 0x01, 0x60, 0x64, 0x6b, 0x01, 0x48, 0x4c, 0x51,
    0x01, 0x54, 0x59, 0x5e, 0x01, 0x69, 0x6e, 0x75, 0x01, 0x31, 0x35, 0x39, 0x01, 0x0a, 0x0c, 0x0e,
    0x01, 0x17, 0x1a, 0x1c, 0x01, 0x5d, 0x62, 0x68, 0x01, 0x44, 0x48, 0x4d, 0x01, 0x20, 0x23, 0x26,
    0x01, 0x27, 0x2a, 0x2e, 0x01, 0x5d, 0x61, 0x67, 0x01, 0x3e, 0x42, 0x47, 0x01, 0x2d, 0x31, 0x34,
    0x01, 0x66, 0x6b, 0x72, 0x01, 0x2c, 0x2f, 0x33, 0x01, 0x1d, 0x20, 0x23, 0x01, 0x29, 0x2c, 0x30,
    0x01, 0x1b, 0x1e, 0x21, 0x01, 0x0a, 0x0c, 0x0e, 0x01, 0x1d, 0x20, 0x23, 0x01, 0x66, 0x6b, 0x71,
    0x01, 0x36, 0x39, 0x3d, 0x01, 0x18, 0x1b, 0x1d, 0x01, 0x14, 0x16, 0x18, 0x01, 0x2a, 0x2d, 0x30,
    0x01, 0x23, 0x26, 0x29, 0x01, 0x1d, 0x20, 0x23, 0x01, 0x3b, 0x3f, 0x43, 0x01, 0x63, 0x68, 0x6f,
    0x01, 0x1c, 0x1f, 0x21, 0x01, 0x09, 0x0b, 0x0d, 0x01, 0x16, 0x18, 0x1b, 0x01, 0x6b, 0x70, 0x77,
    0x01, 0x5c, 0x61, 0x67, 0x01, 0x25, 0x28, 0x2b, 0x01, 0x17, 0x1a, 0x1c, 0x01, 0x1f, 0x22, 0x25,
    0x01, 0x66, 0x6b, 0x71, 0x01, 0x36, 0x39, 0x3d, 0x01, 0x18, 0x1b, 0x1d, 0x01, 0x10, 0x12, 0x14,
    0x02, 0x09, 0x0b, 0x0d, 0x01, 0x0a, 0x0c, 0x0e, 0x01, 0x1d, 0x20, 0x23, 0x01, 0x66, 0x6b, 0x71,
    0x01, 0x36, 0x39, 0x3d, 0x01, 0x18, 0x1b, 0x1d, 0x01, 0x10, 0x12, 0x14, 0x01, 0x16, 0x18, 0x1b,
    0x01, 0x6b, 0x70, 0x77, 0x01, 0x5a, 0x5f, 0x65, 0x01, 0x26, 0x29, 0x2c, 0x01, 0x27, 0x2a, 0x2e,
    0x01, 0x63, 0x68, 0x6e, 0x01, 0x3e, 0x41, 0x46, 0x01, 0x17, 0x1a, 0x1d, 0x01, 0x5d, 0x62, 0x68,
    0x01, 0x44, 0x48, 0x4d, 0x01, 0x20, 0x23, 0x26, 0x01, 0x27, 0x2a, 0x2e, 0x01, 0x5d, 0x61, 0x67,
    0x01, 0x3e, 0x42, 0x47, 0x01, 0x0a, 0x0d, 0x0f, 0x04, 0x09, 0x0b, 0x0d, 0x01, 0x16, 0x18, 0x1b,
    0x01, 0x6c, 0x71, 0x78, 0x01, 0x5f, 0x64, 0x6a, 0x01, 0x26, 0x29, 0x2c, 0x01, 0x25, 0x28, 0x2b,
    0x01, 0x5e, 0x63, 0x69, 0x01, 0x4a, 0x4e, 0x53, 0x01, 0x18, 0x1b, 0x1d, 0x01, 0x61, 0x65, 0x6c,
    0x01, 0x2c, 0x2f, 0x33, 0x01, 0x09, 0x0b, 0x0d, 0x01, 0x0d, 0x10, 0x12, 0x01, 0x2a, 0x2d, 0x30,
    0x01, 0x23, 0x26, 0x29, 0x01, 0x1d, 0x20, 0x23, 0x01, 0x3b, 0x3f, 0x43, 0x01, 0x63, 0x68, 0x6f,
    0x01, 0x1c, 0x1f, 0x21, 0x01, 0x1e, 0x21, 0x24, 0x01, 0x63, 0x68, 0x6f, 0x01, 0x24, 0x27, 0x2a,
    0x01, 0x09, 0x0b, 0x0d, 0x01, 0x1d, 0x20, 0x23, 0x01, 0x64, 0x69, 0x6f, 0x01, 0x26, 0x29, 0x2d,
    0x01, 0x17, 0x1a, 0x1c, 0x01, 0x5d, 0x62, 0x68, 0x01, 0x44, 0x48, 0x4d, 0x01, 0x20, 0x23, 0x26,
    0x01, 0x27, 0x2a, 0x2e, 0x01, 0x5d, 0x61, 0x67, 0x01, 0x3e, 0x42, 0x47, 0x01, 0x17, 0x1a, 0x1c,
    0x01, 0x6b, 0x70, 0x77, 0x01, 0x5c, 0x61, 0x67, 0x01, 0x25, 0x28, 0x2b, 0x01, 0x16, 0x19, 0x1b,
    0x01, 0x0b, 0x0d, 0x0f, 0x01, 0x13, 0x16, 0x18, 0x01, 0x63, 0x68, 0x6e, 0x01, 0x60, 0x64, 0x6b,
    0x01, 0x49, 0x4d, 0x52, 0x01, 0x5d, 0x62, 0x68, 0x01, 0x64, 0x69, 0x70, 0x01, 0x1e, 0x21, 0x24,
    0x01, 0x09, 0x0b, 0x0d, 0x01, 0x2e, 0x31, 0x35, 0x01, 0x72, 0x77, 0x7e, 0x01, 0x4f, 0x53, 0x59,
    0x02, 0x47, 0x4b, 0x50, 0x01, 0x63, 0x68, 0x6e, 0x01, 0x58, 0x5c, 0x62, 0x01, 0x29, 0x2d, 0x30,
    0x01, 0x63, 0x68, 0x6e, 0x01, 0x3e, 0x42, 0x47, 0x01, 0x23, 0x26, 0x29, 0x01, 0x13, 0x16, 0x18,
    0x01, 0x0a, 0x0c, 0x0e, 0x01, 0x09, 0x0b, 0x0d, 0x01, 0x15, 0x18, 0x1a, 0x01, 0x62, 0x66, 0x6d,
    0x01, 0x2b, 0x2e, 0x31, 0x01, 0x09, 0x0b, 0x0d, 0x01, 0x0a, 0x0c, 0x0e, 0x01, 0x1c, 0x1f, 0x22,
    0x01, 0x3a, 0x3e, 0x42, 0x01, 0x46, 0x4a, 0x4f, 0x01, 0x4e, 0x52, 0x57, 0x01, 0x6f, 0x74, 0x7b,
    0x01, 0x2d, 0x30, 0x34, 0x01, 0x09, 0x0b, 0x0d, 0x01, 0x16, 0x18, 0x1b, 0x01, 0x66, 0x6b, 0x71,
    0x01, 0x33, 0x36, 0x3a, 0x01, 0x09, 0x0c, 0x0e, 0x01, 0x09, 0x0b, 0x0d, 0x01, 0x15, 0x18, 0x1a,
    0x01, 0x62, 0x66, 0x6d, 0x01, 0x2b, 0x2e, 0x31, 0x05, 0x09, 0x0b, 0x0d, 0x01, 0x15, 0x18, 0x1a,
    0x01, 0x62, 0x66, 0x6d, 0x01, 0x2b, 0x2e, 0x31, 0x02, 0x09, 0x0b, 0x0d, 0x01, 0x16, 0x18, 0x1b,
    0x01, 0x65, 0x6a, 0x71, 0x01, 0x30, 0x34, 0x38, 0x01, 0x09, 0x0b, 0x0d, 0x01, 0x0a, 0x0d, 0x0f,
    0x01, 0x4a, 0x4e, 0x53, 0x01, 0x4d, 0x51, 0x57, 0x01, 0x2f, 0x33, 0x36, 0x01, 0x72, 0x77, 0x7e,
    0x01, 0x4f, 0x53, 0x59, 0x02, 0x47, 0x4b, 0x50, 0x01, 0x63, 0x68, 0x6e, 0x01, 0x58, 0x5c, 0x62,
    0x01, 0x0f, 0x12, 0x14, 0x04, 0x09, 0x0b, 0x0d, 0x01, 0x16, 0x18, 0x1b, 0x01, 0x67, 0x6c, 0x72,
    0x01, 0x35, 0x39, 0x3d, 0x02, 0x09, 0x0c, 0x0e, 0x01, 0x34, 0x38, 0x3c, 0x01, 0x63, 0x68, 0x6e,
    0x01, 0x20, 0x22, 0x25, 0x01, 0x61, 0x65, 0x6c, 0x01, 0x2c, 0x2f, 0x33, 0x01, 0x09, 0x0b, 0x0d,
    0x01, 0x0a, 0x0c, 0x0e, 0x01, 0x1c, 0x1f, 0x22, 0x01, 0x3a, 0x3e, 0x42, 0x01, 0x46, 0x4a, 0x4f,
    0x01, 0x4e, 0x52, 0x57, 0x01, 0x6f, 0x74, 0x7b, 0x01, 0x2d, 0x30, 0x34, 0x01, 0x0d, 0x10, 0x12,
    0x01, 0x4e, 0x52, 0x58, 0x01, 0x47, 0x4b, 0x50, 0x01, 0x0d, 0x0f, 0x11, 0x01, 0x3e, 0x42, 0x46,
    0x01, 0x57, 0x5b, 0x61, 0x01, 0x10, 0x13, 0x15, 0x01, 0x2e, 0x31, 0x35, 0x01, 0x72, 0x77, 0x7e,
    0x01, 0x4f, 0x53, 0x59, 0x02, 0x47, 0x4b, 0x50, 0x01, 0x63, 0x68, 0x6e, 0x01, 0x58, 0x5c, 0x62,
    0x01, 0x1b, 0x1e, 0x21, 0x01, 0x66, 0x6b, 0x71, 0x01, 0x33, 0x36, 0x3a, 0x01, 0x09, 0x0c, 0x0e,
    0x02, 0x09, 0x0b, 0x0d, 0x01, 0x13, 0x16, 0x18, 0x01, 0x61, 0x65, 0x6c, 0x01, 0x3a, 0x3e, 0x42,
    0x01, 0x09, 0x0c, 0x0e, 0x01, 0x15, 0x18, 0x1a, 0x01, 0x58, 0x5d, 0x63, 0x01, 0x4c, 0x50, 0x56,
    0x01, 0x0d, 0x10, 0x12, 0x01, 0x34, 0x38, 0x3c, 0x01, 0x71, 0x76, 0x7d, 0x01, 0x4d, 0x51, 0x56,
    0x03, 0x47, 0x4b, 0x50, 0x01, 0x33, 0x37, 0x3b, 0x01, 0x10, 0x12, 0x15, 0x01, 0x2c, 0x2f, 0x33,
    0x01, 0x4a, 0x4e, 0x53, 0x01, 0x58, 0x5c, 0x62, 0x01, 0x5a, 0x5e, 0x64, 0x01, 0x26, 0x29, 0x2d,
    0x01, 0x09, 0x0c, 0x0e, 0x01, 0x15, 0x18, 0x1a, 0x01, 0x62, 0x66, 0x6d, 0x01, 0x2b, 0x2e, 0x31,
    0x01, 0x09, 0x0b, 0x0d, 0x01, 0x1b, 0x1e, 0x20, 0x01, 0x60, 0x64, 0x6b, 0x01, 0x58, 0x5d, 0x63,
    0x01, 0x4a, 0x4e, 0x53, 0x01, 0x4d, 0x51, 0x56, 0x01, 0x6f, 0x74, 0x7b, 0x01, 0x31, 0x35, 0x39,
    0x01, 0x09, 0x0b, 0x0d, 0x01, 0x16, 0x18, 0x1b, 0x01, 0x63, 0x68, 0x6e, 0x01, 0x29, 0x2c, 0x30,
    0x02, 0x09, 0x0b, 0x0d, 0x01, 0x15, 0x18, 0x1a, 0x01, 0x62, 0x66, 0x6d, 0x01, 0x2b, 0x2e, 0x31,
    0x05, 0x09, 0x0b, 0x0d, 0x01, 0x15, 0x18, 0x1a, 0x01, 0x62, 0x66, 0x6d, 0x01, 0x2b, 0x2e, 0x31,
    0x02, 0x09, 0x0b, 0x0d, 0x01, 0x16, 0x18, 0x1b, 0x01, 0x63, 0x68, 0x6e, 0x01, 0x29, 0x2c, 0x2f,
    0x02, 0x09, 0x0b, 0x0d, 0x01, 0x46, 0x4a, 0x4f, 0x01, 0x4f, 0x53, 0x59, 0x01, 0x36, 0x3a, 0x3e,
    0x01, 0x71, 0x76, 0x7d, 0x01, 0x4d, 0x51, 0x56, 0x03, 0x47, 0x4b, 0x50, 0x01, 0x33, 0x37, 0x3b,
    0x01, 0x0d, 0x0f, 0x11, 0x04, 0x09, 0x0b, 0x0d, 0x01, 0x16, 0x18, 0x1b, 0x01, 0x65, 0x6a, 0x70,
    0x01, 0x2e, 0x31, 0x35, 0x02, 0x09, 0x0b, 0x0d, 0x01, 0x2d, 0x30, 0x34, 0x01, 0x66, 0x6b, 0x71,
    0x01, 0x20, 0x24, 0x26, 0x01, 0x61, 0x65, 0x6c, 0x01, 0x2c, 0x2f, 0x33, 0x01, 0x09, 0x0b, 0x0d,
    0x01, 0x1b, 0x1e, 0x20, 0x01, 0x60, 0x64, 0x6b, 0x01, 0x58, 0x5d, 0x63, 0x01, 0x4a, 0x4e, 0x53,
    0x01, 0x4d, 0x51, 0x56, 0x01, 0x6f, 0x74, 0x7b, 0x01, 0x31, 0x35, 0x39, 0x01, 0x09, 0x0b, 0x0d,
    0x01, 0x2b, 0x2e, 0x32, 0x01, 0x60, 0x65, 0x6b, 0x01, 0x23, 0x26, 0x29, 0x01, 0x5c, 0x61, 0x67,
    0x01, 0x35, 0x39, 0x3d, 0x01, 0x09, 0x0c, 0x0e, 0x01, 0x34, 0x38, 0x3c, 0x01, 0x71, 0x76, 0x7d,
    0x01, 0x4d, 0x51, 0x56, 0x03, 0x47, 0x4b, 0x50, 0x01, 0x33, 0x37, 0x3b, 0x01, 0x19, 0x1c, 0x1e,
    0x01, 0x63, 0x68, 0x6e, 0x01, 0x29, 0x2c, 0x30, 0x03, 0x09, 0x0b, 0x0d, 0x01, 0x13, 0x16, 0x18,
    0x01, 0x61, 0x65, 0x6c, 0x01, 0x3a, 0x3e, 0x42, 0x01, 0x09, 0x0b, 0x0d, 0x01, 0x09, 0x0c, 0x0e,
    0x01, 0x2c, 0x30, 0x33, 0x01, 0x69, 0x6e, 0x75, 0x01, 0x22, 0x25, 0x28, 0x01, 0x24, 0x27, 0x2a,
    0x01, 0x68, 0x6d, 0x73, 0x01, 0x2b, 0x2e, 0x31, 0x01, 0x0c, 0x0e, 0x10, 0x01, 0x0a, 0x0d, 0x0f,
    0x01, 0x0f, 0x12, 0x14, 0x01, 0x0f, 0x11, 0x13, 0x01, 0x0e, 0x10, 0x12, 0x01, 0x10, 0x12, 0x14,
    0x01, 0x0e, 0x10, 0x12, 0x01, 0x17, 0x19, 0x1c, 0x01, 0x54, 0x59, 0x5e, 0x01, 0x4e, 0x52, 0x57,
    0x01, 0x0c, 0x0e, 0x10, 0x01, 0x14, 0x17, 0x19, 0x01, 0x61, 0x65, 0x6c, 0x01, 0x2f, 0x32, 0x36,
    0x01, 0x09, 0x0c, 0x0e, 0x01, 0x2e, 0x31, 0x35, 0x01, 0x65, 0x6a, 0x71, 0x01, 0x1e, 0x21, 0x24,
    0x01, 0x0c, 0x0f, 0x11, 0x01, 0x25, 0x28, 0x2b, 0x01, 0x6c, 0x71, 0x78, 0x01, 0x31, 0x35, 0x39,
    0x01, 0x09, 0x0b, 0x0d, 0x01, 0x16, 0x18, 0x1b, 0x01, 0x63, 0x68, 0x6e, 0x01, 0x29, 0x2c, 0x2f,
    0x02, 0x09, 0x0b, 0x0d, 0x01, 0x14, 0x17, 0x19, 0x01, 0x61, 0x65, 0x6c, 0x01, 0x2f, 0x32, 0x36,
    0x01, 0x09, 0x0c, 0x0e, 0x04, 0x09, 0x0b, 0x0d, 0x01, 0x14, 0x17, 0x19, 0x01, 0x61, 0x65, 0x6c,
    0x01, 0x2f, 0x32, 0x36, 0x01, 0x09, 0x0c, 0x0e, 0x01, 0x09, 0x0b, 0x0d, 0x01, 0x16, 0x18, 0x1b,
    0x01, 0x63, 0x68, 0x6e, 0x01, 0x29, 0x2c, 0x2f, 0x02, 0x09, 0x0b, 0x0d, 0x01, 0x46, 0x4a, 0x4f,
    0x01, 0x4f, 0x53, 0x59, 0x01, 0x27, 0x29, 0x2d, 0x01, 0x68, 0x6d, 0x73, 0x01, 0x2b, 0x2e, 0x31,
    0x01, 0x0c, 0x0e, 0x10, 0x01, 0x0a, 0x0d, 0x0f, 0x01, 0x0f, 0x12, 0x14, 0x01, 0x0f, 0x11, 0x13,
    0x05, 0x09, 0x0b, 0x0d, 0x01, 0x16, 0x18, 0x1b, 0x01, 0x6a, 0x6f, 0x76, 0x01, 0x47, 0x4b, 0x50,
    0x02, 0x0e, 0x10, 0x12, 0x01, 0x46, 0x4a, 0x4f, 0x01, 0x5b, 0x60, 0x66, 0x01, 0x1c, 0x1f, 0x22,
    0x01, 0x61, 0x65, 0x6c, 0x01, 0x2c, 0x2f, 0x33, 0x01, 0x09, 0x0b, 0x0d, 0x01, 0x2e, 0x31, 0x35,
    0x01, 0x65, 0x6a, 0x71, 0x01, 0x1e, 0x21, 0x24, 0x01, 0x0c, 0x0f, 0x11, 0x01, 0x25, 0x28, 0x2b,
    0x01, 0x6c, 0x71, 0x78, 0x01, 0x31, 0x35, 0x39, 0x01, 0x09, 0x0b, 0x0d, 0x01, 0x12, 0x15, 0x17,
    0x01, 0x59, 0x5e, 0x64, 0x01, 0x58, 0x5d, 0x63, 0x01, 0x60, 0x65, 0x6b, 0x01, 0x18, 0x1a, 0x1d,
    0x01, 0x09, 0x0b, 0x0d, 0x01, 0x24, 0x27, 0x2a, 0x01, 0x68, 0x6d, 0x73, 0x01, 0x2b, 0x2e, 0x31,
    0x01, 0x0c, 0x0e, 0x10, 0x01, 0x0a, 0x0d, 0x0f, 0x01, 0x0f, 0x12, 0x14, 0x01, 0x0f, 0x11, 0x13,
    0x01, 0x16, 0x18, 0x1b, 0x01, 0x63, 0x68, 0x6e, 0x01, 0x29, 0x2c, 0x2f, 0x03, 0x09, 0x0b, 0x0d,
    0x01, 0x13, 0x16, 0x18, 0x01, 0x61, 0x65, 0x6c, 0x01, 0x3a, 0x3e, 0x42, 0x02, 0x09, 0x0b, 0x0d,
    0x01, 0x12, 0x14, 0x16, 0x01, 0x5b, 0x5f, 0x65, 0x01, 0x49, 0x4d, 0x52, 0x01, 0x11, 0x13, 0x16,
    0x01, 0x45, 0x49, 0x4e, 0x01, 0x64, 0x69, 0x6f, 0x01, 0x4e, 0x52, 0x58, 0x01, 0x4a, 0x4e, 0x53,
    0x01, 0x53, 0x58, 0x5d, 0x01, 0x33, 0x37, 0x3b, 0x01, 0x2b, 0x2e, 0x31, 0x01, 0x52, 0x57, 0x5c,
    0x01, 0x4b, 0x4f, 0x54, 0x01, 0x4d, 0x51, 0x57, 0x01, 0x66, 0x6b, 0x71, 0x01, 0x3a, 0x3d, 0x42,
    0x01, 0x0a, 0x0d, 0x0f, 0x01, 0x0f, 0x11, 0x13, 0x01, 0x52, 0x56, 0x5c, 0x01, 0x5f, 0x63, 0x69,
    0x01, 0x47, 0x4b, 0x50, 0x01, 0x36, 0x39, 0x3d, 0x01, 0x65, 0x6a, 0x70, 0x01, 0x57, 0x5b, 0x61,
    0x01, 0x4c, 0x50, 0x55, 0x01, 0x5d, 0x62, 0x68, 0x01, 0x72, 0x77, 0x7f, 0x01, 0x31, 0x35, 0x39,
    0x01, 0x09, 0x0b, 0x0d, 0x01, 0x16, 0x18, 0x1b, 0x01, 0x63, 0x68, 0x6e, 0x01, 0x29, 0x2c, 0x2f,
    0x02, 0x09, 0x0b, 0x0d, 0x01, 0x0f, 0x11, 0x13, 0x01, 0x52, 0x56, 0x5c, 0x01, 0x5f, 0x63, 0x69,
    0x01, 0x47, 0x4b, 0x50, 0x01, 0x25, 0x28, 0x2b, 0x03, 0x09, 0x0b, 0x0d, 0x01, 0x0f, 0x11, 0x13,
    0x01, 0x52, 0x56, 0x5c, 0x01, 0x5f, 0x63, 0x69, 0x01, 0x47, 0x4b, 0x50, 0x01, 0x25, 0x28, 0x2b,
    0x01, 0x16, 0x18, 0x1b, 0x01, 0x63, 0x68, 0x6e, 0x01, 0x29, 0x2c, 0x2f, 0x02, 0x09, 0x0b, 0x0d,
    0x01, 0x46, 0x4a, 0x4f, 0x01, 0x4f, 0x53, 0x59, 0x01, 0x11, 0x13, 0x16, 0x01, 0x45, 0x49, 0x4e,
    0x01, 0x64, 0x69, 0x6f, 0x01, 0x4e, 0x52, 0x58, 0x01, 0x4a, 0x4e, 0x53, 0x01, 0x53, 0x58, 0x5d,
    0x01, 0x33, 0x37, 0x3b, 0x05, 0x09, 0x0b, 0x0d, 0x01, 0x16, 0x18, 0x1b, 0x01, 0x69, 0x6e, 0x75,
    0x01, 0x67, 0x6c, 0x73, 0x01, 0x4f, 0x53, 0x59, 0x01, 0x51, 0x56, 0x5b, 0x01, 0x68, 0x6d, 0x73,
    0x01, 0x32, 0x35, 0x39, 0x01, 0x16, 0x18, 0x1b, 0x01, 0x61, 0x65, 0x6c, 0x01, 0x2c, 0x2f, 0x33,
    0x01, 0x09, 0x0b, 0x0d, 0x01, 0x1e, 0x21, 0x24, 0x01, 0x65, 0x6a, 0x70, 0x01, 0x57, 0x5b, 0x61,
    0x01, 0x4c, 0x50, 0x55, 0x01, 0x5d, 0x62, 0x68, 0x01, 0x72, 0x77, 0x7f, 0x01, 0x31, 0x35, 0x39,
    0x01, 0x09, 0x0b, 0x0d, 0x01, 0x0a, 0x0c, 0x0e, 0x01, 0x39, 0x3d, 0x41, 0x01, 0x7a, 0x7f, 0x87,
    0x01, 0x45, 0x49, 0x4e, 0x01, 0x0b, 0x0e, 0x10, 0x01, 0x09, 0x0b, 0x0d, 0x01, 0x0e, 0x11, 0x13,
    0x01, 0x45, 0x49, 0x4e, 0x01, 0x64, 0x69, 0x6f, 0x01, 0x4e, 0x52, 0x58, 0x01, 0x4a, 0x4e, 0x53,
    0x01, 0x53, 0x58, 0x5d, 0x01, 0x33, 0x37, 0x3b, 0x01, 0x16, 0x18, 0x1b, 0x01, 0x63, 0x68, 0x6e,
    0x01, 0x29, 0x2c, 0x2f, 0x03, 0x09, 0x0b, 0x0d, 0x01, 0x0e, 0x11, 0x13, 0x01, 0x35, 0x38, 0x3c,
    0x01, 0x22, 0x25, 0x28, 0x02, 0x09, 0x0b, 0x0d, 0x01, 0x09, 0x0c, 0x0e, 0x01, 0x26, 0x29, 0x2d,
    0x01, 0x36, 0x39, 0x3d, 0x01, 0x0e, 0x10, 0x12, 0x01, 0x0f, 0x12, 0x14, 0x01, 0x2b, 0x2e, 0x31,
    0x01, 0x41, 0x45, 0x4a, 0x01, 0x42, 0x46, 0x4b, 0x01, 0x34, 0x37, 0x3b, 0x01, 0x16, 0x19, 0x1b,
    0x01, 0x13, 0x15, 0x18, 0x01, 0x30, 0x33, 0x37, 0x01, 0x41, 0x45, 0x4a, 0x01, 0x42, 0x46, 0x4a,
    0x01, 0x2c, 0x2f, 0x33, 0x01, 0x0f, 0x11, 0x13, 0x01, 0x09, 0x0b, 0x0d, 0x01, 0x09, 0x0c, 0x0e,
    0x01, 0x1b, 0x1e, 0x21, 0x01, 0x3d, 0x41, 0x45, 0x01, 0x45, 0x49, 0x4e, 0x01, 0x27, 0x2a, 0x2d,
    0x01, 0x23, 0x26, 0x29, 0x01, 0x41, 0x45, 0x49, 0x01, 0x40, 0x44, 0x48, 0x01, 0x29, 0x2c, 0x2f,
    0x01, 0x35, 0x39, 0x3d, 0x01, 0x1d, 0x20, 0x23, 0x01, 0x09, 0x0b, 0x0d, 0x01, 0x0f, 0x12, 0x14,
    0x01, 0x36, 0x3a, 0x3e, 0x01, 0x19, 0x1c, 0x1e, 0x02, 0x09, 0x0b, 0x0d, 0x01, 0x09, 0x0c, 0x0e,
    0x01, 0x1b, 0x1e, 0x21, 0x01, 0x3d, 0x41, 0x45, 0x01, 0x45, 0x49, 0x4e, 0x01, 0x25, 0x28, 0x2b,
    0x03, 0x09, 0x0b, 0x0d, 0x01, 0x09, 0x0c, 0x0e, 0x01, 0x1b, 0x1e, 0x21, 0x01, 0x3d, 0x41, 0x45,
    0x01, 0x45, 0x49, 0x4e, 0x01, 0x25, 0x28, 0x2b, 0x01, 0x0f, 0x12, 0x14, 0x01, 0x36, 0x3a, 0x3e,
    0x01, 0x19, 0x1c, 0x1e, 0x02, 0x09, 0x0b, 0x0d, 0x01, 0x28, 0x2b, 0x2e, 0x01, 0x2c, 0x2f, 0x33,
    0x01, 0x0a, 0x0d, 0x0f, 0x01, 0x0f, 0x12, 0x14, 0x01, 0x2b, 0x2e, 0x31, 0x01, 0x41, 0x45, 0x4a,
    0x01, 0x42, 0x46, 0x4b, 0x01, 0x34, 0x37, 0x3b, 0x01, 0x16, 0x19, 0x1b, 0x05, 0x09, 0x0b, 0x0d,
    0x01, 0x16, 0x18, 0x1b, 0x01, 0x63, 0x68, 0x6f, 0x01, 0x38, 0x3c, 0x40, 0x01, 0x3b, 0x3e, 0x43,
    0x01, 0x42, 0x46, 0x4a, 0x01, 0x29, 0x2c, 0x2f, 0x01, 0x0d, 0x0f, 0x11, 0x01, 0x0f, 0x11, 0x13,
    0x01, 0x35, 0x38, 0x3c, 0x01, 0x1b, 0x1d, 0x20, 0x01, 0x09, 0x0b, 0x0d, 0x01, 0x0b, 0x0d, 0x0f,
    0x01, 0x23, 0x26, 0x29, 0x01, 0x41, 0x45, 0x49, 0x01, 0x40, 0x44, 0x48, 0x01, 0x29, 0x2c, 0x2f,
    0x01, 0x35, 0x39, 0x3d, 0x01, 0x1d, 0x20, 0x23, 0x02, 0x09, 0x0b, 0x0d, 0x01, 0x26, 0x29, 0x2d,
    0x01, 0x6a, 0x6f, 0x76, 0x01, 0x22, 0x25, 0x28, 0x03, 0x09, 0x0b, 0x0d, 0x01, 0x0f, 0x12, 0x14,
    0x01, 0x2b, 0x2e, 0x31, 0x01, 0x41, 0x45, 0x4a, 0x01, 0x42, 0x46, 0x4b, 0x01, 0x34, 0x37, 0x3b,
    0x01, 0x16, 0x19, 0x1b, 0x01, 0x0f, 0x12, 0x14, 0x01, 0x36, 0x3a, 0x3e, 0x01, 0x19, 0x1c, 0x1e,
    0x4a, 0x09, 0x0b, 0x0d, 0x01, 0x16, 0x18, 0x1b, 0x01, 0x63, 0x68, 0x6e, 0x01, 0x29, 0x2c, 0x2f,
    0x0f, 0x09, 0x0b, 0x0d, 0x01, 0x0b, 0x0e, 0x10, 0x01, 0x1a, 0x1d, 0x1f, 0x01, 0x4d, 0x51, 0x56,
    0x01, 0x52, 0x56, 0x5c, 0x01, 0x0f, 0x11, 0x13, 0x56, 0x09, 0x0b, 0x0d, 0x01, 0x14, 0x17, 0x19,
    0x01, 0x58, 0x5c, 0x62, 0x01, 0x25, 0x28, 0x2b, 0x0f, 0x09, 0x0b, 0x0d, 0x01, 0x18, 0x1b, 0x1d,
    0x01, 0x5c, 0x60, 0x66, 0x01, 0x5e, 0x62, 0x68, 0x01, 0x24, 0x27, 0x2a, 0x01, 0x09, 0x0c, 0x0e,
    0x56, 0x09, 0x0b, 0x0d, 0x01, 0x0b, 0x0d, 0x0f, 0x01, 0x16, 0x18, 0x1b, 0x01, 0x0d, 0x10, 0x12,
    0x0f, 0x09, 0x0b, 0x0d, 0x01, 0x0c, 0x0e, 0x10, 0x01, 0x19, 0x1b, 0x1e, 0x01, 0x15, 0x17, 0x1a,
    0x01, 0x0a, 0x0d, 0x0f, 0x10, 0x09, 0x0b, 0x0d
};
static const rb_image rb_images[] = {
    {181u, 141u, 119u, 27u, 0u, 7336u},
    {192u, 206u, 96u, 13u, 7336u, 3220u},
    {186u, 206u, 108u, 13u, 10556u, 3540u},
    {175u, 206u, 131u, 13u, 14096u, 4100u},
    {198u, 206u, 85u, 13u, 18196u, 2876u},
    {177u, 206u, 126u, 13u, 21072u, 4180u},
    {193u, 206u, 95u, 13u, 25252u, 3168u},
    {195u, 206u, 90u, 10u, 28420u, 2796u},
    {186u, 226u, 109u, 13u, 31216u, 3464u}
};
#define rb_mark rb_images[0]
#define rb_labels rb_images
static const rb_phase rb_phases[] = {
    {"start", 0u, 1u},
    {"storage_discovery", 60u, 2u},
    {"rescue_update", 100u, 2u},
    {"storage_preflight", 140u, 2u},
    {"fsck_start", 180u, 2u},
    {"fsck_complete", 250u, 2u},
    {"root_data_mounted", 340u, 1u},
    {"switch_root", 400u, 1u},
    {"model_restored", 470u, 1u},
    {"graphics_ready", 600u, 3u},
    {"storage_ready", 660u, 3u},
    {"library_workers_ready", 730u, 4u},
    {"core_services_ready", 780u, 4u},
    {"audio_ready", 840u, 5u},
    {"radio_workers_ready", 900u, 6u},
    {"runtime_ready", 950u, 6u},
    {"ready", 1000u, 6u}
};
#define RB_PHASE_COUNT 17u
static const char *const rb_failure_tokens[] = {"rescue"};
#define RB_FAILURE_TOKEN_COUNT 1u
static const unsigned char rb_failure_labels[] = {7, 8};
#define RB_FAILURE_LABEL_COUNT 2u
#endif
